product_id,brand_name,product_name,product_url,review_page,review_no,reviewer,review_date,purchase_option,review_text,review_rating,evaluations,review_images
308886954,틸아이다이,[단 하루!] [헤이가가 Pick]Wool cashmere V neck knit set [TIFA05SW04]_Ivory,https://www.wconcept.co.kr/Product/308886954,1,1,ye******,2026.09.13,IVORY_FREE,예뻐요 빨리 추워져서 입고 나가고 싶어요 얼굴도 환하게 해주고 굿굿입니다,5.0,"{""사이즈"": ""적당함"", ""색상"": ""같음"", ""소재"": ""같음""}","[""https://media.wconcept.co.kr/review/308886954/308886954_1789294713569.jpg?RS=300""]"
308886954,틸아이다이,[단 하루!] [헤이가가 Pick]Wool cashmere V neck knit set [TIFA05SW04]_Ivory,https://www.wconcept.co.kr/Product/308886954,1,2,wc******,2026.09.13,IVORY_FREE,따둣해서 지금 입기좋아요 속에 옷은 신경써야될듯,5.0,"{""사이즈"": ""큼"", ""색상"": ""다름"", ""소재"": ""다름""}",[]
308886954,틸아이다이,[단 하루!] [헤이가가 Pick]Wool cashmere V neck knit set [TIFA05SW04]_Ivory,https://www.wconcept.co.kr/Product/308886954,1,3,he******,2026.09.12,IVORY_FREE,팔이 진짜 길긴 길어요ㅎㅎ 제 덩치에는 여리여리 한 느낌은 없지만 맨살에 괜찮고 잘 입고 다닐 것 같아요. 개인적으로 세일가로 구매해서 좋구요. 원가격이었다면 돈이 좀 아까울 것 같은 재질이긴 합니다…,4.0,"{""사이즈"": ""적당함"", ""색상"": ""같음"", ""소재"": ""비슷함""}","[""https://media.wconcept.co.kr/review/308886954/308886954_1789148882290.jpeg?RS=300"", ""https://media.wconcept.co.kr/review/308886954/308886954_1789148882203.jpeg?RS=300""]"
308886954,틸아이다이,[단 하루!] [헤이가가 Pick]Wool cashmere V neck knit set [TIFA05SW04]_Ivory,https://www.wconcept.co.kr/Product/308886954,1,4,wc******,2026.09.11,IVORY_FREE,아직 입고 나가진 않았지만 부드럽고 예뻐요~~,5.0,"{""사이즈"": ""적당함"", ""색상"": ""같음"", ""소재"": ""같음""}",[]
308886954,틸아이다이,[단 하루!] [헤이가가 Pick]Wool cashmere V neck knit set [TIFA05SW04]_Ivory,https://www.wconcept.co.kr/Product/308886954,1,5,ms******,2026.09.10,IVORY_FREE,촉감도 좋고 다 좋은데 기장이 많이 짧아요 특히 이너 나시는 진짜 너무 짧고 작아요 ㅠㅠ,5.0,"{""사이즈"": ""작음"", ""색상"": ""같음"", ""소재"": ""같음""}","[""https://media.wconcept.co.kr/review/308886954/308886954_1789030825604.jpg?RS=300""]"
308886954,틸아이다이,[단 하루!] [헤이가가 Pick]Wool cashmere V neck knit set [TIFA05SW04]_Ivory,https://www.wconcept.co.kr/Product/308886954,1,6,wl******,2026.09.10,IVORY_FREE,부드러운데 먼지는 많이 날리는 소재같아요 생각보다 파임이 있는데 마음에 들어요,5.0,"{""사이즈"": ""큼"", ""색상"": ""같음"", ""소재"": ""같음""}","[""https://media.wconcept.co.kr/review/308886954/308886954_1789027451981.jpg?RS=300""]"
308886954,틸아이다이,[단 하루!] [헤이가가 Pick]Wool cashmere V neck knit set [TIFA05SW04]_Ivory,https://www.wconcept.co.kr/Product/308886954,2,7,wc******,2026.09.10,IVORY_FREE,오래기다린보람이 있어요 얇고 예뻐요 갑자기 추워져서 지금 입기 좋아요,5.0,"{""사이즈"": ""적당함"", ""색상"": ""같음"", ""소재"": ""같음""}",[]
308886954,틸아이다이,[단 하루!] [헤이가가 Pick]Wool cashmere V neck knit set [TIFA05SW04]_Ivory,https://www.wconcept.co.kr/Product/308886954,2,8,79******,2026.09.05,IVORY_FREE,와. 소재가 이 가격이 맞나 싶을 정도로 좋아요. 캐시미어 혼방 울소재라 부들부들 까슬함 1도 없어요. 맨살에 입을 수 있을 정도. 민소매 이너까지 세트라 너무 좋은 가격이라 생각합니다. 근데 소매는 좀 긴 편이에요. 루즈하게 여리여리하게 입는 스탈.,5.0,"{""사이즈"": ""적당함"", ""색상"": ""같음"", ""소재"": ""같음""}","[""https://media.wconcept.co.kr/review/308886954/308886954_1788583660770.jpg?RS=300""]"
308886954,틸아이다이,[단 하루!] [헤이가가 Pick]Wool cashmere V neck knit set [TIFA05SW04]_Ivory,https://www.wconcept.co.kr/Product/308886954,2,9,jj******,2026.09.02,IVORY_FREE,소재가 부드럽고 좋아요 사이즈도 적당히 여유핏이라서 입으면 여리여리해보여요,5.0,"{""사이즈"": ""적당함"", ""색상"": ""같음"", ""소재"": ""같음""}","[""https://media.wconcept.co.kr/review/308886954/308886954_1788346345552.jpg?RS=300""]"
308886954,틸아이다이,[단 하루!] [헤이가가 Pick]Wool cashmere V neck knit set [TIFA05SW04]_Ivory,https://www.wconcept.co.kr/Product/308886954,2,10,wc******,2026.08.30,IVORY_FREE,"올가을 첫 니트로 정말 잘 골랐다는 생각이 들어요 🤍 -육아중이지만 패션과 편안함은 포기 못 하는 아기 엄마에요ㅋㅋ그중 요즘 제가 자주 찾게 되는 브랜드가 틸아이다이인데요. 여름에 구매한 베이지 탑과 도트무늬 그레이 스커트도 너무 잘 입고 있어용ㅎㅎ여기가 기본적인 컬러와 디자인을 바탕으로 하면서도 하나씩 포인트가 있어서 자연스럽게 예쁜 데일리 룩이 완성되더라고요!! 이번 신상 니트도 (추위를 너무나 잘 타기에 ) *울 93% + 캐시미어 7%*라는 소재 구성에 끌려 구매했는데, 받아보자마자 가장 먼저 느낀 건 정말 부드러운 소재감이었어요. 손으로 만졌을 때부터 보들보들한 느낌이 좋았고, 입었을 때는 포근하면서 따뜻해서 가을부터 겨울까지도 정말 잘 입을 것 같아요!! 무엇보다 라이브 방송을 통해 백화점보다 먼저 신상을 만나고, 할인에 할인 쿠폰까지 적용해서 9만원도 말도 안 되는 가격에 좋은 소재의 니트를 구매할 수 있어서 만족도가 더 높았어요!! 최고!!! 중요한 핏도 마음에 들구요~~여유 있는 루즈핏으로 자연스럽게 떨어져서 입었을 때 여리여리한 분위기가 나고, 깨끗한 화이트 컬러라 코디하기도 정말 편해요. 화이트 팬츠와 톤온톤으로 깔끔하게, 가을 스테디템인 예쁜 롱 새틴 스커트와 함께 여성스럽게 입어도 너무 잘 어울릴 것 같아요 🤍 그리고 개인적으로 가장 마음에 들었던 건 V넥 니트와 스퀘어넥 끈나시가 세트라는 건데요ㅎㅎ 같이 입으면 레이어드한 듯 완성도 있는 룩이 되고, 각각 다른 옷과 매치하면 또 다른 분위기를 낼 수 있어서 활용도도 높아 보여요. 최근 틸아이다이 옷을 하나둘씩 구매하면서 느끼는 건, 과하게 꾸미지 않아도 기본에 충실하면서 예쁜 옷을 만들어준다는 것. 그래서 데일리로 입기 좋으면서도 입었을 때 은근히 분위기가 살아나는 것 같아요. 이번 니트 역시 ‘예뻐서 샀는데 실물이 더 마음에 드는’ 옷이 될 것 같아요. 🤍 (사실 이번 라이브때 틸아이다이의 다른 예쁜 니트 제품들이 정말 많아서 같이 눈여겨봤던 옷들이 꽤 있었는데, 예산 때문에 다 데려오지 못한 게 아쉽네요🥹 또 할인 행사 많이 해주세요!!!)",5.0,"{""사이즈"": ""큼"", ""색상"": ""같음"", ""소재"": ""같음""}","[""https://media.wconcept.co.kr/review/308886954/thumbnail/10924035_308886954_1788020046079.jpg?RS=300"", ""https://media.wconcept.co.kr/review/308886954/308886954_1788020046016.jpg?RS=300"", ""https://media.wconcept.co.kr/review/308886954/308886954_1788020045968.jpg?RS=300"", ""https://media.wconcept.co.kr/review/308886954/308886954_1788020045865.jpg?RS=300""]"
308886954,틸아이다이,[단 하루!] [헤이가가 Pick]Wool cashmere V neck knit set [TIFA05SW04]_Ivory,https://www.wconcept.co.kr/Product/308886954,2,11,li******,2026.08.29,IVORY_FREE,이런 디자인 찾고 있었는데 여리여리하고 예뻐요,5.0,"{""사이즈"": ""적당함"", ""색상"": ""같음"", ""소재"": ""같음""}","[""https://media.wconcept.co.kr/review/308886954/308886954_1787984945426.jpeg?RS=300""]"
308886954,틸아이다이,[단 하루!] [헤이가가 Pick]Wool cashmere V neck knit set [TIFA05SW04]_Ivory,https://www.wconcept.co.kr/Product/308886954,2,12,wk******,2026.08.29,IVORY_FREE,아직 착용 전이지만 가을에 입으려고 미리 구매했어요,5.0,"{""사이즈"": ""적당함"", ""색상"": ""같음"", ""소재"": ""같음""}",[]
308886954,틸아이다이,[단 하루!] [헤이가가 Pick]Wool cashmere V neck knit set [TIFA05SW04]_Ivory,https://www.wconcept.co.kr/Product/308886954,3,13,zu******,2026.08.29,IVORY_FREE,안에 나시랑 해서 입으니까 여리한 느낌나서 좋아요 하의만 바꿔서 입으면 잘 활용할거 같아요,5.0,"{""사이즈"": ""적당함"", ""색상"": ""같음"", ""소재"": ""같음""}","[""https://media.wconcept.co.kr/review/308886954/308886954_1787976701012.jpeg?RS=300""]"
308886954,틸아이다이,[단 하루!] [헤이가가 Pick]Wool cashmere V neck knit set [TIFA05SW04]_Ivory,https://www.wconcept.co.kr/Product/308886954,3,14,so******,2026.08.28,IVORY_FREE,음 틸아이다이는 저한테는 옷이 짧고 항상작아요! 뭔가 피팅모델 기준키가 163-165에서 맞춰져있는 느낌 ㅎ 딱 할인가에 사기는 적당한데 정가 다주고 사기는 좀 아까울것 같아요! 색감이나 디자이는 무난하니 입기 좋을 것 같습니다,5.0,"{""사이즈"": ""작음"", ""색상"": ""비슷함"", ""소재"": ""비슷함""}","[""https://media.wconcept.co.kr/review/308886954/308886954_1787922776218.jpeg?RS=300""]"
308886954,틸아이다이,[단 하루!] [헤이가가 Pick]Wool cashmere V neck knit set [TIFA05SW04]_Ivory,https://www.wconcept.co.kr/Product/308886954,3,15,wc******,2026.08.28,IVORY_FREE,"재질도 좋고 어디에 입어도 잘 어울려요. 청바지,스커트 모두 굳~~ 날씬해보이고 고급스러보여요",5.0,"{""사이즈"": ""적당함"", ""색상"": ""같음"", ""소재"": ""같음""}",[]
308886954,틸아이다이,[단 하루!] [헤이가가 Pick]Wool cashmere V neck knit set [TIFA05SW04]_Ivory,https://www.wconcept.co.kr/Product/308886954,3,16,ha******,2026.08.28,IVORY_FREE,포근하고 부드러운 딥 브이넥 니트~ 이너 나시와 세트로 구성이라 더ㅈ고급진 느낌~ 그런데 나시의 끈 부위가 4군데 다 마감이 불안하네요~ 보풀이 나지 않기를 기대해봅니다.,5.0,"{""사이즈"": ""적당함"", ""색상"": ""같음"", ""소재"": ""같음""}","[""https://media.wconcept.co.kr/review/308886954/308886954_1787890997403.jpg?RS=300"", ""https://media.wconcept.co.kr/review/308886954/308886954_1787890997315.jpg?RS=300""]"
308886954,틸아이다이,[단 하루!] [헤이가가 Pick]Wool cashmere V neck knit set [TIFA05SW04]_Ivory,https://www.wconcept.co.kr/Product/308886954,3,17,wc******,2026.08.28,IVORY_FREE,배송도 빠르고 핏도너무 예뻐요! 추천합니당!!!,5.0,"{""사이즈"": ""적당함"", ""색상"": ""같음"", ""소재"": ""같음""}",[]
308886954,틸아이다이,[단 하루!] [헤이가가 Pick]Wool cashmere V neck knit set [TIFA05SW04]_Ivory,https://www.wconcept.co.kr/Product/308886954,3,18,in******,2026.08.28,IVORY_FREE,일단 색상너무 화사하게 이쁘구요. 소재도 부드러워요. 가을에 입으려구요. 박시하게 입으려구요. 할인할때 잘샀어요.,5.0,"{""사이즈"": ""적당함"", ""색상"": ""같음"", ""소재"": ""같음""}","[""https://media.wconcept.co.kr/review/308886954/308886954_1787843382698.jpg?RS=300""]"
308943720,드로우핏 우먼,[9/13 단 하루!] [W컨셉 단독][드로우핏우먼 X 주미니] 울 코튼 원턱 벨티드 슬랙스 [3COLORS],https://www.wconcept.co.kr/Product/308943720,1,1,wc******,2026.09.13,CHARCOAL XS_short P1,xs사이즈 정말 짱이에요!!!! 허리 사이즈 너무 딱 잘 맞아요!! 핀턱이 조금 더 넓게 들어갔으면 좋았을거 같긴 하지만 그래도 너무 만족합니다!! 벨트도 너무 이뻐요,5.0,"{""사이즈"": ""적당함"", ""색상"": ""같음"", ""소재"": ""같음""}","[""https://media.wconcept.co.kr/review/308943720/308943720_1789286477516.jpeg?RS=300""]"
308943720,드로우핏 우먼,[9/13 단 하루!] [W컨셉 단독][드로우핏우먼 X 주미니] 울 코튼 원턱 벨티드 슬랙스 [3COLORS],https://www.wconcept.co.kr/Product/308943720,1,2,tk******,2026.09.12,CHARCOAL S_short P2,간절기용 가을에 입기 딱 좋아요 구김도 잘 안나고 소재가 좋은거같네요~ 키작녀한테도 딱핏~차콜그레이색감이 고급스러워서 다양한 옷들이랑 매치도 찰떡,5.0,"{""사이즈"": ""적당함"", ""색상"": ""같음"", ""소재"": ""같음""}","[""https://media.wconcept.co.kr/review/308943720/308943720_1789222091494.jpg?RS=300""]"
308943720,드로우핏 우먼,[9/13 단 하루!] [W컨셉 단독][드로우핏우먼 X 주미니] 울 코튼 원턱 벨티드 슬랙스 [3COLORS],https://www.wconcept.co.kr/Product/308943720,1,3,wc******,2026.09.12,BLACK S_short P2,155cm인데 발등 딱 덮어요. 질도 좋고 핏도 예쁩니다.,5.0,"{""사이즈"": ""적당함"", ""색상"": ""같음"", ""소재"": ""같음""}",[]
308943720,드로우핏 우먼,[9/13 단 하루!] [W컨셉 단독][드로우핏우먼 X 주미니] 울 코튼 원턱 벨티드 슬랙스 [3COLORS],https://www.wconcept.co.kr/Product/308943720,1,4,ww******,2026.09.12,CHARCOAL S_short P2,153에 44-45인데 작을까봐 s시켰는데 좀 큽니다! 그래도 청바지보단 덜커서 그냥 품어요~ 다른색은 xs로 살 예정이고 다음엔 좀 더 품만 작게 만들어주시면 키작녀에게 더 좋을듯합니다 재질은 만족이에요!,5.0,"{""사이즈"": ""적당함"", ""색상"": ""같음"", ""소재"": ""같음""}","[""https://media.wconcept.co.kr/review/308943720/308943720_1789190805764.jpg?RS=300""]"
308943720,드로우핏 우먼,[9/13 단 하루!] [W컨셉 단독][드로우핏우먼 X 주미니] 울 코튼 원턱 벨티드 슬랙스 [3COLORS],https://www.wconcept.co.kr/Product/308943720,1,5,wc******,2026.09.11,CHARCOAL M_short P3,길이가 짧을까봐 걱정했는데 입으면 바닥에 딱 닿을락말랑 안닿는 길이에요!! 허리 엉덩이도 저에게 딱 맞아서 편하고 예쁘게 입을 수 있을 것 같습니다! 아쉬운 점은 원턱 주름이 오른쪽 왼쪽 비대칭으로 왔습니다. 한끗 차이지만 고급스러운 느낌은 안느껴졌습니다.. 그래도 너무 맘에 들어서 잘 다려입어보려합니다,5.0,"{""사이즈"": ""적당함"", ""색상"": ""같음"", ""소재"": ""같음""}",[]
308943720,드로우핏 우먼,[9/13 단 하루!] [W컨셉 단독][드로우핏우먼 X 주미니] 울 코튼 원턱 벨티드 슬랙스 [3COLORS],https://www.wconcept.co.kr/Product/308943720,1,6,js******,2026.09.11,BLACK XS_short P1,이번 키작은녀를 위해 많은 정성을 들여. 만들어주셔서. 너무 행복한데 옷 보내 주실때 검수 제대로 해주셔서 보내주시면 감사할듯 해요 어두운곳에서 입어보고 사이즈가 맞아 택을 떼고 보니 가랑이 부분에 밖으로 실이 나와 있었어요 택을 떼어. 교환도 안될것 같고. 많이 난감 해요,5.0,"{""사이즈"": ""작음"", ""색상"": ""같음"", ""소재"": ""같음""}","[""https://media.wconcept.co.kr/review/308943720/308943720_1789109222962.jpg?RS=300""]"
308943720,드로우핏 우먼,[9/13 단 하루!] [W컨셉 단독][드로우핏우먼 X 주미니] 울 코튼 원턱 벨티드 슬랙스 [3COLORS],https://www.wconcept.co.kr/Product/308943720,2,7,im******,2026.09.11,CHARCOAL XS_short P1,"주미니님 쇼핑몰에서도 가끔 구매하고 이번에도 슬랙스랑 청바지 구매했는데, 항상 허리사이즈나 품이 생각보다 크거나 불편해서 점점 안입게 되었는데 이번건 그래도 비교적 적당히 나왔고 브랜드라 질이 좋아요😊 그래도 키작녀에게 좀더 바지통이나 허리가 잘 맞는 바지면 좋을 것 같긴해요 저는 157정도 인데 주미니 님이 더 작고 아담하다고 들었는데 옷은 또 허리랑 품이 커서 매번 주미니 님이 입으면 핏이 어떻게 그렇게 잘 나오는지 신기해용.. (특히 스커트들..) 청바지는 두꺼운재질이라 가을 겨울에만 입어야할 것 같고 슬랙스는 엄청 얇아서 여름 가을에만 입을 수 있을것같아용 청바지는 전반적으로 통이 넓고(특히 종아리) 밑위는 생각보다는 낮지만 핏은 괜찮아요. 색상이 좀 더 어디에나 잘어울리는 아예 좀더 밝거나(하얀끼 도는) 아님 아예 생지처럼 어두운 색상이였으면 좋았을 것 같아요 그래도 핏자체가 너무 안예쁘지는 않고 이만큼 잘 맞는 바지가 없어서 검은색도 구매하고싶어요 슬랙스는 비교적 청바지보단 좀더 짧고 작게 나온듯 해요! 원턱이라 종아리쪽이 좀 좁아드는 것 같아서 걱정이지만 무난한 스타일 입니당 담엔 꼭 지금보다 더 작게 만들어주세요🥹 키작녀의 바램입니다 ⋯",5.0,"{""사이즈"": ""적당함"", ""색상"": ""같음"", ""소재"": ""같음""}","[""https://media.wconcept.co.kr/review/308943720/308943720_1789105739593.jpeg?RS=300"", ""https://media.wconcept.co.kr/review/308943720/308943720_1789105739468.jpeg?RS=300""]"
308943720,드로우핏 우먼,[9/13 단 하루!] [W컨셉 단독][드로우핏우먼 X 주미니] 울 코튼 원턱 벨티드 슬랙스 [3COLORS],https://www.wconcept.co.kr/Product/308943720,2,8,je******,2026.09.11,CHARCOAL XS_short P1,소재가 부드럽고 사이즈가 키작녀한테 맞아서 잘 입을 것 같아요~,5.0,"{""사이즈"": ""적당함"", ""색상"": ""같음"", ""소재"": ""비슷함""}",[]
308943720,드로우핏 우먼,[9/13 단 하루!] [W컨셉 단독][드로우핏우먼 X 주미니] 울 코튼 원턱 벨티드 슬랙스 [3COLORS],https://www.wconcept.co.kr/Product/308943720,2,9,wc******,2026.09.11,CHARCOAL XS_short P1,아니 주미니님 옷핀으로 집고 입은건가요...? 항상 유튜브 보고 믿고 구매하는데 하나같이 허리랑 품이 너무 커요 ㅜㅜㅠㅜ 스펙도 153-38으로 저랑 얼추 비슷한데 어떻게 이 큰옷을 입는건지 궁금해요...,5.0,"{""사이즈"": ""큼"", ""색상"": ""비슷함"", ""소재"": ""비슷함""}","[""https://media.wconcept.co.kr/review/308943720/308943720_1789052680094.jpeg?RS=300""]"
308943720,드로우핏 우먼,[9/13 단 하루!] [W컨셉 단독][드로우핏우먼 X 주미니] 울 코튼 원턱 벨티드 슬랙스 [3COLORS],https://www.wconcept.co.kr/Product/308943720,2,10,jh******,2026.09.10,BLACK XS_short P1,이뻐요~~ 핏도 좋고 찰랑찰랑 편하네요. 다른색상도 사고싶어요~,5.0,"{""사이즈"": ""적당함"", ""색상"": ""같음"", ""소재"": ""같음""}","[""https://media.wconcept.co.kr/review/308943720/308943720_1789049047937.jpeg?RS=300""]"
308943720,드로우핏 우먼,[9/13 단 하루!] [W컨셉 단독][드로우핏우먼 X 주미니] 울 코튼 원턱 벨티드 슬랙스 [3COLORS],https://www.wconcept.co.kr/Product/308943720,2,11,vi******,2026.09.10,CHARCOAL XS_short P1,기대 많이 했는데 생각보다는 별로입니다. 벨트부분 좌우 간격이 안 맞아요. 구김이 너무 많은 상태로 와서 한쪽으로 밀려서 더 그런것같기도 하지만 대칭이 안 맞아요. 재질은 괜찮아요. 전반적으로 보통 이상이라 킵하지만 조금 실망스럽네요.,5.0,"{""사이즈"": ""적당함"", ""색상"": ""같음"", ""소재"": ""같음""}","[""https://media.wconcept.co.kr/review/308943720/308943720_1789040364872.jpeg?RS=300"", ""https://media.wconcept.co.kr/review/308943720/308943720_1789040364804.jpeg?RS=300"", ""https://media.wconcept.co.kr/review/308943720/308943720_1789040364682.jpeg?RS=300""]"
308943720,드로우핏 우먼,[9/13 단 하루!] [W컨셉 단독][드로우핏우먼 X 주미니] 울 코튼 원턱 벨티드 슬랙스 [3COLORS],https://www.wconcept.co.kr/Product/308943720,2,12,ql******,2026.09.10,MOCHA BEIGE XS_short P1,허리 25입습니다 벨트 적당히 조이니까 딱 허리도 맞고 길이도 적당해요 핏도 ㄱㅊㄱㅊ 주미니님 드로우핏우먼 관계자님 감사합니다,5.0,"{""사이즈"": ""적당함"", ""색상"": ""같음"", ""소재"": ""같음""}","[""https://media.wconcept.co.kr/review/308943720/308943720_1789039603465.jpeg?RS=300""]"
308943720,드로우핏 우먼,[9/13 단 하루!] [W컨셉 단독][드로우핏우먼 X 주미니] 울 코튼 원턱 벨티드 슬랙스 [3COLORS],https://www.wconcept.co.kr/Product/308943720,3,13,my******,2026.09.10,CHARCOAL M,158센치키라 어떤 사이즈를 사야 하는지 고민했는데 레귤러 사이즈 살짝 길이감 좀 있게 잘 맞습니다.,5.0,"{""사이즈"": ""적당함"", ""색상"": ""같음"", ""소재"": ""같음""}","[""https://media.wconcept.co.kr/review/308943720/308943720_1789000411260.jpg?RS=300""]"
308943720,드로우핏 우먼,[9/13 단 하루!] [W컨셉 단독][드로우핏우먼 X 주미니] 울 코튼 원턱 벨티드 슬랙스 [3COLORS],https://www.wconcept.co.kr/Product/308943720,3,14,96******,2026.09.09,BLACK XS_short P1,하의는 xs 사이즈가 없으면 구매 잘 안하는 편이고 드로우핏은 기장이 길어서 사려다가도 항상 포기했었는데요.. 기장 허리 모두 만족합니다!!! 제 체구와 비슷한 분들은 아주 만족하실 거 같아요,5.0,"{""사이즈"": ""적당함"", ""색상"": ""같음"", ""소재"": ""같음""}","[""https://media.wconcept.co.kr/review/308943720/308943720_1788951637746.jpeg?RS=300"", ""https://media.wconcept.co.kr/review/308943720/308943720_1788951637648.jpeg?RS=300""]"
308837675,마인드브릿지 우먼,"[주미니pick] 에센셜 브이넥 니트_6colors / 블랙,브라운,그레이,네이비,올리브,레드",https://www.wconcept.co.kr/Product/308837675,1,1,ks******,2026.09.13,블랙_066,부들부들하고 가벼워요. 안에 오버핏 셔츠 레이어드해서 입으려고 사이즈업해서 66 구입했어요. 세탁은 안해봐서 세탁 후에도 형태가 잘 유지 됐음 좋겠네요. 보풀은..니트라서 안날 것 같진 않아요..,5.0,"{""사이즈"": ""큼"", ""색상"": ""같음"", ""소재"": ""같음""}","[""https://media.wconcept.co.kr/review/308837675/308837675_1789299033576.jpg?RS=300""]"
308837675,마인드브릿지 우먼,"[주미니pick] 에센셜 브이넥 니트_6colors / 블랙,브라운,그레이,네이비,올리브,레드",https://www.wconcept.co.kr/Product/308837675,1,2,ch******,2026.09.13,레드_055,올리브구매후 너무 좋아서 하나더 구매했는데 가격이 더 저렴해져서 맘이 아프네요 ㅜㅜ,5.0,"{""사이즈"": ""적당함"", ""색상"": ""같음"", ""소재"": ""같음""}","[""https://media.wconcept.co.kr/review/308837675/308837675_1789286158787.jpeg?RS=300""]"
308837675,마인드브릿지 우먼,"[주미니pick] 에센셜 브이넥 니트_6colors / 블랙,브라운,그레이,네이비,올리브,레드",https://www.wconcept.co.kr/Product/308837675,1,3,pi******,2026.09.13,블랙_055,얇고 부드러운 소재에요 예약배송이라더니 담날 바로 배송왓어요 ㅎㅎ 가격저렴하고 좋아요,5.0,"{""사이즈"": ""적당함"", ""색상"": ""같음"", ""소재"": ""같음""}","[""https://media.wconcept.co.kr/review/308837675/308837675_1789283692169.jpg?RS=300""]"
308837675,마인드브릿지 우먼,"[주미니pick] 에센셜 브이넥 니트_6colors / 블랙,브라운,그레이,네이비,올리브,레드",https://www.wconcept.co.kr/Product/308837675,1,4,98******,2026.09.13,그레이_66L,한치수 업해서 샀는데 정사이즈 시킬걸 그랬네요. 부드럽고 좋아요,5.0,"{""사이즈"": ""적당함"", ""색상"": ""같음"", ""소재"": ""비슷함""}","[""https://media.wconcept.co.kr/review/308837675/308837675_1789281160420.jpg?RS=300""]"
308837675,마인드브릿지 우먼,"[주미니pick] 에센셜 브이넥 니트_6colors / 블랙,브라운,그레이,네이비,올리브,레드",https://www.wconcept.co.kr/Product/308837675,1,5,gh******,2026.09.13,블랙_66L,부드럽고 여기저기 막 입을 수 있는 기본 블랙 니트입니다. 편하게 자주 입을 것 같아요.,5.0,"{""사이즈"": ""적당함"", ""색상"": ""같음"", ""소재"": ""같음""}","[""https://media.wconcept.co.kr/review/308837675/308837675_1789277984832.jpeg?RS=300""]"
308837675,마인드브릿지 우먼,"[주미니pick] 에센셜 브이넥 니트_6colors / 블랙,브라운,그레이,네이비,올리브,레드",https://www.wconcept.co.kr/Product/308837675,1,6,gh******,2026.09.13,브라운_66L,후기처럼 소재가 아주 부들부들해서 맨살이 닿아도 까칠거리지 않아 좋을 것 같아요. 편하게 입으려고 사이즈업을 했더니 넉넉합니다.,5.0,"{""사이즈"": ""적당함"", ""색상"": ""같음"", ""소재"": ""같음""}","[""https://media.wconcept.co.kr/review/308837675/308837675_1789277882262.jpeg?RS=300""]"
308837675,마인드브릿지 우먼,"[주미니pick] 에센셜 브이넥 니트_6colors / 블랙,브라운,그레이,네이비,올리브,레드",https://www.wconcept.co.kr/Product/308837675,2,7,10******,2026.09.13,올리브_055,전 기본사이즈로 샀구요 감촉 좋아요 근데 이 브랜드는 출시하고 사자마자 가격이 확 떨어지네요 후기 쓰러 들어왔다가 가격 싸진거 보고 기분나빠서 이제 구매안하렵니다.,2.0,"{""사이즈"": ""적당함"", ""색상"": ""비슷함"", ""소재"": ""비슷함""}","[""https://media.wconcept.co.kr/review/308837675/308837675_1789270233873.jpg?RS=300""]"
308837675,마인드브릿지 우먼,"[주미니pick] 에센셜 브이넥 니트_6colors / 블랙,브라운,그레이,네이비,올리브,레드",https://www.wconcept.co.kr/Product/308837675,2,8,ch******,2026.09.13,브라운_055,넉넉해서 편안하게 맞아요 안에 레이어드 해서 입기 좋은 사이즈입니다,5.0,"{""사이즈"": ""적당함"", ""색상"": ""비슷함"", ""소재"": ""비슷함""}","[""https://media.wconcept.co.kr/review/308837675/308837675_1789264439631.jpg?RS=300""]"
308837675,마인드브릿지 우먼,"[주미니pick] 에센셜 브이넥 니트_6colors / 블랙,브라운,그레이,네이비,올리브,레드",https://www.wconcept.co.kr/Product/308837675,2,9,ch******,2026.09.13,네이비_055,남색인데 좀 어두워서 실제로 보면 검정색가깝게 보여요~~! 넉넉한 핏이고 부드러워서 기본템으로 무난합니다,5.0,"{""사이즈"": ""적당함"", ""색상"": ""비슷함"", ""소재"": ""비슷함""}","[""https://media.wconcept.co.kr/review/308837675/308837675_1789264397494.jpg?RS=300""]"
308837675,마인드브릿지 우먼,"[주미니pick] 에센셜 브이넥 니트_6colors / 블랙,브라운,그레이,네이비,올리브,레드",https://www.wconcept.co.kr/Product/308837675,2,10,ja******,2026.09.12,브라운_055,마음에 들어서 더 주문하려구요. 기본템 너무 잘 만들어 주시는 것 같이요. 만족합니다.,5.0,"{""사이즈"": ""적당함"", ""색상"": ""비슷함"", ""소재"": ""비슷함""}",[]
308837675,마인드브릿지 우먼,"[주미니pick] 에센셜 브이넥 니트_6colors / 블랙,브라운,그레이,네이비,올리브,레드",https://www.wconcept.co.kr/Product/308837675,2,11,lo******,2026.09.12,올리브_066,55사이즈 품절되서 66했는데 커요 ㅠㅠ 정사이즈가 맞을거 같아요 안에 티입고 입으면 될거 같아서 잘 입으려구요 소재도 부들부들 좋아요 아주 잘 입을거 같아요,5.0,"{""사이즈"": ""큼"", ""색상"": ""같음"", ""소재"": ""같음""}","[""https://media.wconcept.co.kr/review/308837675/308837675_1789178873483.jpeg?RS=300""]"
308837675,마인드브릿지 우먼,"[주미니pick] 에센셜 브이넥 니트_6colors / 블랙,브라운,그레이,네이비,올리브,레드",https://www.wconcept.co.kr/Product/308837675,2,12,lo******,2026.09.12,네이비_055,올리브색 구매 후 맘에 들어 하나더 주문했어요 더 할인해서 맘아프네요 ㅠㅠ 부들부들하고 좋아요 휘뚜루마뚜루 잘입을거같아요,5.0,"{""사이즈"": ""적당함"", ""색상"": ""같음"", ""소재"": ""같음""}","[""https://media.wconcept.co.kr/review/308837675/308837675_1789178720656.jpeg?RS=300""]"
308837675,마인드브릿지 우먼,"[주미니pick] 에센셜 브이넥 니트_6colors / 블랙,브라운,그레이,네이비,올리브,레드",https://www.wconcept.co.kr/Product/308837675,3,13,ba******,2026.09.11,브라운_055,엄청빠릅니다 재질동 부드럽고 좋아요 지금 입기 딱좋아요 두껍지 않아서 입기 좋고 색도 화먼과 같아요 너무 좋아요 올리브 색도 빨리 왔으면 좋겠어요,5.0,"{""사이즈"": ""큼"", ""색상"": ""비슷함"", ""소재"": ""비슷함""}","[""https://media.wconcept.co.kr/review/308837675/308837675_1789086315243.jpg?RS=300""]"
308837675,마인드브릿지 우먼,"[주미니pick] 에센셜 브이넥 니트_6colors / 블랙,브라운,그레이,네이비,올리브,레드",https://www.wconcept.co.kr/Product/308837675,3,14,jh******,2026.09.10,블랙_055,편안한 핏이에요. 실제로 더 이쁘고 보들보들해요! 데일리로 잘입을것같아요,5.0,"{""사이즈"": ""적당함"", ""색상"": ""같음"", ""소재"": ""같음""}","[""https://media.wconcept.co.kr/review/308837675/308837675_1789049182301.jpeg?RS=300""]"
308837675,마인드브릿지 우먼,"[주미니pick] 에센셜 브이넥 니트_6colors / 블랙,브라운,그레이,네이비,올리브,레드",https://www.wconcept.co.kr/Product/308837675,3,15,ha******,2026.09.10,네이비_055,기본 네이비 브이넥 니트가 필요해서 장만했습니당 완전 딱 기본인데 핏이 예뻐요ㅎㅎ 근데 키크신 분들은 에스 사이즈 소매 짧을듯합니다,5.0,"{""사이즈"": ""적당함"", ""색상"": ""비슷함"", ""소재"": ""비슷함""}","[""https://media.wconcept.co.kr/review/308837675/308837675_1789045422933.jpg?RS=300""]"
308837675,마인드브릿지 우먼,"[주미니pick] 에센셜 브이넥 니트_6colors / 블랙,브라운,그레이,네이비,올리브,레드",https://www.wconcept.co.kr/Product/308837675,3,16,sw******,2026.09.10,네이비_066,몸에 딱 맞는핏이에요 소재가 부들부들 하고 꺼끌거림 없어요 두께가 너무 두껍지 않아서 요즘 입기에 아주적당하고 레이어드해서 입기에 좋네요 네이비사고 블랙도사려고요,5.0,"{""사이즈"": ""작음"", ""색상"": ""같음"", ""소재"": ""같음""}","[""https://media.wconcept.co.kr/review/308837675/308837675_1789038649941.jpg?RS=300""]"
308837675,마인드브릿지 우먼,"[주미니pick] 에센셜 브이넥 니트_6colors / 블랙,브라운,그레이,네이비,올리브,레드",https://www.wconcept.co.kr/Product/308837675,3,17,sl******,2026.09.10,네이비_055,정핏에 부들한 촉감이라 진짜 막 입기 좋을 것 같아요,5.0,"{""사이즈"": ""적당함"", ""색상"": ""같음"", ""소재"": ""같음""}","[""https://media.wconcept.co.kr/review/308837675/308837675_1789033494356.jpeg?RS=300""]"
308837675,마인드브릿지 우먼,"[주미니pick] 에센셜 브이넥 니트_6colors / 블랙,브라운,그레이,네이비,올리브,레드",https://www.wconcept.co.kr/Product/308837675,3,18,sh******,2026.09.10,블랙_66L,쌀쌀해진 날씨에 딱이에요 부들부들하고 이가격에 넘 좋아요 정핏이라 무조건 한사이즈 업하세요!!,5.0,"{""사이즈"": ""적당함"", ""색상"": ""비슷함"", ""소재"": ""비슷함""}","[""https://media.wconcept.co.kr/review/308903849/308903849_1789018442379.jpeg?RS=300"", ""https://media.wconcept.co.kr/review/308903849/308903849_1789018442254.jpeg?RS=300""]"
306035261,아비스파,[30%쿠폰] [단독]Davie 데이비 메리제인 스퀘어토 플랫슈즈(2way)_F359_3colors_1cm_2cm_3cm_4.5cm,https://www.wconcept.co.kr/Product/306035261,1,1,db******,2024.09.07,"black, 240",(구매동기) 아비스파 피셔맨샌들구매후 마음에들어 육아하면서 가을에 편하게 신을 플랫슈즈를 주문하게되었어요! 리뷰가많이 없어 고민했지만 괜히 고민한것같아요 저는 무난하게 블랙으로 주문하였답니다 (착용감) 배송은 주문하고 하루정도 걸렸어요! 일단 박스열자마자 냄새가 나는 신발도있는데 아비스파는 냄새가 안나서 좋았어요 신발도 부드럽고 신었을때 중간스트랩에 작은 고무가연결되어있어 버클열지않아도 그냥 바로 발넣을수있었어요 신발 자체가 폭신하고 부드러워서 오래신어도 발아프지않고 잘신을수있을것같아요 (사이즈) 평소 운동화는 235신는데 구두는 240신어서 240주문했어요 앞부분이 약간남는데 235했으면 오히려 너무딱맞았을듯해요 (활용성) 여름철 스커트에도 잘어울리고 조금 쌀쌀해지면 가을에 슬랙스나 정장에도 잘신어질것같아요,5.0,"{""사이즈"": ""적당함"", ""색상"": ""같음"", ""발볼"": ""적당함""}","[""https://media.wconcept.co.kr/review/306035261/306035261_1725719545568.jpg?RS=300"", ""https://media.wconcept.co.kr/review/306035261/306035261_1725719545432.jpg?RS=300"", ""https://media.wconcept.co.kr/review/306035261/306035261_1725719545273.jpg?RS=300""]"
306035261,아비스파,[30%쿠폰] [단독]Davie 데이비 메리제인 스퀘어토 플랫슈즈(2way)_F359_3colors_1cm_2cm_3cm_4.5cm,https://www.wconcept.co.kr/Product/306035261,1,2,tl******,2026.09.13,"240, black_3cm",예뻐요 정사이즈로 하길 잘한것 같아요 투웨이로 신을수있어서 더 좋어요,5.0,"{""사이즈"": ""적당함"", ""색상"": ""같음"", ""발볼"": ""적당함""}","[""https://media.wconcept.co.kr/review/306035261/306035261_1789299296761.jpeg?RS=300""]"
306035261,아비스파,[30%쿠폰] [단독]Davie 데이비 메리제인 스퀘어토 플랫슈즈(2way)_F359_3colors_1cm_2cm_3cm_4.5cm,https://www.wconcept.co.kr/Product/306035261,1,3,th******,2026.09.13,"240, brown_2cm",2cm 3cm고민하다 2cm로했는데 딱 좋아요…발가락이튀어나온단얘기들엇는데 무슨 느낌인진알겠는데 심하게 튀어나오진 않아요^^;;;…전 스타킹이랑 신으려구 정사이즈샀고.. 양말엔 반사이즈업이 맞을것같네요,5.0,"{""사이즈"": ""적당함"", ""색상"": ""같음"", ""발볼"": ""적당함""}","[""https://media.wconcept.co.kr/review/306035261/306035261_1789265264542.jpeg?RS=300""]"
306035261,아비스파,[30%쿠폰] [단독]Davie 데이비 메리제인 스퀘어토 플랫슈즈(2way)_F359_3colors_1cm_2cm_3cm_4.5cm,https://www.wconcept.co.kr/Product/306035261,1,4,na******,2026.09.13,"245, black_3cm",평소 구두는 245를 신는데 240이 잘 맞았어용! 가죽이 부드럽고 너무 좋아요,5.0,"{""사이즈"": ""큼"", ""색상"": ""같음"", ""발볼"": ""넓음""}","[""https://media.wconcept.co.kr/review/306035261/306035261_1789253880906.jpeg?RS=300""]"
306035261,아비스파,[30%쿠폰] [단독]Davie 데이비 메리제인 스퀘어토 플랫슈즈(2way)_F359_3colors_1cm_2cm_3cm_4.5cm,https://www.wconcept.co.kr/Product/306035261,1,5,wc******,2026.09.12,"230, brown_4.5cm",휘뚜루마뚜루 어느 룩에도 잘 어울리고 이쁩니다.,5.0,"{""사이즈"": ""적당함"", ""색상"": ""같음"", ""발볼"": ""적당함""}","[""https://media.wconcept.co.kr/review/306035261/306035261_1789217182854.jpg?RS=300""]"
306035261,아비스파,[30%쿠폰] [단독]Davie 데이비 메리제인 스퀘어토 플랫슈즈(2way)_F359_3colors_1cm_2cm_3cm_4.5cm,https://www.wconcept.co.kr/Product/306035261,1,6,da******,2026.09.12,"240, black_4.5cm","굽도 고를수있고, 편하고, 멋지고 그동안 찾던 신발입니다 쟁여 놓을까 고민 중입니다 오래오래 스테디셀러로 팔면 좋겠습니다",5.0,"{""사이즈"": ""적당함"", ""색상"": ""같음"", ""발볼"": ""적당함""}",[]
306035261,아비스파,[30%쿠폰] [단독]Davie 데이비 메리제인 스퀘어토 플랫슈즈(2way)_F359_3colors_1cm_2cm_3cm_4.5cm,https://www.wconcept.co.kr/Product/306035261,2,7,su******,2026.09.12,"240, black_3cm",우선 신발이 가벼워서 좋아요 디자인도 내가 딱 원하는거라 치마에나 바지에나 휘뚜루 맛뚜루 잘신을거 같아요 가격도 너무착해서 좋아요,5.0,"{""사이즈"": ""큼"", ""색상"": ""같음"", ""발볼"": ""적당함""}",[]
306035261,아비스파,[30%쿠폰] [단독]Davie 데이비 메리제인 스퀘어토 플랫슈즈(2way)_F359_3colors_1cm_2cm_3cm_4.5cm,https://www.wconcept.co.kr/Product/306035261,2,8,al******,2026.09.12,"245, black_2cm",치마나 바지에 운동화 대신 신기 적당해요 양말에 신어야 더이쁨,5.0,"{""사이즈"": ""적당함"", ""색상"": ""같음"", ""발볼"": ""적당함""}","[""https://media.wconcept.co.kr/review/306035261/306035261_1789203456280.jpeg?RS=300""]"
306035261,아비스파,[30%쿠폰] [단독]Davie 데이비 메리제인 스퀘어토 플랫슈즈(2way)_F359_3colors_1cm_2cm_3cm_4.5cm,https://www.wconcept.co.kr/Product/306035261,2,9,lr******,2026.09.12,"240, black_2cm",240샀다가 커서 235로 바꿨어요 두꺼운 양말 아니고서야 잘 맞을거같아요,5.0,"{""사이즈"": ""적당함"", ""색상"": ""같음"", ""발볼"": ""적당함""}","[""https://media.wconcept.co.kr/review/306035261/306035261_1789189527511.jpeg?RS=300""]"
306035261,아비스파,[30%쿠폰] [단독]Davie 데이비 메리제인 스퀘어토 플랫슈즈(2way)_F359_3colors_1cm_2cm_3cm_4.5cm,https://www.wconcept.co.kr/Product/306035261,2,10,yu******,2026.09.12,"245, black_2cm",가격도 많이 안 비싸고 무난하고 단정하고 예쁩니다.,5.0,"{""사이즈"": ""적당함"", ""색상"": ""같음"", ""발볼"": ""적당함""}","[""https://media.wconcept.co.kr/review/306035261/306035261_1789173283984.jpg?RS=300""]"
306035261,아비스파,[30%쿠폰] [단독]Davie 데이비 메리제인 스퀘어토 플랫슈즈(2way)_F359_3colors_1cm_2cm_3cm_4.5cm,https://www.wconcept.co.kr/Product/306035261,2,11,te******,2026.09.12,"230, black_1cm",부드러운 가죽느낌이고 정사이즈네요 ㅎㅎ 편합니다 ㅎㅎ 부디 가죽에 스크래치가 덜 나길 ㅎㅎ,5.0,"{""사이즈"": ""적당함"", ""색상"": ""같음"", ""발볼"": ""적당함""}","[""https://media.wconcept.co.kr/review/306035261/306035261_1789138929937.jpg?RS=300""]"
306035261,아비스파,[30%쿠폰] [단독]Davie 데이비 메리제인 스퀘어토 플랫슈즈(2way)_F359_3colors_1cm_2cm_3cm_4.5cm,https://www.wconcept.co.kr/Product/306035261,2,12,ch******,2026.09.11,"brown_4.5cm, 225",일단 진짜 편해요. 평소 구두 잘 안신어서 발아플까 걱정했는데 너무 편하고 출장 갈때 첨 신었는데도 발 아픈거 없었습니다. 앞코모양도 너무 예뻐요,5.0,"{""사이즈"": ""적당함"", ""색상"": ""같음"", ""발볼"": ""적당함""}",[]
306035261,아비스파,[30%쿠폰] [단독]Davie 데이비 메리제인 스퀘어토 플랫슈즈(2way)_F359_3colors_1cm_2cm_3cm_4.5cm,https://www.wconcept.co.kr/Product/306035261,3,13,wc******,2026.09.11,"235, black_4.5cm",편하고 넘 이쁨 최고!!!! 깔별로 쟁여야겠어요,5.0,"{""사이즈"": ""적당함"", ""색상"": ""같음"", ""발볼"": ""적당함""}","[""https://media.wconcept.co.kr/review/306035261/306035261_1789130915333.jpg?RS=300""]"
306035261,아비스파,[30%쿠폰] [단독]Davie 데이비 메리제인 스퀘어토 플랫슈즈(2way)_F359_3colors_1cm_2cm_3cm_4.5cm,https://www.wconcept.co.kr/Product/306035261,3,14,ji******,2026.09.11,"230, brown_1cm",가죽이 부드러워요 근데 바닥은 조금 미끄러워요 끈이 고무줄이라 신고 벗기가 너무 편해요,5.0,"{""사이즈"": ""적당함"", ""색상"": ""같음"", ""발볼"": ""적당함""}","[""https://media.wconcept.co.kr/review/306035261/306035261_1789123560383.jpeg?RS=300""]"
306035261,아비스파,[30%쿠폰] [단독]Davie 데이비 메리제인 스퀘어토 플랫슈즈(2way)_F359_3colors_1cm_2cm_3cm_4.5cm,https://www.wconcept.co.kr/Product/306035261,3,15,yo******,2026.09.11,"240, black_3cm",운동화 235신는데 발볼 넓어서 240샀어요 그냥 신으면 큰데 양말에 신으니 딱이네요 편하고 맘에 들어요 닳으면 또 살려구요,5.0,"{""사이즈"": ""적당함"", ""색상"": ""같음"", ""발볼"": ""적당함""}","[""https://media.wconcept.co.kr/review/306035261/306035261_1789081820972.jpeg?RS=300""]"
306035261,아비스파,[30%쿠폰] [단독]Davie 데이비 메리제인 스퀘어토 플랫슈즈(2way)_F359_3colors_1cm_2cm_3cm_4.5cm,https://www.wconcept.co.kr/Product/306035261,3,16,wc******,2026.09.11,"235, brown_3cm",너무 이쁘고 편해요~가을가을한 느낌 좋아요♡,5.0,"{""사이즈"": ""적당함"", ""색상"": ""같음"", ""발볼"": ""좁음""}","[""https://media.wconcept.co.kr/review/306035261/306035261_1789058224921.jpg?RS=300""]"
306035261,아비스파,[30%쿠폰] [단독]Davie 데이비 메리제인 스퀘어토 플랫슈즈(2way)_F359_3colors_1cm_2cm_3cm_4.5cm,https://www.wconcept.co.kr/Product/306035261,3,17,wc******,2026.09.11,"235, brown_3cm",배송오자마자 바로 신었는데 진짜 너무너무 편하고 예뻐요 다른 색상도 사려구요 ㅠㅠ,5.0,"{""사이즈"": ""적당함"", ""색상"": ""같음"", ""발볼"": ""적당함""}","[""https://media.wconcept.co.kr/review/306035261/306035261_1789053439073.jpeg?RS=300""]"
306035261,아비스파,[30%쿠폰] [단독]Davie 데이비 메리제인 스퀘어토 플랫슈즈(2way)_F359_3colors_1cm_2cm_3cm_4.5cm,https://www.wconcept.co.kr/Product/306035261,3,18,db******,2026.09.10,"235, brown_2cm",생각보다 발볼 좁고 불편하지만 그냥 신습니다....,5.0,"{""사이즈"": ""작음"", ""색상"": ""비슷함"", ""발볼"": ""좁음""}","[""https://media.wconcept.co.kr/review/306035261/306035261_1789040962302.jpeg?RS=300""]"
308923689,아워코모스,[48H 특가] cashmere deep V-neck knit (melange grey) orc 6094,https://www.wconcept.co.kr/Product/308923689,1,1,wc******,2026.09.13,FREE,소재좋고 이뻐요 배송도 빠르고 어서날씨가 좀 선선하면 바로입을거예요,5.0,"{""사이즈"": ""적당함"", ""색상"": ""같음"", ""소재"": ""같음""}","[""https://media.wconcept.co.kr/review/308923689/308923689_1789301028938.jpg?RS=300""]"
308923689,아워코모스,[48H 특가] cashmere deep V-neck knit (melange grey) orc 6094,https://www.wconcept.co.kr/Product/308923689,1,2,ki******,2026.09.12,FREE,"부드럽고 파임도 적당, 여기저기 매치하기 너무 좋아요!",5.0,"{""사이즈"": ""적당함"", ""색상"": ""같음"", ""소재"": ""같음""}","[""https://media.wconcept.co.kr/review/308923689/308923689_1789176947575.jpeg?RS=300""]"
308923689,아워코모스,[48H 특가] cashmere deep V-neck knit (melange grey) orc 6094,https://www.wconcept.co.kr/Product/308923689,1,3,yi******,2026.09.11,FREE,세일가에 저렴하게 잘 샀어요 배송도 빠르고 옷도 너무 이뻐요,5.0,"{""사이즈"": ""작음"", ""색상"": ""비슷함"", ""소재"": ""비슷함""}",[]
308923689,아워코모스,[48H 특가] cashmere deep V-neck knit (melange grey) orc 6094,https://www.wconcept.co.kr/Product/308923689,1,4,na******,2026.09.11,FREE,디자인 두께 너무맘에 들어요 목에 댔을때 살짝 까슬거리는 느낌은 있어요,5.0,"{""사이즈"": ""적당함"", ""색상"": ""같음"", ""소재"": ""같음""}","[""https://media.wconcept.co.kr/review/308923689/308923689_1789090835418.jpg?RS=300""]"
308923689,아워코모스,[48H 특가] cashmere deep V-neck knit (melange grey) orc 6094,https://www.wconcept.co.kr/Product/308923689,1,5,ha******,2026.09.07,FREE,"멜란지 그레이 컬러가 은은하고 고급스러워서 데일리로 입기 좋은 니트예요. 딥 브이넥이라 목선이 여리여리해 보이고, 단독으로 입었을 때도 답답한 느낌 없이 깔끔한 분위기가 나서 마음에 들었어요. FREE 사이즈라 여유 있는 핏으로 편안하게 착용할 수 있고, 부드러운 캐시미어 소재 덕분에 촉감도 포근해요. 슬랙스나 데님은 물론 스커트와 매치해도 잘 어울려 활용도가 높은 아이템이라 하나쯤 소장하기 좋은 니트인 것 같아요 🫠",5.0,"{""사이즈"": ""적당함"", ""색상"": ""같음"", ""소재"": ""같음""}","[""https://media.wconcept.co.kr/review/308966824/308966824_1788708010267.jpeg?RS=300"", ""https://media.wconcept.co.kr/review/308966824/308966824_1788708010198.jpeg?RS=300"", ""https://media.wconcept.co.kr/review/308966824/308966824_1788708010090.jpeg?RS=300""]"
308923689,아워코모스,[48H 특가] cashmere deep V-neck knit (melange grey) orc 6094,https://www.wconcept.co.kr/Product/308923689,1,6,by******,2026.09.06,FREE,요즘 이런 딥 브이넥 니트 하나 장만하고 싶었는데 핏 예뻐 보여서 구매했어요. 딱 생각했던 핏이라 맘에 듭니다. 레이어드 하기에도 좋은 핏이랑 기장이고 캐시 혼방이라 그런지 부들부들 가벼워요! 여유있긴 한데 너무 박시하지만은 않아서 겨울에 이너로 입기에도 좋을 것 같고 뭔가 여리여리해 보여서 좋아요.,5.0,"{""사이즈"": ""적당함"", ""색상"": ""같음"", ""소재"": ""같음""}","[""https://media.wconcept.co.kr/review/308966824/308966824_1788702855223.jpeg?RS=300"", ""https://media.wconcept.co.kr/review/308966824/308966824_1788702855174.jpeg?RS=300"", ""https://media.wconcept.co.kr/review/308966824/308966824_1788702855081.jpeg?RS=300""]"
308923689,아워코모스,[48H 특가] cashmere deep V-neck knit (melange grey) orc 6094,https://www.wconcept.co.kr/Product/308923689,2,7,do******,2026.09.04,FREE,가격도 저렴한데 퀄리티도 좋아요. 부들부들하고 얇고 겹쳐입기 너무 좋은 아이템이네요. 상품평이 없어서 걱정했는데 상품 구매 잘한거 같아요. 맘에들어요~ 잘 입을께요,5.0,"{""사이즈"": ""적당함"", ""색상"": ""같음"", ""소재"": ""같음""}","[""https://media.wconcept.co.kr/review/308923689/308923689_1788498112998.jpg?RS=300""]"
308923689,아워코모스,[48H 특가] cashmere deep V-neck knit (melange grey) orc 6094,https://www.wconcept.co.kr/Product/308923689,2,8,ca******,2026.09.03,FREE,"캐시미어 혼방 특유의 부드러운 촉감이 좋고 깊은 V넥이라 셔츠나 티셔츠랑 레이어드하기 좋음. 단독으로 입어도 여리여리한 느낌이고, 여유 있는 핏이라 편하게 입기 좋음. 데일리 니트로 활용도 높아용 ♡",5.0,"{""사이즈"": ""적당함"", ""색상"": ""같음"", ""소재"": ""같음""}","[""https://media.wconcept.co.kr/review/308966824/308966824_1788439429083.jpeg?RS=300"", ""https://media.wconcept.co.kr/review/308966824/308966824_1788439429024.jpeg?RS=300"", ""https://media.wconcept.co.kr/review/308966824/308966824_1788439428915.jpeg?RS=300""]"
307652631,우이,[20%쿠폰] 에센셜 브이넥 가디건 그레이시베이지 OU1807,https://www.wconcept.co.kr/Product/307652631,1,1,km******,2026.09.13,FREE,"가디건 가을, 겨울에 잘 입을 거 같아요 따듯하고 예쁩니다",5.0,"{""사이즈"": ""적당함"", ""색상"": ""같음"", ""소재"": ""같음""}",[]
307652631,우이,[20%쿠폰] 에센셜 브이넥 가디건 그레이시베이지 OU1807,https://www.wconcept.co.kr/Product/307652631,1,2,wc******,2026.09.13,FREE,색상 그리고 디자인 촉감 모두모두 만족스러워요 아주 만족해요 진짜,5.0,"{""사이즈"": ""적당함"", ""색상"": ""같음"", ""소재"": ""같음""}","[""https://media.wconcept.co.kr/review/307652631/307652631_1789297203833.jpg?RS=300""]"
307652631,우이,[20%쿠폰] 에센셜 브이넥 가디건 그레이시베이지 OU1807,https://www.wconcept.co.kr/Product/307652631,1,3,dl******,2026.09.13,FREE,간절기에 잘 입고 잇어요 굿굿입미다 좋습니당 가볍고,5.0,"{""사이즈"": ""적당함"", ""색상"": ""같음"", ""소재"": ""같음""}",[]
307652631,우이,[20%쿠폰] 에센셜 브이넥 가디건 그레이시베이지 OU1807,https://www.wconcept.co.kr/Product/307652631,1,4,mj******,2026.09.13,FREE,"너무 이뻐요~ 생소한 브랜드였지만 후기보고 구매했어요. 배송 빠른건 물론이고 착용감, 핏, 소재 어느하나 빠지는게 없네요~ 대만족입니다^^ 올가을 너무 잘입고 다닐거같아요~~",5.0,"{""사이즈"": ""적당함"", ""색상"": ""같음"", ""소재"": ""같음""}","[""https://media.wconcept.co.kr/review/307652631/307652631_1789279954660.jpg?RS=300""]"
307652631,우이,[20%쿠폰] 에센셜 브이넥 가디건 그레이시베이지 OU1807,https://www.wconcept.co.kr/Product/307652631,1,5,yu******,2026.09.12,FREE,아직 날이 더워 입어보진 못했지만 가격대비 퀄리티가 아주 좋아 보여요. 손으로 만져도 보들보들하고 색상도 고급지고 제법 두께감도 있어 따뜻할듯요.,5.0,"{""사이즈"": ""적당함"", ""색상"": ""비슷함"", ""소재"": ""비슷함""}","[""https://media.wconcept.co.kr/review/307652631/307652631_1789219294359.jpg?RS=300""]"
307652631,우이,[20%쿠폰] 에센셜 브이넥 가디건 그레이시베이지 OU1807,https://www.wconcept.co.kr/Product/307652631,1,6,mo******,2026.09.12,FREE,부드럽고 예쁩니다.살짝 도톰하지만 쌀쌀해지고 있으니 잘입겠습니다.,5.0,"{""사이즈"": ""적당함"", ""색상"": ""같음"", ""소재"": ""같음""}","[""https://media.wconcept.co.kr/review/307652631/307652631_1789203783241.jpg?RS=300""]"
307652631,우이,[20%쿠폰] 에센셜 브이넥 가디건 그레이시베이지 OU1807,https://www.wconcept.co.kr/Product/307652631,2,7,wc******,2026.09.12,FREE,소재 부드럽고 퀄리티가 좋긴하네요.단 사이즈가 좀 작아 열심히 다이어트를 하고 입어야할듯,5.0,"{""사이즈"": ""작음"", ""색상"": ""같음"", ""소재"": ""같음""}",[]
307652631,우이,[20%쿠폰] 에센셜 브이넥 가디건 그레이시베이지 OU1807,https://www.wconcept.co.kr/Product/307652631,2,8,sa******,2026.09.12,FREE,부들부들하고 컬러도 이쁘고 너무좋아요!! 가성비도 굳!!,5.0,"{""사이즈"": ""적당함"", ""색상"": ""같음"", ""소재"": ""같음""}","[""https://media.wconcept.co.kr/review/307652631/307652631_1789196669172.jpg?RS=300""]"
307652631,우이,[20%쿠폰] 에센셜 브이넥 가디건 그레이시베이지 OU1807,https://www.wconcept.co.kr/Product/307652631,2,9,be******,2026.09.12,FREE,포장부터 고급스럽고 정성스럽게 옵니다. 매번 제품을 받을때마다. 감동받는 브랜드입니다.,5.0,"{""사이즈"": ""적당함"", ""색상"": ""비슷함"", ""소재"": ""비슷함""}","[""https://media.wconcept.co.kr/review/307652631/307652631_1789193379496.jpg?RS=300""]"
307652631,우이,[20%쿠폰] 에센셜 브이넥 가디건 그레이시베이지 OU1807,https://www.wconcept.co.kr/Product/307652631,2,10,wc******,2026.09.12,FREE,목부위 상표가 너무 거칠고 따가워요. 여기 제품 옷 3개 샀는데 3개 옷 전부 다 그래요.~~ 다른 브랜드 옷들은 상표도 부드럽던데 여기는 손으로 만져봐도 거칠어서 입고 나갔더니 목부위가 빨개지고 따가워요ㅜㅜ,5.0,"{""사이즈"": ""적당함"", ""색상"": ""같음"", ""소재"": ""같음""}",[]
307652631,우이,[20%쿠폰] 에센셜 브이넥 가디건 그레이시베이지 OU1807,https://www.wconcept.co.kr/Product/307652631,2,11,sp******,2026.09.12,FREE,예쁘고 톡톡하고 가격저렴해요 착용감도 너무 좋아요,5.0,"{""사이즈"": ""적당함"", ""색상"": ""같음"", ""소재"": ""같음""}","[""https://media.wconcept.co.kr/review/307652631/307652631_1789172770497.jpg?RS=300""]"
307652631,우이,[20%쿠폰] 에센셜 브이넥 가디건 그레이시베이지 OU1807,https://www.wconcept.co.kr/Product/307652631,2,12,eu******,2026.09.12,FREE,색상이 앞으로 입기 좋고 원단리 부드러워 거슬림이 없어요. 55사이즈라 여유있게 잘 맞아요. 옷걸이에 커버 씌워 정성스럽게 도착해서 기분이 좋네요. 우이 번창하세요~,5.0,"{""사이즈"": ""적당함"", ""색상"": ""같음"", ""소재"": ""같음""}","[""https://media.wconcept.co.kr/review/307652631/307652631_1789146785598.jpeg?RS=300""]"
307652631,우이,[20%쿠폰] 에센셜 브이넥 가디건 그레이시베이지 OU1807,https://www.wconcept.co.kr/Product/307652631,3,13,sj******,2026.09.11,FREE,생각했던 것 처럼 부드럽고 사이즈도 적당히 잘 맞아요. 착한 가격에 잘 샀어요!,5.0,"{""사이즈"": ""적당함"", ""색상"": ""같음"", ""소재"": ""같음""}","[""https://media.wconcept.co.kr/review/307652631/307652631_1789135785496.jpeg?RS=300""]"
307652631,우이,[20%쿠폰] 에센셜 브이넥 가디건 그레이시베이지 OU1807,https://www.wconcept.co.kr/Product/307652631,3,14,wc******,2026.09.11,FREE,세일이용해서 주문했어요 일단 고급스러워요 부드러운면세련된느낌,5.0,"{""사이즈"": ""적당함"", ""색상"": ""같음"", ""소재"": ""같음""}","[""https://media.wconcept.co.kr/review/307652631/307652631_1789125684899.jpg?RS=300""]"
307652631,우이,[20%쿠폰] 에센셜 브이넥 가디건 그레이시베이지 OU1807,https://www.wconcept.co.kr/Product/307652631,3,15,ch******,2026.09.11,FREE,55사이즈 작지도 크지도않고 적당해요 지금입기는 살짝덥고 10월쯤 되면 단품으로입기좋을듯,5.0,"{""사이즈"": ""적당함"", ""색상"": ""비슷함"", ""소재"": ""비슷함""}","[""https://media.wconcept.co.kr/review/307652631/307652631_1789111479148.jpg?RS=300""]"
307652631,우이,[20%쿠폰] 에센셜 브이넥 가디건 그레이시베이지 OU1807,https://www.wconcept.co.kr/Product/307652631,3,16,wc******,2026.09.11,FREE,생각보다 톡톡한소재의 니트이고 색상도 사진과 같이 뉴트럴톤이예요. 벌키한 스타일은 아니라 단정한 느낌도들고 가을에 여기저기 매칭하기 좋을것 같아요. 좀더 쌀쌀해지면 따뜻하게 입을수 있을듯요.,5.0,"{""사이즈"": ""적당함"", ""색상"": ""같음"", ""소재"": ""비슷함""}","[""https://media.wconcept.co.kr/review/307652631/307652631_1789109009517.jpg?RS=300""]"
307652631,우이,[20%쿠폰] 에센셜 브이넥 가디건 그레이시베이지 OU1807,https://www.wconcept.co.kr/Product/307652631,3,17,wc******,2026.09.11,FREE,옷이 예뻐서 자주 입을 거 같아요~! 부들부들해요 ㅎ,5.0,"{""사이즈"": ""적당함"", ""색상"": ""같음"", ""소재"": ""같음""}",[]
307652631,우이,[20%쿠폰] 에센셜 브이넥 가디건 그레이시베이지 OU1807,https://www.wconcept.co.kr/Product/307652631,3,18,pa******,2026.09.10,FREE,컬러와 핏 화면과 비슷해요 맨살에 입으면 아주 살짝 까칠해요 세탁 후 에도 보플 없으면 가성비 최고 일듯,5.0,"{""사이즈"": ""적당함"", ""색상"": ""같음"", ""소재"": ""비슷함""}","[""https://media.wconcept.co.kr/review/307652631/307652631_1789041729139.jpeg?RS=300""]"
306040925,틸아이다이,[단 하루!] Modal basic slim t-shirt_Melange,https://www.wconcept.co.kr/Product/306040925,1,1,le******,2026.09.12,MELANGE_FREE,후들후들 너무 예뻐요. 요즘 같은 날씨에 딱이에요. 다른 색상도 추가로 구매하고 싶어요. 티라이다에는 항상 어 퀄리티가 나쁘지 않은 거 같아요. 기본 T로 최고~~,5.0,"{""사이즈"": ""적당함"", ""색상"": ""같음"", ""소재"": ""비슷함""}","[""https://media.wconcept.co.kr/review/306040925/306040925_1789219178751.jpg?RS=300""]"
306040925,틸아이다이,[단 하루!] Modal basic slim t-shirt_Melange,https://www.wconcept.co.kr/Product/306040925,1,2,wc******,2026.09.11,MELANGE_FREE,소재도 부드럽고 데님이나 이너로도 좋습니다.,5.0,"{""사이즈"": ""적당함"", ""색상"": ""같음"", ""소재"": ""같음""}",[]
306040925,틸아이다이,[단 하루!] Modal basic slim t-shirt_Melange,https://www.wconcept.co.kr/Product/306040925,1,3,go******,2026.09.08,MELANGE_FREE,모달이라 부담없이 구매했습니다 아무래도 면100%보다는 신축성이 좋아서 편할꺼같아요 일부러 기본템 그레이로!! 이너로 자주 입을것 같아요,5.0,"{""사이즈"": ""적당함"", ""색상"": ""같음"", ""소재"": ""같음""}","[""https://media.wconcept.co.kr/review/306040925/306040925_1788853682989.jpg?RS=300"", ""https://media.wconcept.co.kr/review/306040925/306040925_1788853682845.jpg?RS=300""]"
306040925,틸아이다이,[단 하루!] Modal basic slim t-shirt_Melange,https://www.wconcept.co.kr/Product/306040925,1,4,wc******,2026.09.01,MELANGE_FREE,사이즈도 여유있고 좋아요 활용 많이 할것 같아요,5.0,"{""사이즈"": ""적당함"", ""색상"": ""비슷함"", ""소재"": ""비슷함""}",[]
306040925,틸아이다이,[단 하루!] Modal basic slim t-shirt_Melange,https://www.wconcept.co.kr/Product/306040925,1,5,ko******,2026.08.29,MELANGE_FREE,"생가보다 얇지만, 부드러워서 입었을때, 느낌이 좋아요~",5.0,"{""사이즈"": ""적당함"", ""색상"": ""같음"", ""소재"": ""같음""}",[]
306040925,틸아이다이,[단 하루!] Modal basic slim t-shirt_Melange,https://www.wconcept.co.kr/Product/306040925,1,6,ys******,2026.08.25,MELANGE_FREE,아주 무난 하니 여기저기 입기 좋을 것 같아요. 질도 좋고 편안 해요. 다른 색도 사고 싶어요. 많이 파세요.,5.0,"{""사이즈"": ""적당함"", ""색상"": ""같음"", ""소재"": ""같음""}","[""https://media.wconcept.co.kr/review/306040925/306040925_1787654048011.jpg?RS=300""]"
306040925,틸아이다이,[단 하루!] Modal basic slim t-shirt_Melange,https://www.wconcept.co.kr/Product/306040925,2,7,he******,2026.08.25,MELANGE_FREE,가을이너~!! 부들부들 좋아요~~!! 느낌좋네요~!!,5.0,"{""사이즈"": ""적당함"", ""색상"": ""비슷함"", ""소재"": ""비슷함""}","[""https://media.wconcept.co.kr/review/306040925/306040925_1787641863394.jpg?RS=300""]"
306040925,틸아이다이,[단 하루!] Modal basic slim t-shirt_Melange,https://www.wconcept.co.kr/Product/306040925,2,8,lh******,2026.08.21,MELANGE_FREE,라이브방송보고 그레이가 이쁘길래 샀는데 칙칙하지 않은 그레이라 맘에 쏙 듭니다 얇지만 다 비치는 얇음이 아니라 좋아요! 어깨도 딱 맞아서 맞춤 티셔츠 같아요 다른색상도 추후 구매 해야겠어요 아직 세탁은 안해봐서 어떨지 모르겠지만 교복템이 되겠어요!!,5.0,"{""사이즈"": ""적당함"", ""색상"": ""같음"", ""소재"": ""같음""}","[""https://media.wconcept.co.kr/review/306040925/306040925_1787305053759.jpeg?RS=300""]"
306040925,틸아이다이,[단 하루!] Modal basic slim t-shirt_Melange,https://www.wconcept.co.kr/Product/306040925,2,9,mi******,2026.06.29,MELANGE_FREE,만족합니다 만족합니다 만족합니다 만족합니다,5.0,"{""사이즈"": ""적당함"", ""색상"": ""같음"", ""소재"": ""같음""}",[]
306040925,틸아이다이,[단 하루!] Modal basic slim t-shirt_Melange,https://www.wconcept.co.kr/Product/306040925,2,10,su******,2026.06.13,MELANGE_FREE,기본티로 좋아요! 얇고 착용감이 좋아요~~~!,5.0,"{""사이즈"": ""적당함"", ""색상"": ""같음"", ""소재"": ""같음""}","[""https://media.wconcept.co.kr/review/306040925/306040925_1781323868648.jpeg?RS=300""]"
306040925,틸아이다이,[단 하루!] Modal basic slim t-shirt_Melange,https://www.wconcept.co.kr/Product/306040925,2,11,yo******,2026.06.05,MELANGE_FREE,생각한거랑 화면에서 보는것과 같구용 아주 마음에 듭니다 이쁜거같구 어디에나 어울리게 착용가능할듯해요,5.0,"{""사이즈"": ""적당함"", ""색상"": ""같음"", ""소재"": ""같음""}","[""https://media.wconcept.co.kr/review/306040925/306040925_1780644235503.jpg?RS=300""]"
306040925,틸아이다이,[단 하루!] Modal basic slim t-shirt_Melange,https://www.wconcept.co.kr/Product/306040925,2,12,wc******,2026.05.24,MELANGE_FREE,"촉감 보들보들 입으면 기분 좋습니다 이너로도 여기저기 어울리고, 이제 따뜻하니 여기 반바지 입고 나가면 되겠어요",5.0,"{""사이즈"": ""적당함"", ""색상"": ""같음"", ""소재"": ""같음""}","[""https://media.wconcept.co.kr/review/306040925/306040925_1779599557363.jpeg?RS=300""]"
306040925,틸아이다이,[단 하루!] Modal basic slim t-shirt_Melange,https://www.wconcept.co.kr/Product/306040925,3,13,by******,2026.05.11,MELANGE_FREE,자켓 안에 입을 셔츠로 구매했어요~^^ 화면 그대로 이뻐요~^^,5.0,"{""사이즈"": ""적당함"", ""색상"": ""같음"", ""소재"": ""같음""}","[""https://media.wconcept.co.kr/review/306040925/306040925_1778425502441.jpeg?RS=300""]"
306040925,틸아이다이,[단 하루!] Modal basic slim t-shirt_Melange,https://www.wconcept.co.kr/Product/306040925,3,14,jy******,2026.04.29,MELANGE_FREE,이너로 입으니 이뿌네요,5.0,"{""사이즈"": ""적당함"", ""색상"": ""비슷함"", ""소재"": ""비슷함""}","[""https://media.wconcept.co.kr/review/306040925/306040925_1777458078088.jpg?RS=300""]"
306040925,틸아이다이,[단 하루!] Modal basic slim t-shirt_Melange,https://www.wconcept.co.kr/Product/306040925,3,15,jy******,2026.04.26,MELANGE_FREE,굉장히 얇고 후들후들합니다,5.0,"{""사이즈"": ""적당함"", ""색상"": ""같음"", ""소재"": ""같음""}",[]
306040925,틸아이다이,[단 하루!] Modal basic slim t-shirt_Melange,https://www.wconcept.co.kr/Product/306040925,3,16,bi******,2026.04.23,MELANGE_FREE,이너로 입으려고 샀어요~포장도 깔끔하고 좋아요~^^,5.0,"{""사이즈"": ""적당함"", ""색상"": ""같음"", ""소재"": ""같음""}","[""https://media.wconcept.co.kr/review/306040925/306040925_1776920459416.jpg?RS=300""]"
306040925,틸아이다이,[단 하루!] Modal basic slim t-shirt_Melange,https://www.wconcept.co.kr/Product/306040925,3,17,pi******,2026.04.21,MELANGE_FREE,기대돼요,5.0,"{""사이즈"": ""적당함"", ""색상"": ""같음"", ""소재"": ""같음""}",[]
306040925,틸아이다이,[단 하루!] Modal basic slim t-shirt_Melange,https://www.wconcept.co.kr/Product/306040925,3,18,kt******,2026.04.12,MELANGE_FREE,소재 좋고 핏도 마음에 들어요~ 다양한 색이 더 있으면 좋을것 같아요.,5.0,"{""사이즈"": ""적당함"", ""색상"": ""같음"", ""소재"": ""같음""}",[]
308972834,틸아이다이,[단 하루!] [주미니 Pick] Raglan oversized modal tee [TIFA06LT06]_Navy,https://www.wconcept.co.kr/Product/308972834,1,1,kk******,2026.09.11,NAVY_FREE,라그랑 유행이여서 비교하다 샀는데 역시 이뻐요. 모달이 섞여서 엄청부드럽고 여리여리핏 최고입니다. 좀 비싼가했지만 디테일이랑 마감봉제 보고 수긍했어요^^ 남친이 입어보고 자기랑 커플룩한다고 주문했어요. 박시해서 남친이 입어도 잘어울려요. 남친은 참고로 175에 72키로에요!,5.0,"{""사이즈"": ""적당함"", ""색상"": ""비슷함"", ""소재"": ""비슷함""}","[""https://media.wconcept.co.kr/review/308972834/308972834_1789119210610.jpeg?RS=300"", ""https://media.wconcept.co.kr/review/308972834/308972834_1789119210480.jpeg?RS=300""]"
307187926,어스,[30%쿠폰] [14차 리오더][기장선택가능] US105 레귤러 플레어진 (블랙),https://www.wconcept.co.kr/Product/307187926,1,1,wc******,2026.09.13,"BLACK, L",편한지는 모르겠어요 기대를 너무 했나 싶기도 기장이 좀 길어서 잘랐어요,4.0,"{""사이즈"": ""적당함"", ""색상"": ""비슷함"", ""소재"": ""비슷함""}","[""https://media.wconcept.co.kr/review/307187926/307187926_1789255312407.jpg?RS=300""]"
307187926,어스,[30%쿠폰] [14차 리오더][기장선택가능] US105 레귤러 플레어진 (블랙),https://www.wconcept.co.kr/Product/307187926,1,2,wc******,2026.09.12,"BLACK, S",허리는 딱 맞고 엉덩이는 좀 작아요 길이는 162인 저에게 좀 길어서 3-4센치 정도 잘랐어요 바지 핏이 너무 예뻐요 저만 입고 싶을 정도,5.0,"{""사이즈"": ""작음"", ""색상"": ""같음"", ""소재"": ""같음""}","[""https://media.wconcept.co.kr/review/307187926/307187926_1789218604192.jpeg?RS=300"", ""https://media.wconcept.co.kr/review/307187926/307187926_1789218604101.jpeg?RS=300""]"
307187926,어스,[30%쿠폰] [14차 리오더][기장선택가능] US105 레귤러 플레어진 (블랙),https://www.wconcept.co.kr/Product/307187926,1,3,he******,2026.09.12,"BLACK, LONG S(총장 +5CM 버전)",핏이 넘이뻐용! 롱버젼이이쁘다고해서 구매했는데 좀 기장줄이고 입으면 롱다리같이보이겟어요ㅎㅎ,5.0,"{""사이즈"": ""적당함"", ""색상"": ""같음"", ""소재"": ""같음""}","[""https://media.wconcept.co.kr/review/307187926/307187926_1789213009591.jpeg?RS=300""]"
307187926,어스,[30%쿠폰] [14차 리오더][기장선택가능] US105 레귤러 플레어진 (블랙),https://www.wconcept.co.kr/Product/307187926,1,4,rm******,2026.09.12,"BLACK, M",편하긴 잘 입을 수 있을것 같아요 완전 블랙진 입니다,5.0,"{""사이즈"": ""적당함"", ""색상"": ""같음"", ""소재"": ""같음""}",[]
307187926,어스,[30%쿠폰] [14차 리오더][기장선택가능] US105 레귤러 플레어진 (블랙),https://www.wconcept.co.kr/Product/307187926,1,5,lu******,2026.09.12,"BLACK, S",s 사이즈 잘 맞아요 길이도 딱 좋네요 잘 입을게요,5.0,"{""사이즈"": ""적당함"", ""색상"": ""같음"", ""소재"": ""같음""}","[""https://media.wconcept.co.kr/review/307187926/307187926_1789154891558.jpeg?RS=300""]"
307187926,어스,[30%쿠폰] [14차 리오더][기장선택가능] US105 레귤러 플레어진 (블랙),https://www.wconcept.co.kr/Product/307187926,1,6,yo******,2026.09.11,"BLACK, LONG S(총장 +5CM 버전)",165는 기장이 애매하네요.. 수선하려구요,5.0,"{""사이즈"": ""적당함"", ""색상"": ""같음"", ""소재"": ""같음""}","[""https://media.wconcept.co.kr/review/307187926/307187926_1789123404490.jpg?RS=300""]"
307187926,어스,[30%쿠폰] [14차 리오더][기장선택가능] US105 레귤러 플레어진 (블랙),https://www.wconcept.co.kr/Product/307187926,2,7,sj******,2026.09.11,"BLACK, S",딱 제가 찾던 블랙진이에용 너무 맘에 들어요 두께감 적당하고 허리 사이즈는 약간 큰데 제가 골반이 워낙 좁아서 그런거라 보통 골격이시면 잘맞으실거에요! 마감도 좋고 탄탄해서 잘입을것같아요,5.0,"{""사이즈"": ""적당함"", ""색상"": ""같음"", ""소재"": ""같음""}","[""https://media.wconcept.co.kr/review/307187926/307187926_1789088816607.jpeg?RS=300"", ""https://media.wconcept.co.kr/review/307187926/307187926_1789088816511.jpeg?RS=300""]"
307187926,어스,[30%쿠폰] [14차 리오더][기장선택가능] US105 레귤러 플레어진 (블랙),https://www.wconcept.co.kr/Product/307187926,2,8,gs******,2026.09.11,"BLACK, LONG M(총장 +5CM 버전)",색상도과 사이주 디자인 딱입니다 이뻐요 잘 입을게요,5.0,"{""사이즈"": ""적당함"", ""색상"": ""같음"", ""소재"": ""같음""}",[]
307187926,어스,[30%쿠폰] [14차 리오더][기장선택가능] US105 레귤러 플레어진 (블랙),https://www.wconcept.co.kr/Product/307187926,2,9,hj******,2026.09.10,"BLACK, L",연청도 샀었는데 이게 기장이 더 기네오 ㅋㅋ 괜찮아요..,5.0,"{""사이즈"": ""적당함"", ""색상"": ""같음"", ""소재"": ""같음""}",[]
307187926,어스,[30%쿠폰] [14차 리오더][기장선택가능] US105 레귤러 플레어진 (블랙),https://www.wconcept.co.kr/Product/307187926,2,10,ky******,2026.09.10,"BLACK, LONG M(총장 +5CM 버전)",L는 너무 큰데 m은 또 살짝 작네요 ㅠ ㅋㅋㅋ기장 긴게 최고에요 ㅠㅠㅋㅋ부츠컷들 다 짧아서 못입었는데 ㅠ 연청사고 또 구입한거,5.0,"{""사이즈"": ""적당함"", ""색상"": ""비슷함"", ""소재"": ""비슷함""}","[""https://media.wconcept.co.kr/review/307187926/307187926_1789020793363.jpg?RS=300""]"
307187926,어스,[30%쿠폰] [14차 리오더][기장선택가능] US105 레귤러 플레어진 (블랙),https://www.wconcept.co.kr/Product/307187926,2,11,ha******,2026.09.10,"BLACK, M",핏 이뻐요 살 좀 더 빼고 입으면 더 이쁠듯ㅎㅜ 허리 신축성은 생각보다 별로 없는 느낌이에요 원래 m사이즈 사면 보통 좀 여유있게 맞는데 요건 딱 맞는 느낌이네여!,5.0,"{""사이즈"": ""적당함"", ""색상"": ""같음"", ""소재"": ""같음""}","[""https://media.wconcept.co.kr/review/307187926/307187926_1789011996829.jpeg?RS=300""]"
307187926,어스,[30%쿠폰] [14차 리오더][기장선택가능] US105 레귤러 플레어진 (블랙),https://www.wconcept.co.kr/Product/307187926,2,12,mu******,2026.09.09,"BLACK, M",생각보다 허리가 타이트한 느낌이고 길이는 적당히 긴? 핏은 그냥 그렇습니다 ㅠ,5.0,"{""사이즈"": ""작음"", ""색상"": ""비슷함"", ""소재"": ""같음""}",[]
307187926,어스,[30%쿠폰] [14차 리오더][기장선택가능] US105 레귤러 플레어진 (블랙),https://www.wconcept.co.kr/Product/307187926,3,13,wc******,2026.09.09,"BLACK, S",160인데 s사이즈 길이가 살짝 깁니다. 대체적으로 잘맞고 예쁘네요. 자주 이용할듯합니다.,5.0,"{""사이즈"": ""작음"", ""색상"": ""같음"", ""소재"": ""같음""}",[]
307187926,어스,[30%쿠폰] [14차 리오더][기장선택가능] US105 레귤러 플레어진 (블랙),https://www.wconcept.co.kr/Product/307187926,3,14,hy******,2026.09.09,"BLACK, S",사이즈는 잘 맞고 제가 다리가 짤ㅈ아서 수선은 해랴할거같아요 딱 붙지 않아서 좋습니다,5.0,"{""사이즈"": ""적당함"", ""색상"": ""같음"", ""소재"": ""같음""}",[]
307187926,어스,[30%쿠폰] [14차 리오더][기장선택가능] US105 레귤러 플레어진 (블랙),https://www.wconcept.co.kr/Product/307187926,3,15,be******,2026.09.08,"BLACK, M",딱 맞아요 ㅋㅋ 다리살이 있는 편이라 선호하는 스타일은 아니지만 맘에 들어요 검정이라 확실히 좀 슬림해 보이는 효과가 있네요 굿!!,5.0,"{""사이즈"": ""적당함"", ""색상"": ""같음"", ""소재"": ""같음""}","[""https://media.wconcept.co.kr/review/307187926/307187926_1788875081780.jpeg?RS=300""]"
307187926,어스,[30%쿠폰] [14차 리오더][기장선택가능] US105 레귤러 플레어진 (블랙),https://www.wconcept.co.kr/Product/307187926,3,16,03******,2026.09.08,"BLACK, LONG L(총장 +5CM 버전)","다른 색 구매하고 재구매합니다. 키가 큰 편이라, 우선 기장 너무 마음에 들고, 소재도 좋아요. 불편하다는 리뷰가 은근 있던데, 편하고 좋네요. 두루두루 입을 것 같아요",5.0,"{""사이즈"": ""적당함"", ""색상"": ""같음"", ""소재"": ""같음""}","[""https://media.wconcept.co.kr/review/307187926/307187926_1788871185846.jpeg?RS=300""]"
307187926,어스,[30%쿠폰] [14차 리오더][기장선택가능] US105 레귤러 플레어진 (블랙),https://www.wconcept.co.kr/Product/307187926,3,17,xa******,2026.09.07,"BLACK, LONG M(총장 +5CM 버전)",너무 이뻐여 허리는 좀 작지만 엉덩이허벅지 다 잘맞습니다,5.0,"{""사이즈"": ""작음"", ""색상"": ""같음"", ""소재"": ""같음""}",[]
307187926,어스,[30%쿠폰] [14차 리오더][기장선택가능] US105 레귤러 플레어진 (블랙),https://www.wconcept.co.kr/Product/307187926,3,18,ni******,2026.09.07,"BLACK, LONG L(총장 +5CM 버전)",처음 딱 입을 때는 딱 맞나... 생각했는데 조금 입고 활동 하다 보니 많이 널널~해집니다. 신축성이 있는 원단은 아니라서 그냥 원단 자체가 늘어났다가 빨면 다시 빳빳해지는... 그런 느낌 입니다. 처음 입었을때 핏 예쁘다~~ 생각했는데 활동하면 할수록 엉덩이도 무릎도 조금씩 헐렁해지면서 튀어나와서 아쉬웠어요. 길이는 169 기준 길어요~ 저는 10센치 힐 신고 입으니 딱 맞게 예쁜 길이였구요 운동화는 좀 끌려서 한번 접어 입었습니다. 색상은 물빠진 검정 아니고 완전 블랙! 이여서 좋았습니다,5.0,"{""사이즈"": ""큼"", ""색상"": ""같음"", ""소재"": ""같음""}",[]
308943690,드로우핏 우먼,[9/13 단 하루!] [W컨셉 단독][드로우핏우먼 X 주미니] 코튼 포켓 워크 팬츠 [BEIGE],https://www.wconcept.co.kr/Product/308943690,1,1,su******,2026.09.13,BEIGE XS_short P1,사실 반품할까하다 살 빼고 입어야지 하고 구매확정했는데 저한테 완전 딱 맞고 길이가 좀 짧은거 같아요.,4.0,"{""사이즈"": ""작음"", ""색상"": ""비슷함"", ""소재"": ""비슷함""}","[""https://media.wconcept.co.kr/review/308943690/308943690_1789270674378.jpg?RS=300""]"
308943690,드로우핏 우먼,[9/13 단 하루!] [W컨셉 단독][드로우핏우먼 X 주미니] 코튼 포켓 워크 팬츠 [BEIGE],https://www.wconcept.co.kr/Product/308943690,1,2,jm******,2026.09.13,BEIGE XS_short P1,예뻐요!! 구김이 좀 가는데 너무 편하고 옆에서 봐도 뱃살 부각이 없어요 158 기준 숏사이즈 길이감은 아주 딱맞네요 살짝 더 길어도 좋을 것 같은데 일반 기장은 또 넘 길 것 같구요..!,5.0,"{""사이즈"": ""적당함"", ""색상"": ""같음"", ""소재"": ""같음""}","[""https://media.wconcept.co.kr/review/308943690/308943690_1789263441983.jpeg?RS=300""]"
308943690,드로우핏 우먼,[9/13 단 하루!] [W컨셉 단독][드로우핏우먼 X 주미니] 코튼 포켓 워크 팬츠 [BEIGE],https://www.wconcept.co.kr/Product/308943690,1,3,wc******,2026.09.13,BEIGE S_short P2,소재 탄탄하고 좋음! 사이즈는 표기랑 다르게 작음! 허리둘레 길이 조금씩 차이남,5.0,"{""사이즈"": ""작음"", ""색상"": ""같음"", ""소재"": ""같음""}","[""https://media.wconcept.co.kr/review/308943690/308943690_1789258877427.jpg?RS=300""]"
308943690,드로우핏 우먼,[9/13 단 하루!] [W컨셉 단독][드로우핏우먼 X 주미니] 코튼 포켓 워크 팬츠 [BEIGE],https://www.wconcept.co.kr/Product/308943690,1,4,wi******,2026.09.12,BEIGE S_short P2,올해 최고의 바지! 소재가 주름이 잘 생기는 편이긴 한데 그걸 감수해서라도 입고 싶은 핏이에요 길이 적당하게 떨어지는 핏 정말 오랜만이에요 최고최고,5.0,"{""사이즈"": ""적당함"", ""색상"": ""같음"", ""소재"": ""같음""}",[]
308943690,드로우핏 우먼,[9/13 단 하루!] [W컨셉 단독][드로우핏우먼 X 주미니] 코튼 포켓 워크 팬츠 [BEIGE],https://www.wconcept.co.kr/Product/308943690,1,5,ss******,2026.09.12,BEIGE S_short P2,약간 여유 있는 핏인데 맘에 들어요 재질도 좋고 너무 맘에 드는 바지입니다! 요런 바지 찾고 있었는데 아주 맘에 듭니다 최고,5.0,"{""사이즈"": ""큼"", ""색상"": ""같음"", ""소재"": ""같음""}","[""https://media.wconcept.co.kr/review/308943690/308943690_1789180906396.jpeg?RS=300""]"
308943690,드로우핏 우먼,[9/13 단 하루!] [W컨셉 단독][드로우핏우먼 X 주미니] 코튼 포켓 워크 팬츠 [BEIGE],https://www.wconcept.co.kr/Product/308943690,1,6,na******,2026.09.12,BEIGE S_short P2,이거 진짜 이뻐요!!! 면바지는 잘 입어본적이 없는데 제가 좋아하는 유투버와 함께한 옷이여서 이것도 주문해봤는데 와이거 핏이 엄청 이뻐요 블루 청바지는 xs구매하고 나머지 검정이나 슬랙스나 이제품은 s가 잘맞아용,5.0,"{""사이즈"": ""적당함"", ""색상"": ""같음"", ""소재"": ""같음""}",[]
308943690,드로우핏 우먼,[9/13 단 하루!] [W컨셉 단독][드로우핏우먼 X 주미니] 코튼 포켓 워크 팬츠 [BEIGE],https://www.wconcept.co.kr/Product/308943690,2,7,js******,2026.09.11,BEIGE XS_short P1,바지. 너무너무 이뻐요 길이도. 딱. 좋아 자른지 않아도 되구 색깔도 이쁘고 폭도. 딱 좋아요 입었을때 편안함도 좋습니다,5.0,"{""사이즈"": ""적당함"", ""색상"": ""같음"", ""소재"": ""같음""}","[""https://media.wconcept.co.kr/review/308943690/308943690_1789109349788.jpg?RS=300""]"
308943690,드로우핏 우먼,[9/13 단 하루!] [W컨셉 단독][드로우핏우먼 X 주미니] 코튼 포켓 워크 팬츠 [BEIGE],https://www.wconcept.co.kr/Product/308943690,2,8,re******,2026.09.10,BEIGE S_short P2,주미니님 구독하고 바지 샀어요.키작녀라 수선없이 입기 좋네요.색감도 베이지톤에 여기저기 매치하기 편해요.마감이 좀 미흡하지만 핏이 예뻐서 넘어갑니다.,5.0,"{""사이즈"": ""적당함"", ""색상"": ""같음"", ""소재"": ""같음""}","[""https://media.wconcept.co.kr/review/308943690/308943690_1789049851779.jpg?RS=300""]"
308943690,드로우핏 우먼,[9/13 단 하루!] [W컨셉 단독][드로우핏우먼 X 주미니] 코튼 포켓 워크 팬츠 [BEIGE],https://www.wconcept.co.kr/Product/308943690,2,9,tn******,2026.09.09,BEIGE S,"핏이랑 색상 너무 마음에 드는데 건조기 돌렷더니 색깔이 빠진느낌이에요,,,ㅠㅠ",3.0,"{""사이즈"": ""적당함"", ""색상"": ""비슷함"", ""소재"": ""같음""}","[""https://media.wconcept.co.kr/review/308943690/308943690_1788964018676.jpeg?RS=300""]"
306115156,아디다스,TOKYO W - JI0183,https://www.wconcept.co.kr/Product/306115156,1,1,ii******,2026.09.13,270,친구선물용으로 샀는데 친구가 너무 만족해합니다!,5.0,"{""사이즈"": ""적당함"", ""색상"": ""같음"", ""발볼"": ""적당함""}","[""https://media.wconcept.co.kr/review/306115156/306115156_1789299777598.jpeg?RS=300""]"
306115156,아디다스,TOKYO W - JI0183,https://www.wconcept.co.kr/Product/306115156,1,2,dh******,2026.09.13,235,꺄 실물이 더 이쁘네욤! 사이즈 고민했었는데 정 사이즈 하면 되네용 ㅎㅎ 어떤 코디든 다 잘어울릴 것 같아요 ㅎㅎ 강추용*^^,5.0,"{""사이즈"": ""적당함"", ""색상"": ""같음"", ""발볼"": ""적당함""}","[""https://media.wconcept.co.kr/review/306115156/306115156_1789298797095.jpeg?RS=300""]"
306115156,아디다스,TOKYO W - JI0183,https://www.wconcept.co.kr/Product/306115156,1,3,ja******,2026.09.13,255,"컨버스 250 / 나이키, 뉴발란스, 아디다스 255 발볼 넓고 발등 높은 케이스인데 255가 편안하게 맞아요",5.0,"{""사이즈"": ""적당함"", ""색상"": ""같음"", ""발볼"": ""적당함""}","[""https://media.wconcept.co.kr/review/306115156/306115156_1789290895906.jpg?RS=300""]"
306115156,아디다스,TOKYO W - JI0183,https://www.wconcept.co.kr/Product/306115156,1,4,07******,2026.09.13,225,사이즈가 생각보다 많이 커서 놀랐지만 디자인이 매우 이뻐서 만족스러워요,5.0,"{""사이즈"": ""큼"", ""색상"": ""비슷함"", ""발볼"": ""적당함""}","[""https://media.wconcept.co.kr/review/306115156/306115156_1789285243071.jpeg?RS=300""]"
306115156,아디다스,TOKYO W - JI0183,https://www.wconcept.co.kr/Product/306115156,1,5,fl******,2026.09.13,235,약간 낮은 운동화? 같은 스타일은 굉장히 오랜만에 신어보는데 생각보다 착화감이 좋구요. 크게 나왔다고 해서 사이즈를 줄일까 했는데 이제 가을이고 두꺼운 양말 신으면 되니 그냥 235으로 했어요. 오른쪽이 조금 더 큰 짝발이라 경우에 따라서 235-240신는데 이건 불편함 없이 잘 맞는거 보면 살짝 크게 나온게 맞는거 같아요. 약간 냄새가 나긴 하지만 깔끔하고 이뻐요,5.0,"{""사이즈"": ""적당함"", ""색상"": ""같음"", ""발볼"": ""적당함""}",[]
306115156,아디다스,TOKYO W - JI0183,https://www.wconcept.co.kr/Product/306115156,1,6,wc******,2026.09.12,250,스웨이드 제품이라 가을에 싣고 다니기 좋을거 같아 구매했어요~정사이즈에 착용감도 편하네요~,5.0,"{""사이즈"": ""적당함"", ""색상"": ""같음"", ""발볼"": ""적당함""}","[""https://media.wconcept.co.kr/review/306115156/306115156_1789218184440.jpg?RS=300""]"
306115156,아디다스,TOKYO W - JI0183,https://www.wconcept.co.kr/Product/306115156,2,7,lu******,2026.09.12,230,디자인이 넘 맘에 들었는데 좋은 가격에..잘 구입했어요~ 어디든 잘 코디해서 신을 수 있겠어요~^^,4.0,"{""사이즈"": ""적당함"", ""색상"": ""같음"", ""발볼"": ""적당함""}","[""https://media.wconcept.co.kr/review/306115156/306115156_1789198285769.jpg?RS=300""]"
306115156,아디다스,TOKYO W - JI0183,https://www.wconcept.co.kr/Product/306115156,2,8,ek******,2026.09.12,240,240 정 사이즈 잘맞아요!! 휘뚜루마뚜루 잘신을듯!!,5.0,"{""사이즈"": ""적당함"", ""색상"": ""같음"", ""발볼"": ""적당함""}","[""https://media.wconcept.co.kr/review/306115156/306115156_1789197921916.jpeg?RS=300""]"
306115156,아디다스,TOKYO W - JI0183,https://www.wconcept.co.kr/Product/306115156,2,9,er******,2026.09.12,245,사이즈 고민하다가 정사이즈로 샀어요~나이키 뉴발 250신고 샌달은 245가 맞는데 정사이즈 245로 사니 잘 맞아요~ 스페지알도 245로 샀었거든요. 무지외반 있어서 오래 신어봐야 더 자세히 알 것 같긴한데 일단 예뻐서 맘에 들어여 ㅎㅎㅎㅎ 다른 컬러도 사고싶어질듯여 ㅋㅋㅋ,5.0,"{""사이즈"": ""적당함"", ""색상"": ""같음"", ""발볼"": ""적당함""}","[""https://media.wconcept.co.kr/review/306115156/306115156_1789185461033.jpeg?RS=300"", ""https://media.wconcept.co.kr/review/306115156/306115156_1789185460936.jpeg?RS=300""]"
306115156,아디다스,TOKYO W - JI0183,https://www.wconcept.co.kr/Product/306115156,2,10,hy******,2026.09.11,235,"모든 신발 240 신는 완전 칼발이에요 아디다스는 235사이즈 신어야 맞더라고요 발볼 넓은 분들은 정사이즈 하시고, 보통발 칼발은 한사이즈 작게 사면 될꺼 같아요! 진짜 배송 빨랐고 저렴하게 사서 좋아요 너무 이뻐요 +_+ 가을에 찰떡",5.0,"{""사이즈"": ""큼"", ""색상"": ""같음"", ""발볼"": ""좁음""}","[""https://media.wconcept.co.kr/review/306115156/306115156_1789085895153.jpeg?RS=300""]"
306115156,아디다스,TOKYO W - JI0183,https://www.wconcept.co.kr/Product/306115156,2,11,0d******,2026.09.11,270,발 볼 넓은데도 사이즈 잘 맞고 이뻐요 잘 신을게요,5.0,"{""사이즈"": ""적당함"", ""색상"": ""같음"", ""발볼"": ""적당함""}",[]
306115156,아디다스,TOKYO W - JI0183,https://www.wconcept.co.kr/Product/306115156,2,12,ka******,2026.09.10,240,신발은 참예쁨니다 데일리로 신기 좋습니다 배송도 빠릅니다,5.0,"{""사이즈"": ""적당함"", ""색상"": ""같음"", ""발볼"": ""적당함""}","[""https://media.wconcept.co.kr/review/306115156/306115156_1789049762126.jpg?RS=300""]"
306115156,아디다스,TOKYO W - JI0183,https://www.wconcept.co.kr/Product/306115156,3,13,im******,2026.09.10,235,넓은 발볼이라 이런 스니커즈류는 240신는데(원래는 235) 이건 235신어요! 2개째 구매임,5.0,"{""사이즈"": ""적당함"", ""색상"": ""같음"", ""발볼"": ""넓음""}","[""https://media.wconcept.co.kr/review/306115156/306115156_1789033467175.jpeg?RS=300""]"
306115156,아디다스,TOKYO W - JI0183,https://www.wconcept.co.kr/Product/306115156,3,14,ak******,2026.09.09,240,가을 신발로 좋은 가격애 구매했어요~ 여기저기 잘 어울립니다^^,5.0,"{""사이즈"": ""적당함"", ""색상"": ""같음"", ""발볼"": ""적당함""}","[""https://media.wconcept.co.kr/review/306115156/306115156_1788957559572.jpg?RS=300""]"
306115156,아디다스,TOKYO W - JI0183,https://www.wconcept.co.kr/Product/306115156,3,15,ii******,2026.09.09,275,친구 생일선물로 샀는데 친구가 너무 만족해 합니다! 사이즈도 맞고 너무 이쁩니다.,5.0,"{""사이즈"": ""적당함"", ""색상"": ""같음"", ""발볼"": ""적당함""}",[]
306115156,아디다스,TOKYO W - JI0183,https://www.wconcept.co.kr/Product/306115156,3,16,wc******,2026.09.09,230,240정사이즈 발등에 살 없고 칼발과 중간 사이의 발/ 나이키 뉴발란스 240신어요 아울렛에서 235 230신어봤는데 235도 엄청커서 230샀는데 사이즈 완전 딱이에요!! 발등에살별로없는 정사이즈240->무조건 230사세요,5.0,"{""사이즈"": ""큼"", ""색상"": ""비슷함"", ""발볼"": ""적당함""}","[""https://media.wconcept.co.kr/review/306115156/306115156_1788907410156.jpg?RS=300""]"
306115156,아디다스,TOKYO W - JI0183,https://www.wconcept.co.kr/Product/306115156,3,17,al******,2026.09.08,220,구두나 샌들류는 225 신고 반스 아디다스는 조금 크게 나와서 220 신는 경우가 많은 사람입니다.(칼발) 삼바도 220이 맞아서 후기 참조해서 220 시켰더니 잘 맞아요 삼바보다 밑창이 얇고 발볼이 좁아서 발이 조금 더 답답한 느낌이 들고 착화감도 삼바가 더 나은것 같아요 도쿄는 긴 바지보단 짧은 옷이 코디에 더 예쁜 것 같움,5.0,"{""사이즈"": ""적당함"", ""색상"": ""같음"", ""발볼"": ""적당함""}","[""https://media.wconcept.co.kr/review/306115156/306115156_1788869226722.jpg?RS=300""]"
306115156,아디다스,TOKYO W - JI0183,https://www.wconcept.co.kr/Product/306115156,3,18,jh******,2026.09.08,230,정 사이즈라고 생각하면 될거 같아요. 발볼이 많이 넓으신 분은 한사이즈 크게 사는것도 편하게 신기 좋을거 같아요. 발이 편하고 신었을때 역시나 이쁘네요. 요즘같은 계절에 코디해서 신기도 좋으네요.,5.0,"{""사이즈"": ""적당함"", ""색상"": ""같음"", ""발볼"": ""적당함""}","[""https://media.wconcept.co.kr/review/306115156/306115156_1788848249945.jpg?RS=300""]"
307665237,로브로브,[9/13 단 하루!] [W컨셉 단독][1+1][2PACK] [19차 리오더] 마이 애티튜드 니트 가디건_(8color),https://www.wconcept.co.kr/Product/307665237,1,1,he******,2024.09.19,MELANGE GREY_FREE,와 이가디건 진짜 대박이에요..👍🏻👍🏻 쫀쫀하면서 촉감도 좋고~!! 색감도 너무 맘에듭니다~!! 기본 가디건으로 정말 최고!! 계속 여름이라 가디건 입을날이 짧아서 너무 아쉽지만~~ 간절기아이템으로도 좋을거구 나중에 코트안 레이어드용으로도 손색없을듯 해요~ 좋은 가격에 정말 굳퀄리티 가디건🙂,5.0,"{""사이즈"": ""적당함"", ""색상"": ""같음"", ""소재"": ""같음""}","[""https://media.wconcept.co.kr/review/306052657/306052657_1726713505599.jpeg?RS=300"", ""https://media.wconcept.co.kr/review/306052657/306052657_1726713505436.jpeg?RS=300""]"
307665237,로브로브,[9/13 단 하루!] [W컨셉 단독][1+1][2PACK] [19차 리오더] 마이 애티튜드 니트 가디건_(8color),https://www.wconcept.co.kr/Product/307665237,1,2,cr******,2026.09.13,"MELANGE GREY, NAVY",기본템으로 무난하게 걸치기 좋은 가디건이네요!,5.0,"{""사이즈"": ""적당함"", ""색상"": ""같음"", ""소재"": ""같음""}","[""https://media.wconcept.co.kr/review/307665237/307665237_1789264124482.jpeg?RS=300""]"
307665237,로브로브,[9/13 단 하루!] [W컨셉 단독][1+1][2PACK] [19차 리오더] 마이 애티튜드 니트 가디건_(8color),https://www.wconcept.co.kr/Product/307665237,1,3,wc******,2026.09.12,"BLACK, WINE",너무 예쁘고 재질이 너무 좋아요 길이감도 적당해서 또 구매할거에요,5.0,"{""사이즈"": ""적당함"", ""색상"": ""같음"", ""소재"": ""같음""}","[""https://media.wconcept.co.kr/review/307665237/307665237_1789220273385.jpeg?RS=300""]"
307665237,로브로브,[9/13 단 하루!] [W컨셉 단독][1+1][2PACK] [19차 리오더] 마이 애티튜드 니트 가디건_(8color),https://www.wconcept.co.kr/Product/307665237,1,4,wc******,2026.09.11,"BLACK, MELANGE GREY",블랙이랑 그레이 샀는데 질도 너무 좋고 적당히 두튬하니 저의 취향저격이애요!! 다른색도 구매할거에요,5.0,"{""사이즈"": ""적당함"", ""색상"": ""같음"", ""소재"": ""같음""}",[]
307665237,로브로브,[9/13 단 하루!] [W컨셉 단독][1+1][2PACK] [19차 리오더] 마이 애티튜드 니트 가디건_(8color),https://www.wconcept.co.kr/Product/307665237,1,5,zi******,2026.09.11,"WINE, MELANGE GREY",약간 두껍네요 색이 예뻐요 가을에 어울리는 색이라 마음에 들어요,5.0,"{""사이즈"": ""적당함"", ""색상"": ""같음"", ""소재"": ""같음""}",[]
307665237,로브로브,[9/13 단 하루!] [W컨셉 단독][1+1][2PACK] [19차 리오더] 마이 애티튜드 니트 가디건_(8color),https://www.wconcept.co.kr/Product/307665237,1,6,jj******,2026.09.11,"BLACK, WINE",소재가 좋아요 갑자기 추워져서 개시합니다 쿨톤이라 아주 얼굴에 찰떡,5.0,"{""사이즈"": ""적당함"", ""색상"": ""같음"", ""소재"": ""같음""}","[""https://media.wconcept.co.kr/review/307665237/307665237_1789084415599.jpeg?RS=300""]"
307665237,로브로브,[9/13 단 하루!] [W컨셉 단독][1+1][2PACK] [19차 리오더] 마이 애티튜드 니트 가디건_(8color),https://www.wconcept.co.kr/Product/307665237,2,7,ki******,2026.09.09,"MELANGE GREY, NAVY",잘 입고 있어요. 휘뚜루마뚜루~ 이제 가을 시작이니 본격적으로 입어볼라구요. 재질이 좋긴한데 보풀 조심해야해요. 다른컬러 재구매 예정이엥요. 길이감도 핏도 좋아요. 그레이 네이비 구매했구요. 딱 좋아요.,5.0,"{""사이즈"": ""적당함"", ""색상"": ""같음"", ""소재"": ""같음""}",[]
307665237,로브로브,[9/13 단 하루!] [W컨셉 단독][1+1][2PACK] [19차 리오더] 마이 애티튜드 니트 가디건_(8color),https://www.wconcept.co.kr/Product/307665237,2,8,wc******,2026.09.09,"WINE, NAVY",생각보다 도톰하고 탄탄해요!! 좀더 추워질때까지 입을 수 있을 것 같아요! 부들부들해요,5.0,"{""사이즈"": ""적당함"", ""색상"": ""같음"", ""소재"": ""같음""}",[]
307665237,로브로브,[9/13 단 하루!] [W컨셉 단독][1+1][2PACK] [19차 리오더] 마이 애티튜드 니트 가디건_(8color),https://www.wconcept.co.kr/Product/307665237,2,9,jh******,2026.09.08,"NAVY, CAMEL",작년 블랙 사서 너무 잘 입고다녀서 이번 1+1 해서 다른컬러 쟁였어요 컬러도 맘에들고 소재도 좋습니다,5.0,"{""사이즈"": ""적당함"", ""색상"": ""같음"", ""소재"": ""같음""}","[""https://media.wconcept.co.kr/review/307665237/307665237_1788824348928.jpeg?RS=300""]"
307665237,로브로브,[9/13 단 하루!] [W컨셉 단독][1+1][2PACK] [19차 리오더] 마이 애티튜드 니트 가디건_(8color),https://www.wconcept.co.kr/Product/307665237,2,10,wc******,2026.09.05,"MELANGE GREY, BLACK",소재도 좋고 도톰하니 좋아요. 조금 쌀쌀해지면 잘 입을듯 합니다.,5.0,"{""사이즈"": ""적당함"", ""색상"": ""같음"", ""소재"": ""같음""}",[]
307665237,로브로브,[9/13 단 하루!] [W컨셉 단독][1+1][2PACK] [19차 리오더] 마이 애티튜드 니트 가디건_(8color),https://www.wconcept.co.kr/Product/307665237,2,11,wc******,2026.09.05,"BLACK, MELANGE GREY",다소 무거운 감이 있지만 편하게 두루 코디하기 좋을듯합니다. 목부분에 실이 튀어나와있어 불량인듯 한데 잘라내고 그냥 입기로 했습니다.,4.0,"{""사이즈"": ""적당함"", ""색상"": ""같음"", ""소재"": ""비슷함""}","[""https://media.wconcept.co.kr/review/307665237/307665237_1788595546633.jpg?RS=300""]"
307665237,로브로브,[9/13 단 하루!] [W컨셉 단독][1+1][2PACK] [19차 리오더] 마이 애티튜드 니트 가디건_(8color),https://www.wconcept.co.kr/Product/307665237,2,12,oa******,2026.09.05,"IVORY, LIGHT BEIGE","멜란지그레이 구매 후 만족해서 아이보리, 베이지 추가 주문했어요. 160/47에게는 크긴하지만 재질이 부드럽고 쫀쫀해서 흘러내리듯 자연스러운 핏이 좋고 퀄리티가 좋아요. 재구매의사 있어요.",5.0,"{""사이즈"": ""큼"", ""색상"": ""같음"", ""소재"": ""같음""}","[""https://media.wconcept.co.kr/review/307665237/307665237_1788588969417.jpg?RS=300""]"
307665237,로브로브,[9/13 단 하루!] [W컨셉 단독][1+1][2PACK] [19차 리오더] 마이 애티튜드 니트 가디건_(8color),https://www.wconcept.co.kr/Product/307665237,3,13,dl******,2026.09.04,"NAVY, MELANGE GREY",적당한 가격에 무난한옷이에요 좀더 씰쌀해지면 밝은톤으로도 구매하려규용,5.0,"{""사이즈"": ""적당함"", ""색상"": ""같음"", ""소재"": ""같음""}",[]
307665237,로브로브,[9/13 단 하루!] [W컨셉 단독][1+1][2PACK] [19차 리오더] 마이 애티튜드 니트 가디건_(8color),https://www.wconcept.co.kr/Product/307665237,3,14,wc******,2026.08.25,"MELANGE GREY, WINE",작년부터 살까말까 고민만했었는데 가을 앞두고 1+1으로 장만했어요.기본템이라 여름 제외 잘입을것같고 소재 탄탄하고 색감도 좋아요..,5.0,"{""사이즈"": ""적당함"", ""색상"": ""같음"", ""소재"": ""같음""}","[""https://media.wconcept.co.kr/review/307665237/307665237_1787645103082.jpg?RS=300""]"
307665237,로브로브,[9/13 단 하루!] [W컨셉 단독][1+1][2PACK] [19차 리오더] 마이 애티튜드 니트 가디건_(8color),https://www.wconcept.co.kr/Product/307665237,3,15,km******,2026.08.07,"MELANGE GREY, LIGHT BEIGE",겨울 끝물에 사서 한번 입어봤는데 폭닥폭닥하게 따뜻하고 색감도 예뻤습니다 :),5.0,"{""사이즈"": ""적당함"", ""색상"": ""같음"", ""소재"": ""같음""}","[""https://media.wconcept.co.kr/review/307665237/307665237_1786060515263.jpeg?RS=300""]"
307665237,로브로브,[9/13 단 하루!] [W컨셉 단독][1+1][2PACK] [19차 리오더] 마이 애티튜드 니트 가디건_(8color),https://www.wconcept.co.kr/Product/307665237,3,16,nr******,2026.07.06,"MELANGE GREY, RED",리뷰가 좋아서 구매했는데 몇번 입으니 보풀이 올라와서 보풀 제거는 하면서 입어야겠어요 색상은 쨍하니 마음에 들어요,5.0,"{""사이즈"": ""적당함"", ""색상"": ""같음"", ""소재"": ""같음""}","[""https://media.wconcept.co.kr/review/307665237/307665237_1783343378818.jpeg?RS=300"", ""https://media.wconcept.co.kr/review/307665237/307665237_1783343378716.jpeg?RS=300""]"
307665237,로브로브,[9/13 단 하루!] [W컨셉 단독][1+1][2PACK] [19차 리오더] 마이 애티튜드 니트 가디건_(8color),https://www.wconcept.co.kr/Product/307665237,3,17,wc******,2026.07.02,"RED, IVORY",소재가 도톰하니 좋아요 가을에 입으려고 쟁여놓았어요,5.0,"{""사이즈"": ""적당함"", ""색상"": ""같음"", ""소재"": ""같음""}","[""https://media.wconcept.co.kr/review/307665237/307665237_1782991310406.jpg?RS=300""]"
307665237,로브로브,[9/13 단 하루!] [W컨셉 단독][1+1][2PACK] [19차 리오더] 마이 애티튜드 니트 가디건_(8color),https://www.wconcept.co.kr/Product/307665237,3,18,ki******,2026.06.30,"BLACK, MELANGE GREY",소재가 탄탄하고 부드러워요 색상도 굿 단추포인트도 굿,5.0,"{""사이즈"": ""적당함"", ""색상"": ""같음"", ""소재"": ""같음""}","[""https://media.wconcept.co.kr/review/307665237/307665237_1782819723287.jpeg?RS=300""]"
308972882,틸아이다이,[단 하루!] [여울 Pick] Suede utility half jacket [TIFA06JK02]_Dark brown,https://www.wconcept.co.kr/Product/308972882,1,1,th******,2026.09.11,DARK BROWN_FREE,여울님 입은거 보고 예뻐서 손민수 했습니다 실물이 더 고급진거 같아요 ㅎㅎ 급 추워져서 구매했어요! 길이감도 적당히 엉덩이 가려주고 스웨이드인데 생각보다 가벼워서 좋네요 가을가을 느낌 컬러라 만족 합니다 !,5.0,"{""사이즈"": ""적당함"", ""색상"": ""같음"", ""소재"": ""같음""}","[""https://media.wconcept.co.kr/review/308972882/308972882_1789116798947.jpeg?RS=300"", ""https://media.wconcept.co.kr/review/308972882/308972882_1789116798856.jpeg?RS=300""]"
308972882,틸아이다이,[단 하루!] [여울 Pick] Suede utility half jacket [TIFA06JK02]_Dark brown,https://www.wconcept.co.kr/Product/308972882,1,2,jj******,2026.09.11,DARK BROWN_FREE,스웨이드 자켓은 첫 도전이라 걱정했는데 너무 마음에 들어요!! 소재도 부드럽고 디테일도 깔끔하게 포인트 돼서 예뻐요..🥹 날도 추워져서 요즘 입기 딱 좋을 것 같습니당~~,5.0,"{""사이즈"": ""적당함"", ""색상"": ""같음"", ""소재"": ""같음""}","[""https://media.wconcept.co.kr/review/308972882/308972882_1789114210954.jpeg?RS=300"", ""https://media.wconcept.co.kr/review/308972882/308972882_1789114210836.jpeg?RS=300""]"
308919872,하우투러브미,[30%쿠폰] 메이 논페이드 블랙 생지 데님[black],https://www.wconcept.co.kr/Product/308919872,1,1,gp******,2026.09.13,BLACK_M,니트랑 입었는데 너무 이쁘네요ㅠㅠ 핏도 이쁘고 기장감도 좋아요! 벨트랑 같이 구매했는데 벨트랑도 잘 어울려요,5.0,"{""사이즈"": ""적당함"", ""색상"": ""같음"", ""소재"": ""같음""}",[]
308919872,하우투러브미,[30%쿠폰] 메이 논페이드 블랙 생지 데님[black],https://www.wconcept.co.kr/Product/308919872,1,2,hy******,2026.09.12,BLACK_L,같은 브랜드 데님을 두종류 샀는데 다른 데님에 비하면 허리가 여유없이 딱 맞네요 M사이즈 샀으면 허리가 작았을 거 같아요 핏이 아주 예술이네요 끝장납니다ㅎㅎ,5.0,"{""사이즈"": ""적당함"", ""색상"": ""같음"", ""소재"": ""같음""}","[""https://media.wconcept.co.kr/review/308919872/308919872_1789196042627.jpg?RS=300""]"
308919872,하우투러브미,[30%쿠폰] 메이 논페이드 블랙 생지 데님[black],https://www.wconcept.co.kr/Product/308919872,1,3,wc******,2026.09.12,BLACK_S,생지진이 갖고싶어서 구매햇어용 넘 얇지두 두껍지도 않은 두께라서 좋어요^^,5.0,"{""사이즈"": ""적당함"", ""색상"": ""같음"", ""소재"": ""같음""}","[""https://media.wconcept.co.kr/review/308919872/308919872_1789180242008.jpeg?RS=300""]"
308919872,하우투러브미,[30%쿠폰] 메이 논페이드 블랙 생지 데님[black],https://www.wconcept.co.kr/Product/308919872,1,4,js******,2026.09.12,BLACK_S,깔끔하고 예뻐요 ㅎㅎ 생각보다는 얇습니다!!,5.0,"{""사이즈"": ""적당함"", ""색상"": ""같음"", ""소재"": ""같음""}",[]
308919872,하우투러브미,[30%쿠폰] 메이 논페이드 블랙 생지 데님[black],https://www.wconcept.co.kr/Product/308919872,1,5,yo******,2026.09.10,BLACK_S,일주일에 두 번 이상은 입는 거 같아요 너무 예뻐요 상의에 따라 캐주얼룩으로도 단정룩으로도 입을 수 있어서 활용성이 너무 높아요! 상의를 밝은 걸 입어보진 않았지만 묻어남이나 이런 것두 없었습니다 이번 하우투 너무 예뻐요 -!!!!,5.0,"{""사이즈"": ""적당함"", ""색상"": ""같음"", ""소재"": ""같음""}",[]
308919872,하우투러브미,[30%쿠폰] 메이 논페이드 블랙 생지 데님[black],https://www.wconcept.co.kr/Product/308919872,1,6,4g******,2026.09.10,BLACK_M,"진짜 군더더기 없는 디테일이 마음에 들어요. 받자마자 핏 체크하고 세탁했는데 물빠짐, 이염 없습니다. 슬랙스처럼 적당히 포멀한 느낌이 있어서 좋아요.",5.0,"{""사이즈"": ""적당함"", ""색상"": ""같음"", ""소재"": ""같음""}",[]
308919872,하우투러브미,[30%쿠폰] 메이 논페이드 블랙 생지 데님[black],https://www.wconcept.co.kr/Product/308919872,2,7,ej******,2026.09.09,BLACK_L,와이드핏 이고 길이 적당하고 컬러 모두 마음에 드네요 착장 후 핏도 너무 마음에 듭니다 마감 디테일 뭐 하나 험잡을때 없어요 내일 당장 입고 출근 하려고 합니다,5.0,"{""사이즈"": ""적당함"", ""색상"": ""같음"", ""소재"": ""같음""}","[""https://media.wconcept.co.kr/review/308919872/308919872_1788956169088.jpeg?RS=300""]"
308919872,하우투러브미,[30%쿠폰] 메이 논페이드 블랙 생지 데님[black],https://www.wconcept.co.kr/Product/308919872,2,8,wc******,2026.09.09,BLACK_S,바지 처음 사보는데 실물이 더더 이뻐요 핏도 너무 대만족입니다 하지만 바지안쪽 실밭정리가 제대로 안되여 있어서 아쉬웠어요 ! 그치만 옷이 너무 이뻐수 만족합니다,5.0,"{""사이즈"": ""적당함"", ""색상"": ""같음"", ""소재"": ""같음""}","[""https://media.wconcept.co.kr/review/308919872/308919872_1788933793837.jpeg?RS=300"", ""https://media.wconcept.co.kr/review/308919872/308919872_1788933793727.jpeg?RS=300""]"
308919872,하우투러브미,[30%쿠폰] 메이 논페이드 블랙 생지 데님[black],https://www.wconcept.co.kr/Product/308919872,2,9,wl******,2026.09.07,BLACK_M,바지 핏 너무 예뻐요 힐에 입으면 더 예쁠거 같은데 이렇게 플랫에 입어도 다리 길어보여요 슬랙스 같기도 하고 ㅎㅎ 너무 캐주얼 하지 않아서 하객룩으로도 오피스룩으로도 입기 좋아요,5.0,"{""사이즈"": ""적당함"", ""색상"": ""같음"", ""소재"": ""같음""}","[""https://media.wconcept.co.kr/review/308919872/308919872_1788787397300.jpeg?RS=300""]"
308919872,하우투러브미,[30%쿠폰] 메이 논페이드 블랙 생지 데님[black],https://www.wconcept.co.kr/Product/308919872,2,10,ye******,2026.09.05,BLACK_S,허리 부분이 넘나 깔끔해요 기장은 조금 수선할 예정이에요~ 이번 바지도 성공적입니당,5.0,"{""사이즈"": ""적당함"", ""색상"": ""같음"", ""소재"": ""같음""}","[""https://media.wconcept.co.kr/review/308919872/308919872_1788609602103.jpeg?RS=300""]"
308919872,하우투러브미,[30%쿠폰] 메이 논페이드 블랙 생지 데님[black],https://www.wconcept.co.kr/Product/308919872,2,11,wc******,2026.09.05,BLACK_S,이번 여름 주구장창 입었던 다잉팬츠의 생지버전이라 믿고 구매했어요. 가을 겨울 여기저기 잘 입어질 색입니다 ! 핏도.. 말해뭐해요 최고👍🏻,5.0,"{""사이즈"": ""적당함"", ""색상"": ""같음"", ""소재"": ""같음""}","[""https://media.wconcept.co.kr/review/308919872/308919872_1788594290759.jpeg?RS=300""]"
308919872,하우투러브미,[30%쿠폰] 메이 논페이드 블랙 생지 데님[black],https://www.wconcept.co.kr/Product/308919872,2,12,sg******,2026.09.05,BLACK_S,바지 핏이 너무 이쁩니다ㅜㅜ 사진보다 실물로 입었을때 훨씬 더 이쁜거 같아요!!,5.0,"{""사이즈"": ""적당함"", ""색상"": ""같음"", ""소재"": ""같음""}",[]
308919872,하우투러브미,[30%쿠폰] 메이 논페이드 블랙 생지 데님[black],https://www.wconcept.co.kr/Product/308919872,3,13,wc******,2026.09.04,BLACK_S,다리가 정말 길어보여요! 깔끔하게 툭 떨어져서 단정하게 입기 좋아요~ 길이도 발덮는걸 선호해서 저한텐 딱 맞다고 생각됩니다 셔츠에 입으면 예쁠거같아요🤍,5.0,"{""사이즈"": ""적당함"", ""색상"": ""같음"", ""소재"": ""같음""}","[""https://media.wconcept.co.kr/review/308919872/308919872_1788510803628.jpeg?RS=300""]"
308892198,룩캐스트,[오늘이 마지막!] 캐시미어 딥 브이넥 니트 / CASHMERE DEEP V-NECK KNIT_5colors,https://www.wconcept.co.kr/Product/308892198,1,1,ka******,2026.09.12,"BLACK, ONE",부드러워서 착용감 너무 좋아요 여리여리핏 최고 배송도 빨리오고 보풀제거기도 같이 주셔서 감사합니다,5.0,"{""사이즈"": ""적당함"", ""색상"": ""같음"", ""소재"": ""같음""}","[""https://media.wconcept.co.kr/review/308892198/308892198_1789200637987.jpg?RS=300""]"
308892198,룩캐스트,[오늘이 마지막!] 캐시미어 딥 브이넥 니트 / CASHMERE DEEP V-NECK KNIT_5colors,https://www.wconcept.co.kr/Product/308892198,1,2,dd******,2026.09.12,"MELANGE GREY, ONE",포장 깔끔하게 잘 왔어요~ 인스타에서 보고 구매했는데 설명한거처럼 부들부들 감촉도 너무 니트가 탄탄해요. 올 가을겨울 스타일리쉬하게 잘 이을거 같아요,5.0,"{""사이즈"": ""적당함"", ""색상"": ""같음"", ""소재"": ""같음""}","[""https://media.wconcept.co.kr/review/308892198/308892198_1789189600618.jpeg?RS=300"", ""https://media.wconcept.co.kr/review/308892198/308892198_1789189600481.jpeg?RS=300""]"
308892198,룩캐스트,[오늘이 마지막!] 캐시미어 딥 브이넥 니트 / CASHMERE DEEP V-NECK KNIT_5colors,https://www.wconcept.co.kr/Product/308892198,1,3,ho******,2026.09.08,"MELANGE GREY, ONE",유행템을 잘 안사는데 무난하면서도 포인트 될거같아서 샀어요 부드럽고 매치하기 좋을것같아요,5.0,"{""사이즈"": ""적당함"", ""색상"": ""같음"", ""소재"": ""같음""}","[""https://media.wconcept.co.kr/review/308892198/308892198_1788862799426.jpeg?RS=300""]"
308892198,룩캐스트,[오늘이 마지막!] 캐시미어 딥 브이넥 니트 / CASHMERE DEEP V-NECK KNIT_5colors,https://www.wconcept.co.kr/Product/308892198,1,4,jy******,2026.09.07,"MELANGE GREY, ONE","헤이가가님 보고 구매했어요 ㅎㅎ 요즘 브이넥이 유행인 것 같아서 눈여겨보다가 구매했는데, 레이어드해서 입으니까 생각보다 더 예쁘더라구요! 단독으로 입어도 좋지만 티셔츠랑 같이 매치하니 자연스럽게 스타일링되고, 여리여리한 느낌도 나서 마음에 들어요. 데일리로 자주 입게 될 것 같아",5.0,"{""사이즈"": ""적당함"", ""색상"": ""같음"", ""소재"": ""같음""}","[""https://media.wconcept.co.kr/review/308892198/308892198_1788738511568.jpg?RS=300""]"
308892198,룩캐스트,[오늘이 마지막!] 캐시미어 딥 브이넥 니트 / CASHMERE DEEP V-NECK KNIT_5colors,https://www.wconcept.co.kr/Product/308892198,1,5,ye******,2026.09.06,"BLACK, ONE",딥브이넥 니트 여러개 사봤는데 룩캐꺼 넘 맘에 들어요!!! 캐시미어라 부들부들하고 가벼운데 포근한 느낌…? 핏도 딱 이뻐요 !!!! 딥브이넥 고민하시는분들 요고 사세요…,5.0,"{""사이즈"": ""적당함"", ""색상"": ""같음"", ""소재"": ""같음""}","[""https://media.wconcept.co.kr/review/308892198/308892198_1788700227115.jpeg?RS=300"", ""https://media.wconcept.co.kr/review/308892198/308892198_1788700227014.jpeg?RS=300""]"
308892198,룩캐스트,[오늘이 마지막!] 캐시미어 딥 브이넥 니트 / CASHMERE DEEP V-NECK KNIT_5colors,https://www.wconcept.co.kr/Product/308892198,1,6,wc******,2026.09.04,"MELANGE GREY, ONE",요즘 딥 브이넥 없는 곳이 없어서 어디서 사야하나 고민 많이 했는데 잘 산 것 같아요 루즈하게 입을 수 있는 핏이라서 손 자주 갈 것 같은 스타일이네요 처음은 데님이랑 입었는데 미디 스커트랑 입어도 예쁠 것 같아서 나중에는 스커트랑 입으려고요~~ 미리미리 쟁일라고 빨리 구매했는데 너무 잘한듯!,5.0,"{""사이즈"": ""적당함"", ""색상"": ""같음"", ""소재"": ""같음""}","[""https://media.wconcept.co.kr/review/308892198/308892198_1788517389907.jpeg?RS=300"", ""https://media.wconcept.co.kr/review/308892198/308892198_1788517389806.jpeg?RS=300""]"
308892198,룩캐스트,[오늘이 마지막!] 캐시미어 딥 브이넥 니트 / CASHMERE DEEP V-NECK KNIT_5colors,https://www.wconcept.co.kr/Product/308892198,2,7,pd******,2026.09.03,"BLACK, ONE",요즘 딥브이넥 유행인데 캐시미어 소재라 룩캐스트 상품으로 구매했어요! 여기저기 레이어드 코디하기 좋네요ㅎㅎ,5.0,"{""사이즈"": ""적당함"", ""색상"": ""같음"", ""소재"": ""같음""}","[""https://media.wconcept.co.kr/review/308892198/308892198_1788419132280.jpeg?RS=300"", ""https://media.wconcept.co.kr/review/308892198/308892198_1788419132145.jpeg?RS=300""]"
308892198,룩캐스트,[오늘이 마지막!] 캐시미어 딥 브이넥 니트 / CASHMERE DEEP V-NECK KNIT_5colors,https://www.wconcept.co.kr/Product/308892198,2,8,je******,2026.09.03,"MELANGE GREY, ONE",인플 입은거보고 이뻐서 따라 사봤어요 소재도 부들거리고 입었을때 여리여리해보여요 이제 날선선해져서 안에 나시랑 입으니까 안덥고 좋더라구여!,5.0,"{""사이즈"": ""적당함"", ""색상"": ""같음"", ""소재"": ""같음""}","[""https://media.wconcept.co.kr/review/308892198/308892198_1788414052835.jpeg?RS=300""]"
308934979,로브로브,[9/13 단 하루!] [다연PICK][4차 리오더] 스컬프트 드레이핑 니트_(3color),https://www.wconcept.co.kr/Product/308934979,1,1,92******,2026.09.12,SKY BLUE_FREE,색상 오묘하니 한 톤 밝아 보여요. 슬랙스랑 정말 잘 어울리고 니트가 튼튼해서 생각보다 훨씬 오래입겠어요. 드레이핑 넥라인 너무 예뻐요. 지인분이 예쁘다고 어디서 샀냐고 물어봤어요~,5.0,"{""사이즈"": ""적당함"", ""색상"": ""같음"", ""소재"": ""같음""}","[""https://media.wconcept.co.kr/review/308934979/308934979_1789198272873.jpg?RS=300""]"
308934979,로브로브,[9/13 단 하루!] [다연PICK][4차 리오더] 스컬프트 드레이핑 니트_(3color),https://www.wconcept.co.kr/Product/308934979,1,2,no******,2026.09.11,MELANGE GREY_FREE,실물이 훨씬 이쁘고 입었을때 날씬해보여서 너므 만족요 어깨쪽 드레이핑돼서 유니크하기도 하구 데이트룩 경조사룩으로 둘 다 넘나 유용합니다 색상두 딱 예쁜 멜란지그레이에요 바지나 치마 어디에나 잘 어울려서 활용도 높아용,5.0,"{""사이즈"": ""적당함"", ""색상"": ""같음"", ""소재"": ""같음""}",[]
308934979,로브로브,[9/13 단 하루!] [다연PICK][4차 리오더] 스컬프트 드레이핑 니트_(3color),https://www.wconcept.co.kr/Product/308934979,1,3,sn******,2026.09.10,MELANGE GREY_FREE,드레이프 디자인 너무 이쁘네요 ! 촤르르 넘넘 이ㅃㄷㅁ,5.0,"{""사이즈"": ""적당함"", ""색상"": ""같음"", ""소재"": ""같음""}","[""https://media.wconcept.co.kr/review/308934979/308934979_1789033860811.jpeg?RS=300""]"
308934979,로브로브,[9/13 단 하루!] [다연PICK][4차 리오더] 스컬프트 드레이핑 니트_(3color),https://www.wconcept.co.kr/Product/308934979,1,4,le******,2026.09.10,MELANGE GREY_FREE,색감은 화면에 보는 그대로 적당한 그레이색상이에요 소재는 부드럽고 적당히 도톰해서 지금부터 겨울에는 이너로 잘입을것같아요 모양을 잘잡아줘서 입으면 이뿔것같아요 목라인이 답답하지않고 티하나만으로 포인트되어서 좋아요^^,5.0,"{""사이즈"": ""적당함"", ""색상"": ""같음"", ""소재"": ""같음""}","[""https://media.wconcept.co.kr/review/308934979/308934979_1789004656457.jpg?RS=300""]"
308934979,로브로브,[9/13 단 하루!] [다연PICK][4차 리오더] 스컬프트 드레이핑 니트_(3color),https://www.wconcept.co.kr/Product/308934979,1,5,th******,2026.09.09,MELANGE GREY_FREE,쫀쫀한 니트타입으로 여성스러워요 기본으로 잘입을것같아요,5.0,"{""사이즈"": ""작음"", ""색상"": ""같음"", ""소재"": ""같음""}","[""https://media.wconcept.co.kr/review/308934979/308934979_1788956866409.jpg?RS=300""]"
308934979,로브로브,[9/13 단 하루!] [다연PICK][4차 리오더] 스컬프트 드레이핑 니트_(3color),https://www.wconcept.co.kr/Product/308934979,1,6,wc******,2026.09.07,SKY BLUE_FREE,날씨가 점점 쌀쌀해지면서 입을 수 있는 제품 찾았는데 정말 예쁘게 잘 입구 있어요 ~ 넥부분부터 분위기 있게 느낌있어서 옷 입었을때 저의 모습이 아주 마음에 듭니다 회사에서도 결혼식때도 아주 잘 입을 수 있어요,5.0,"{""사이즈"": ""적당함"", ""색상"": ""같음"", ""소재"": ""같음""}",[]
308934979,로브로브,[9/13 단 하루!] [다연PICK][4차 리오더] 스컬프트 드레이핑 니트_(3color),https://www.wconcept.co.kr/Product/308934979,2,7,na******,2026.09.07,MELANGE GREY_FREE,멜란지 그레이 색상이 차분하면서도 분위기 있어서 데일리로 입기 좋아요. 니트가 부드럽고 신축성이 있어 몸에 자연스럽게 떨어지면서 여리한 느낌도 나서 정말 예쁘네요. 스커트는 물론 슬랙스나 데님에도 잘 어울려서 자주 입을 것 같아요.,5.0,"{""사이즈"": ""적당함"", ""색상"": ""같음"", ""소재"": ""같음""}",[]
308934979,로브로브,[9/13 단 하루!] [다연PICK][4차 리오더] 스컬프트 드레이핑 니트_(3color),https://www.wconcept.co.kr/Product/308934979,2,8,di******,2026.09.07,OATMEAL_FREE,드레이핑이 넥라인을 너무 예쁘게 보이게 해주는거 같아요. .색상도 가을에 잘 어울려서 지금부터 입기 좋은거 같아요,5.0,"{""사이즈"": ""적당함"", ""색상"": ""같음"", ""소재"": ""같음""}",[]
308934979,로브로브,[9/13 단 하루!] [다연PICK][4차 리오더] 스컬프트 드레이핑 니트_(3color),https://www.wconcept.co.kr/Product/308934979,2,9,fl******,2026.09.06,MELANGE GREY_FREE,이런 디자인 좋아해서 바로 구매했는데 역시 예쁘네요ㅎㅎ 이런 기본 + 디테일 있는 니트류 중에서는 이때까지 산것 중에서 얘가 1등인 것 같아요 예쁘기도 예쁜데 소재 퀄리티가 너무 좋아서 완전 1등 쫀쫀+튼튼해요,5.0,"{""사이즈"": ""적당함"", ""색상"": ""같음"", ""소재"": ""같음""}","[""https://media.wconcept.co.kr/review/308934979/308934979_1788689632226.jpg?RS=300""]"
308934979,로브로브,[9/13 단 하루!] [다연PICK][4차 리오더] 스컬프트 드레이핑 니트_(3color),https://www.wconcept.co.kr/Product/308934979,2,10,a0******,2026.09.06,MELANGE GREY_FREE,드레이핑 넥라인 진짜 미춋!!! 니트가 흘러내리는 재질이 아니라 톡톡해서 스타일링 하기 너무 좋아요. 살짝 쇄골 보이는데 그레이 색상이라 너무 캐주얼 하지 않으면서도 엄청 우아해보여요. 지인들이 옷 너무 잘 어울린다고^^ 기부니가 좋습니당,5.0,"{""사이즈"": ""적당함"", ""색상"": ""같음"", ""소재"": ""같음""}",[]
308934979,로브로브,[9/13 단 하루!] [다연PICK][4차 리오더] 스컬프트 드레이핑 니트_(3color),https://www.wconcept.co.kr/Product/308934979,2,11,ho******,2026.09.06,OATMEAL_FREE,가을 되자마자 입어주려구 구매했는데 지금 날씨도 선선해서 너무 잘 어울려요 ㅎㅎ 분위기 있고 여성여성 스러워서 이쁘네요! 마감처리도 잘 되어 있고 ㅎ 옷 원감이 부드럽고 좋아요,5.0,"{""사이즈"": ""적당함"", ""색상"": ""같음"", ""소재"": ""같음""}",[]
308934979,로브로브,[9/13 단 하루!] [다연PICK][4차 리오더] 스컬프트 드레이핑 니트_(3color),https://www.wconcept.co.kr/Product/308934979,2,12,wc******,2026.09.05,OATMEAL_FREE,"오트밀 컬러가 차분하고 따뜻한 느낌이라 가을부터 겨울까지 활용하기 좋겠어요~ 니트 소재가 부드럽고 적당히 도톰해서 착용감이 편하며, 몸에 자연스럽게 떨어지는 핏도 마음에 듭니다:) 단독으로 입어도 깔끔하고 셔츠나 아우터와 레이어드하기에도 잘 어울려 데일리로 활용하기 좋은 아이템이에요✨",5.0,"{""사이즈"": ""적당함"", ""색상"": ""같음"", ""소재"": ""같음""}",[]
308934979,로브로브,[9/13 단 하루!] [다연PICK][4차 리오더] 스컬프트 드레이핑 니트_(3color),https://www.wconcept.co.kr/Product/308934979,3,13,wc******,2026.09.05,OATMEAL_FREE,맵시해보여서 고민하다가 구매했는데 소재도 부드럽고 몸이 착 감기는게 편하고 좋아요 이쁘게 잘입을게요,5.0,"{""사이즈"": ""적당함"", ""색상"": ""같음"", ""소재"": ""같음""}",[]
308934979,로브로브,[9/13 단 하루!] [다연PICK][4차 리오더] 스컬프트 드레이핑 니트_(3color),https://www.wconcept.co.kr/Product/308934979,3,14,ys******,2026.09.04,MELANGE GREY_FREE,"모델 착용샷 보고 고민 없이 구매했는데 실제로 받아보니 생각했던 것보다 더 만족스러워요. 멜란지 그레이 색감이 은은해서 데일리로 활용하기 좋고, 너무 밋밋하지 않으면서 넥라인 디테일 덕분에 입었을 때 분위기가 한층 깔끔해 보여요. 적당히 탄탄하고 도톰한 편이라 흐물거리지 않고 핏이 예쁘게 잡히네요. 청바지나 슬랙스에 두루 잘 어울려서 출근룩부터 약속 있는 날까지 활용도가 높을 것 같아요. 만조옥!",5.0,"{""사이즈"": ""적당함"", ""색상"": ""같음"", ""소재"": ""같음""}",[]
308934979,로브로브,[9/13 단 하루!] [다연PICK][4차 리오더] 스컬프트 드레이핑 니트_(3color),https://www.wconcept.co.kr/Product/308934979,3,15,wc******,2026.09.04,OATMEAL_FREE,넥라인에 들어간 주름 포인트가 정말 맘에 들어요 기본니트이지만 넥라인 포인트로 너무 밋밋해보이지않아요 쇄골라인이랑 어깨라인도 훨씬 예뻐보이기게하는 효과도 있는것 같아요,5.0,"{""사이즈"": ""적당함"", ""색상"": ""같음"", ""소재"": ""같음""}",[]
308934979,로브로브,[9/13 단 하루!] [다연PICK][4차 리오더] 스컬프트 드레이핑 니트_(3color),https://www.wconcept.co.kr/Product/308934979,3,16,hi******,2026.09.03,MELANGE GREY_FREE,"주름진 부분 너무 예쁘고 어깨 라인이랑 쇄골 라인 너무 예뻐 보여요...출근할 때나 약속 있을 때,결혼식장에서도 두루두루 잘 입을 것 같아요. 착용감도 너무 편안하고",5.0,"{""사이즈"": ""적당함"", ""색상"": ""같음"", ""소재"": ""같음""}","[""https://media.wconcept.co.kr/review/308934979/308934979_1788439502790.jpg?RS=300""]"
308934979,로브로브,[9/13 단 하루!] [다연PICK][4차 리오더] 스컬프트 드레이핑 니트_(3color),https://www.wconcept.co.kr/Product/308934979,3,17,ho******,2026.09.03,OATMEAL_FREE,모델 사진 보고 예뻐서 샀는데 실물이랑 완전 똑같네욤 핏 색상 전부 좋아요 넥라인 주름이 약간 고급진 느낌을 줘여 니트 좀 도톰해가지구 날씨 쌀쌀해져도 잘 입을 것 같아욤 은근 하객룩으로도 딱일듯여,5.0,"{""사이즈"": ""적당함"", ""색상"": ""같음"", ""소재"": ""같음""}","[""https://media.wconcept.co.kr/review/308934979/308934979_1788408488907.jpeg?RS=300""]"
308934979,로브로브,[9/13 단 하루!] [다연PICK][4차 리오더] 스컬프트 드레이핑 니트_(3color),https://www.wconcept.co.kr/Product/308934979,3,18,du******,2026.09.02,SKY BLUE_FREE,적당한 주름이 엄청 고급지네요 조금 두껍기도 하고 쫀쫀+튼튼해서 오래입겠어용 적당한 쇄골라인 노출할 수 있어서 좋아요,5.0,"{""사이즈"": ""적당함"", ""색상"": ""같음"", ""소재"": ""같음""}","[""https://media.wconcept.co.kr/review/308934979/308934979_1788349616996.jpg?RS=300""]"
308193105,반원 아틀리에,[유미 PICK]A3567 와플 래글런 티셔츠_Black,https://www.wconcept.co.kr/Product/308193105,1,1,wi******,2026.09.13,"Black, Free",그냥 면티가 아니라 쫀쫀한 느낌이 있는거같아요 편해요,5.0,"{""사이즈"": ""적당함"", ""색상"": ""같음"", ""소재"": ""같음""}","[""https://media.wconcept.co.kr/review/308193105/308193105_1789298821564.jpg?RS=300""]"
308193105,반원 아틀리에,[유미 PICK]A3567 와플 래글런 티셔츠_Black,https://www.wconcept.co.kr/Product/308193105,1,2,le******,2026.09.12,"Black, Free",가을맞이 회사에서 입을 옷으로 샀는데 나쁘지 않은 것 같아요. 잘 입어볼게요. 귀여워요. 근데 160센치 47킬로 기준 조금 폼이 넉넉하고 살짝 큰 감은 있어요. 박시하게 입을려면 좋은 것 같아요,5.0,"{""사이즈"": ""큼"", ""색상"": ""비슷함"", ""소재"": ""비슷함""}","[""https://media.wconcept.co.kr/review/308193105/308193105_1789219126627.jpg?RS=300""]"
308193105,반원 아틀리에,[유미 PICK]A3567 와플 래글런 티셔츠_Black,https://www.wconcept.co.kr/Product/308193105,1,3,mi******,2026.09.12,"Black, Free",추위를 많이 타서 그런지 두툽하니 좋네요 오늘 개시했어요,5.0,"{""사이즈"": ""적당함"", ""색상"": ""같음"", ""소재"": ""같음""}","[""https://media.wconcept.co.kr/review/308193105/308193105_1789193719315.jpeg?RS=300""]"
308193105,반원 아틀리에,[유미 PICK]A3567 와플 래글런 티셔츠_Black,https://www.wconcept.co.kr/Product/308193105,1,4,nn******,2026.09.12,"Black, Free",나그랑티 처음사보는데 너무너무 맘에들어요! 길이도 적당하고 지금 입기 딱입니다!,5.0,"{""사이즈"": ""적당함"", ""색상"": ""같음"", ""소재"": ""같음""}","[""https://media.wconcept.co.kr/review/308193105/308193105_1789193492566.jpg?RS=300""]"
308193105,반원 아틀리에,[유미 PICK]A3567 와플 래글런 티셔츠_Black,https://www.wconcept.co.kr/Product/308193105,1,5,mi******,2026.09.11,"Black, Free",마음에 드는데 뭔가 팔 소매가 조금 더 길었으면 좋았을거같아요.. 전반적으로 길이같은게 다 애매해요 그래도 퀄리티는 괜찮아요,5.0,"{""사이즈"": ""적당함"", ""색상"": ""비슷함"", ""소재"": ""비슷함""}","[""https://media.wconcept.co.kr/review/308193105/308193105_1789082296231.jpeg?RS=300""]"
308193105,반원 아틀리에,[유미 PICK]A3567 와플 래글런 티셔츠_Black,https://www.wconcept.co.kr/Product/308193105,1,6,un******,2026.09.08,"Black, Free",레글런 티셔츠 유행인듯 하여 검색하다가 얇은 게 대부분이라 이걸로 골랐어요,4.0,"{""사이즈"": ""적당함"", ""색상"": ""같음"", ""소재"": ""같음""}","[""https://media.wconcept.co.kr/review/308193105/308193105_1788873293117.jpg?RS=300""]"
308193105,반원 아틀리에,[유미 PICK]A3567 와플 래글런 티셔츠_Black,https://www.wconcept.co.kr/Product/308193105,2,7,ab******,2026.09.08,"Black, Free",와우~~ 재질 좋고 색감 이쁘고 중학생 딸이 나잇 이쁘다고 좋아하네요 귀엽고 다방면으로 활용도 좋은 옷이예요 다른색도 사려구요,5.0,"{""사이즈"": ""적당함"", ""색상"": ""같음"", ""소재"": ""같음""}","[""https://media.wconcept.co.kr/review/308193105/308193105_1788860078883.jpg?RS=300"", ""https://media.wconcept.co.kr/review/308193105/308193105_1788860078775.jpg?RS=300""]"
308193105,반원 아틀리에,[유미 PICK]A3567 와플 래글런 티셔츠_Black,https://www.wconcept.co.kr/Product/308193105,2,8,ph******,2026.09.08,"Black, Free",휘뚜루마뚜루 입기에 좋은거같아용!!! 좋은가격에 잘샀어용,5.0,"{""사이즈"": ""적당함"", ""색상"": ""같음"", ""소재"": ""같음""}","[""https://media.wconcept.co.kr/review/308193105/308193105_1788852085582.jpeg?RS=300""]"
308193105,반원 아틀리에,[유미 PICK]A3567 와플 래글런 티셔츠_Black,https://www.wconcept.co.kr/Product/308193105,2,9,ju******,2026.09.01,"Black, Free",너무 크지도 작지도 않게 잘 맞아요 뒷모습이 귀엽네요,4.0,"{""사이즈"": ""적당함"", ""색상"": ""비슷함"", ""소재"": ""비슷함""}","[""https://media.wconcept.co.kr/review/308193105/308193105_1788271084660.jpg?RS=300""]"
308193105,반원 아틀리에,[유미 PICK]A3567 와플 래글런 티셔츠_Black,https://www.wconcept.co.kr/Product/308193105,2,10,ej******,2026.09.01,"Black, Free",와플소재로 밋밋하지않아 좋고 데일리로 입기 좋아요,5.0,"{""사이즈"": ""적당함"", ""색상"": ""같음"", ""소재"": ""같음""}","[""https://media.wconcept.co.kr/review/308193105/308193105_1788262094939.jpg?RS=300""]"
308193105,반원 아틀리에,[유미 PICK]A3567 와플 래글런 티셔츠_Black,https://www.wconcept.co.kr/Product/308193105,2,11,wc******,2026.08.28,"Black, Free",재질도 괜찮고 편하게 입을수있을거 같아서 마음에듭니다,5.0,"{""사이즈"": ""적당함"", ""색상"": ""같음"", ""소재"": ""같음""}","[""https://media.wconcept.co.kr/review/308193105/308193105_1787884275486.jpg?RS=300""]"
308193105,반원 아틀리에,[유미 PICK]A3567 와플 래글런 티셔츠_Black,https://www.wconcept.co.kr/Product/308193105,2,12,ye******,2026.07.03,"Black, Free",좋아요 잘입어용좋아요 잘입어용좋아요 잘입어용좋아요 잘입어용좋아요 잘입어용좋아요 잘입어용좋아요 잘입어용조앙,5.0,"{""사이즈"": ""적당함"", ""색상"": ""같음"", ""소재"": ""같음""}",[]
308193105,반원 아틀리에,[유미 PICK]A3567 와플 래글런 티셔츠_Black,https://www.wconcept.co.kr/Product/308193105,3,13,fe******,2026.06.30,"Black, Free",여유로운 핏으로 여름에도 날씨가 선선할 땐 입어도 무방할듯하며 냉방이 강한 장소에서도 괜찮을 거 같습니다,5.0,"{""사이즈"": ""적당함"", ""색상"": ""같음"", ""소재"": ""같음""}",[]
308193105,반원 아틀리에,[유미 PICK]A3567 와플 래글런 티셔츠_Black,https://www.wconcept.co.kr/Product/308193105,3,14,ah******,2026.06.08,"Black, Free",큰 기대 안했는데 이거 완전 마음에 들어요 생각보다 두껍지 않고 핏이 예뻐요!,5.0,"{""사이즈"": ""적당함"", ""색상"": ""같음"", ""소재"": ""같음""}","[""https://media.wconcept.co.kr/review/308193105/308193105_1780917186787.jpeg?RS=300""]"
308193105,반원 아틀리에,[유미 PICK]A3567 와플 래글런 티셔츠_Black,https://www.wconcept.co.kr/Product/308193105,3,15,wc******,2026.06.07,"Black, Free",살짝 비침 있어서 이너 입어야하고 소재가 와플이라 시원하진 않아요 55-66인데 살짝 타이트한 느낌,5.0,"{""사이즈"": ""작음"", ""색상"": ""비슷함"", ""소재"": ""비슷함""}",[]
308193105,반원 아틀리에,[유미 PICK]A3567 와플 래글런 티셔츠_Black,https://www.wconcept.co.kr/Product/308193105,3,16,le******,2026.06.06,"Black, Free",구매한지 조금지났지만 너무 잘입었어요 다른 색상도 구매하고 싶을정도로 맘에들어요,5.0,"{""사이즈"": ""적당함"", ""색상"": ""같음"", ""소재"": ""같음""}","[""https://media.wconcept.co.kr/review/308193105/308193105_1780675070860.jpg?RS=300""]"
308193105,반원 아틀리에,[유미 PICK]A3567 와플 래글런 티셔츠_Black,https://www.wconcept.co.kr/Product/308193105,3,17,so******,2026.06.02,"Black, Free",사이즈가 맘에 들어요ㅎ 패턴도 특이하네요 ㅎㅎ,5.0,"{""사이즈"": ""적당함"", ""색상"": ""같음"", ""소재"": ""같음""}","[""https://media.wconcept.co.kr/review/308193105/308193105_1780355135762.jpg?RS=300""]"
308193105,반원 아틀리에,[유미 PICK]A3567 와플 래글런 티셔츠_Black,https://www.wconcept.co.kr/Product/308193105,3,18,uc******,2026.06.01,"Black, Free","5월 동안 단품으로, 자켓안에 두루두루 잘 입었어요! 코디하기 애매한 날씨에 휘뚤마뚤 아이템입니다! 간절이템 추천드려요! 참 재질이 구김없어서 따로 다림질 안해도 되서 좋아여~",5.0,"{""사이즈"": ""적당함"", ""색상"": ""같음"", ""소재"": ""같음""}","[""https://media.wconcept.co.kr/review/308193105/308193105_1780308791613.jpeg?RS=300""]"
308867985,망고매니플리즈,[20%쿠폰] [단독][4th]UNTIL FIELD JACKET_KHAKI,https://www.wconcept.co.kr/Product/308867985,1,1,ji******,2026.09.13,"KHAKI, S",너무 예쁜 야상입니다.야상 찾는다고 이틀을 검색만하다가 두 브랜드로 추려졌는데 드디어 맘에 드는 야상을 발견했어요!너무 예뻐요!!!,5.0,"{""사이즈"": ""적당함"", ""색상"": ""같음"", ""소재"": ""같음""}","[""https://media.wconcept.co.kr/review/308867985/308867985_1789295067473.jpg?RS=300""]"
308867985,망고매니플리즈,[20%쿠폰] [단독][4th]UNTIL FIELD JACKET_KHAKI,https://www.wconcept.co.kr/Product/308867985,1,2,Wn******,2026.09.12,"KHAKI, S",예쁘고~ 편하고~ 좋아요~ 여기저기잘입을것같아요~,5.0,"{""사이즈"": ""적당함"", ""색상"": ""비슷함"", ""소재"": ""비슷함""}","[""https://media.wconcept.co.kr/review/308867985/308867985_1789222213160.jpg?RS=300""]"
308867985,망고매니플리즈,[20%쿠폰] [단독][4th]UNTIL FIELD JACKET_KHAKI,https://www.wconcept.co.kr/Product/308867985,1,3,fe******,2026.09.12,"KHAKI, S","마음에 드는게 야상이 없어서 찾다가 망고매니플리즈 에서 발견! 가격 때문에 살짝 망설였지만 오버핏에 가볍고 디테일도 이쁘고 입었을때 핏이 너무 마음에 들어요! 팬츠,반바지, 롱스커드 다 잘 어울리고 유행안타는 야상이라 오랫동안 입을수있을것같아요!",5.0,"{""사이즈"": ""큼"", ""색상"": ""같음"", ""소재"": ""같음""}","[""https://media.wconcept.co.kr/review/308867985/308867985_1789203988441.JPG?RS=300""]"
308867985,망고매니플리즈,[20%쿠폰] [단독][4th]UNTIL FIELD JACKET_KHAKI,https://www.wconcept.co.kr/Product/308867985,1,4,as******,2026.09.12,"KHAKI, S",디자인 심플하니 좋아요 단 가격대비 비싼감은 있어요,4.0,"{""사이즈"": ""큼"", ""색상"": ""같음"", ""소재"": ""같음""}","[""https://media.wconcept.co.kr/review/308867985/308867985_1789186562722.jpeg?RS=300""]"
308867985,망고매니플리즈,[20%쿠폰] [단독][4th]UNTIL FIELD JACKET_KHAKI,https://www.wconcept.co.kr/Product/308867985,1,5,ja******,2026.09.11,"KHAKI, M",리뷰가 다들 너무극찬이길래 야상치고 기준에서 가격이 좀 쎗지만 리뷰믿고구입해습니다 어마어마까지는아니지만 유행없이 오래입을수잇을거같아요 오버핏좋아해서 m햇는데 어청오버핏은아닌거같아서 갠춘해요 좀더두터운 니트입고도 충분히가능하고 어깨선 아예드롭되서 애매하지않아서 좋아요,5.0,"{""사이즈"": ""적당함"", ""색상"": ""비슷함"", ""소재"": ""비슷함""}","[""https://media.wconcept.co.kr/review/308867985/308867985_1789105006365.jpeg?RS=300""]"
308867985,망고매니플리즈,[20%쿠폰] [단독][4th]UNTIL FIELD JACKET_KHAKI,https://www.wconcept.co.kr/Product/308867985,1,6,ej******,2026.09.11,"KHAKI, S",가격때문에 망설였는데 이 브랜드 옷 믿고 샀어요. 옷 너무 이뻐요. 잘 입을께요.,5.0,"{""사이즈"": ""적당함"", ""색상"": ""비슷함"", ""소재"": ""비슷함""}","[""https://media.wconcept.co.kr/review/308867985/308867985_1789102176295.jpg?RS=300""]"
308867985,망고매니플리즈,[20%쿠폰] [단독][4th]UNTIL FIELD JACKET_KHAKI,https://www.wconcept.co.kr/Product/308867985,2,7,ad******,2026.09.11,"KHAKI, S",야상 스타일 너무 좋아하는데 루즈하고 스타일 좋게 나온거 같아요. 입고 소매좀 접고 만져주면 진짜 멋스럽게 분위기 있어요. 예쁘게 잘 입을 것 같아요.,5.0,"{""사이즈"": ""큼"", ""색상"": ""같음"", ""소재"": ""같음""}","[""https://media.wconcept.co.kr/review/308867985/308867985_1789056240001.jpg?RS=300""]"
308867985,망고매니플리즈,[20%쿠폰] [단독][4th]UNTIL FIELD JACKET_KHAKI,https://www.wconcept.co.kr/Product/308867985,2,8,mi******,2026.09.10,"KHAKI, M",크다는 얘기에 한참 고민하다가 껴입을거 생각하고 m 구매했어요. 확실히 크긴 큰데 스트링으로 조여주니 괜찮아요. 얇은 긴 팔 위에 걸치니 좀 여리해 보이기도 합니다. 좀 추워져도 껴입을 수 있어서 더 괜찮구요.,5.0,"{""사이즈"": ""큼"", ""색상"": ""비슷함"", ""소재"": ""비슷함""}","[""https://media.wconcept.co.kr/review/308867985/308867985_1789039305224.jpeg?RS=300""]"
308867985,망고매니플리즈,[20%쿠폰] [단독][4th]UNTIL FIELD JACKET_KHAKI,https://www.wconcept.co.kr/Product/308867985,2,9,kh******,2026.09.09,"KHAKI, M",유투버 착용샷 보고 구매했는데 후기도 좋고 옷도 이쁘고 최고네요! 엠사이즈 낙낙하니 잘 맞고 2026 FW에 야상이 유행템이라고 해서 겸사겸사 구매 잘했네요 한가지 아쉬운건 밝은 이너티는 이염 가능성이 있다는게 살짝 아쉽지만 옷 핏은 정말 예술입니다,5.0,"{""사이즈"": ""적당함"", ""색상"": ""같음"", ""소재"": ""같음""}","[""https://media.wconcept.co.kr/review/308867985/308867985_1788964919141.jpeg?RS=300""]"
308867985,망고매니플리즈,[20%쿠폰] [단독][4th]UNTIL FIELD JACKET_KHAKI,https://www.wconcept.co.kr/Product/308867985,2,10,cy******,2026.09.09,"KHAKI, M","예쁜 카키색이고 완전 오버핏입니다 사이즈 고민했는데, 스몰이랑 별로 차이 안나기도하고 오버핏 좋아해서 미듐으로 했는데, 마음에들어요 스몰해도 될것같긴해요",5.0,"{""사이즈"": ""큼"", ""색상"": ""같음"", ""소재"": ""같음""}","[""https://media.wconcept.co.kr/review/308867985/308867985_1788918362524.jpeg?RS=300""]"
308867985,망고매니플리즈,[20%쿠폰] [단독][4th]UNTIL FIELD JACKET_KHAKI,https://www.wconcept.co.kr/Product/308867985,2,11,kj******,2026.09.09,"KHAKI, S",인생 야상 자켓이라길래 믿고 구매했어요:) 167인데도 s사이즈 여유있게 오버핏이고 소재도 탄탄하고 하이넥이라 맘에 듭니다! 추워지면 휘뚜루마뚜루템으로 어디든 코티할 수 있을 것 같아요:),5.0,"{""사이즈"": ""큼"", ""색상"": ""같음"", ""소재"": ""같음""}","[""https://media.wconcept.co.kr/review/308867985/308867985_1788917648446.jpeg?RS=300"", ""https://media.wconcept.co.kr/review/308867985/308867985_1788917648337.jpeg?RS=300""]"
308867985,망고매니플리즈,[20%쿠폰] [단독][4th]UNTIL FIELD JACKET_KHAKI,https://www.wconcept.co.kr/Product/308867985,2,12,si******,2026.09.09,"KHAKI, S",가격대가 있는편이라 고민하다가 구매했는데 역시 망매플이란 생각이 들면서 값어치 한다 싶어요 ㅋㅋ 168에 60키러 떡대있는데도 세상 여리해보이고 너무 좋습니다 두께감도 톡톡해서 옷에 힘이 있어서 좋네요,5.0,"{""사이즈"": ""큼"", ""색상"": ""비슷함"", ""소재"": ""비슷함""}","[""https://media.wconcept.co.kr/review/308867985/308867985_1788910550370.jpeg?RS=300""]"
308867985,망고매니플리즈,[20%쿠폰] [단독][4th]UNTIL FIELD JACKET_KHAKI,https://www.wconcept.co.kr/Product/308867985,3,13,su******,2026.09.08,"KHAKI, M",이쁘네요 좀 더 저렴하먄 좋겠지만 잘입겠습니다,5.0,"{""사이즈"": ""적당함"", ""색상"": ""비슷함"", ""소재"": ""비슷함""}",[]
308867985,망고매니플리즈,[20%쿠폰] [단독][4th]UNTIL FIELD JACKET_KHAKI,https://www.wconcept.co.kr/Product/308867985,3,14,ca******,2026.09.08,"KHAKI, S",후기보고 샀는데 넘 예뻐서 바로 입고나갔어요 어디든 잘 어울릴듯,5.0,"{""사이즈"": ""적당함"", ""색상"": ""비슷함"", ""소재"": ""비슷함""}","[""https://media.wconcept.co.kr/review/308867985/308867985_1788809360645.jpeg?RS=300""]"
308867985,망고매니플리즈,[20%쿠폰] [단독][4th]UNTIL FIELD JACKET_KHAKI,https://www.wconcept.co.kr/Product/308867985,3,15,ys******,2026.09.05,"KHAKI, S",요즘 여기저기 야상 디자인들이 많이 나오고 있어 눈여겨 보던차에 망고매니플리즈 다자인 색감 다 넘 맘에 들어 주문했어요 ㅎㅎ 실제로 받아보니 젤 먼저 가벼운 무게감에 놀랐어요 디자인 핏도 오버사이즈라 여유있게 예쁘게 떨어지고 색상도 넘 진하지 않은 자연스런 워싱이 들어간 카키색상이라 맘에 들어요 어좁이에 스트체형이라 어깨견장 디테일과 허리스트링 있는게 저에겐 신의한수인 느낌 ㅎㅎ 유행없이 두고두고 잘 입을 야상자켓이라 내돈내산 잘산템이에요 굿,5.0,"{""사이즈"": ""적당함"", ""색상"": ""같음"", ""소재"": ""같음""}","[""https://media.wconcept.co.kr/review/308867985/308867985_1788561950839.jpg?RS=300"", ""https://media.wconcept.co.kr/review/308867985/308867985_1788561950766.jpg?RS=300"", ""https://media.wconcept.co.kr/review/308867985/308867985_1788561950659.jpg?RS=300""]"
308867985,망고매니플리즈,[20%쿠폰] [단독][4th]UNTIL FIELD JACKET_KHAKI,https://www.wconcept.co.kr/Product/308867985,3,16,ss******,2026.09.04,"KHAKI, S",매장에서 입어보고 아른거려서 구매했어요. 사이즈도 낙낙하고 디테일이 많아서 멋스럽게 입을 수 있을거같아요~~! 곧 잘입고 다닐수있을거같고 여행가서도 입으려구용,5.0,"{""사이즈"": ""적당함"", ""색상"": ""같음"", ""소재"": ""같음""}","[""https://media.wconcept.co.kr/review/308867985/308867985_1788525443505.jpeg?RS=300"", ""https://media.wconcept.co.kr/review/308867985/308867985_1788525443396.jpeg?RS=300""]"
308867985,망고매니플리즈,[20%쿠폰] [단독][4th]UNTIL FIELD JACKET_KHAKI,https://www.wconcept.co.kr/Product/308867985,3,17,rk******,2026.09.04,"KHAKI, M",미리 자켓 구매했는데 매년 야상사는사람인데 망매플이 꾸준히 잘 입을 수 있는 기본템인거 같습니다.,5.0,"{""사이즈"": ""큼"", ""색상"": ""같음"", ""소재"": ""같음""}","[""https://media.wconcept.co.kr/review/308867985/308867985_1788503049735.jpg?RS=300""]"
308867985,망고매니플리즈,[20%쿠폰] [단독][4th]UNTIL FIELD JACKET_KHAKI,https://www.wconcept.co.kr/Product/308867985,3,18,le******,2026.09.04,"KHAKI, M",오버핏으로 입으려고 M으로 했는데 넉넉하게 좋아요 하루만에 배송왔어요,5.0,"{""사이즈"": ""큼"", ""색상"": ""비슷함"", ""소재"": ""비슷함""}",[]
308943745,드로우핏 우먼,[9/13 단 하루!] [W컨셉 단독][드로우핏우먼 X 주미니] 세미 부츠컷 데님 팬츠 [2COLORS],https://www.wconcept.co.kr/Product/308943745,1,1,91******,2026.09.13,BLUE XS_short P1,"155/46기준 허리 여유없이 딱맞아서 반품 고민하다가 M은 뭔가 핏이 안이쁠거같아서 품어요. 길이 1~2cm만 짧았으면 하는 아쉬움이 있지만, 그래도 입을만해요! 다른 바지도 살까 고민중이에요!",5.0,"{""사이즈"": ""적당함"", ""색상"": ""같음"", ""소재"": ""같음""}","[""https://media.wconcept.co.kr/review/308943745/308943745_1789304919523.jpg?RS=300""]"
308943745,드로우핏 우먼,[9/13 단 하루!] [W컨셉 단독][드로우핏우먼 X 주미니] 세미 부츠컷 데님 팬츠 [2COLORS],https://www.wconcept.co.kr/Product/308943745,1,2,km******,2026.09.13,BLACK S_short P2,키작녀 바지 추천이라길래 샀는데 너무 만족합니다,5.0,"{""사이즈"": ""적당함"", ""색상"": ""같음"", ""소재"": ""같음""}",[]
308943745,드로우핏 우먼,[9/13 단 하루!] [W컨셉 단독][드로우핏우먼 X 주미니] 세미 부츠컷 데님 팬츠 [2COLORS],https://www.wconcept.co.kr/Product/308943745,1,3,wc******,2026.09.13,BLACK XS_short P1,"진짜 너무너무너무 마음에 들어요 ㅜ.ㅜ 항상 키작녀 바지 사도 기장이 길어서 힘들고 심지어 부츠컷은 도전조차 못했었는데,, 제가 가지고있는 가장 낮은 신발 신었을때 뒤에 살짝 끌리는 기장이고 그냥 평소 신는 신발에 신으면 완전 기정 딱 맞아서 너무 만족해요🫰🏻 청바지랑 다른 바지들도 구매하러갑니다,, 인생바지 등극했습니다.. 부츠컷도 맨날 입고싶었는데 드디어 성공해서 너무 기뻐요 ㅜ.ㅜ",5.0,"{""사이즈"": ""적당함"", ""색상"": ""같음"", ""소재"": ""같음""}","[""https://media.wconcept.co.kr/review/308943745/308943745_1789282486002.jpeg?RS=300"", ""https://media.wconcept.co.kr/review/308943745/308943745_1789282485939.jpeg?RS=300"", ""https://media.wconcept.co.kr/review/308943745/308943745_1789282485793.jpeg?RS=300""]"
308943745,드로우핏 우먼,[9/13 단 하루!] [W컨셉 단독][드로우핏우먼 X 주미니] 세미 부츠컷 데님 팬츠 [2COLORS],https://www.wconcept.co.kr/Product/308943745,1,4,aj******,2026.09.13,BLUE XS_short P1,주미니님과 스펙이 거의 비슷해서 (물론 주미니님이 좀 더 마르셨지만) 영상 올려주시자마자 따라 샀어요!! 앞으로 이런 콜라보 많이 해주시면 좋을거같아요ㅜㅜ 사기 전 영상에서도 알았겠지만 150초반대 기준으로 기장이 약간 길긴해요 (2센치 정도?) 옆모습 사진으로 끌리는 정도 참고해주세요 주미니님은 보통 힐을 많이 신으셔서 힐 신었을 때를 기준으로 제작하신거같아요 5센치 정도되는 힐을 신으면 딱 예쁜 기장인데 운동화랑 신으면 밑단이 너무 펑퍼짐하게 퍼져서 좀 둔해보이는거같아요 그래도 애매하게 짧은거보단 긴게 낫다생각합니다! 드로우핏우먼 처음 사보는데 앞으로도 작은 사이즈 많이 나오면 좋겠어요!,5.0,"{""사이즈"": ""큼"", ""색상"": ""비슷함"", ""소재"": ""같음""}","[""https://media.wconcept.co.kr/review/308943745/308943745_1789279789564.jpeg?RS=300""]"
308943745,드로우핏 우먼,[9/13 단 하루!] [W컨셉 단독][드로우핏우먼 X 주미니] 세미 부츠컷 데님 팬츠 [2COLORS],https://www.wconcept.co.kr/Product/308943745,1,5,ch******,2026.09.13,BLUE XS_short P1,키작녀 유투버 보고 바로 구매함 xs도 작진 않은데 엉덩이나 허리나 일반 사이즈들보단 키작녀한테 맞게 나와서 좋음! 근데도 좀 크긴 함.. 158기준 숏버전은 길이가 애매함 155 이하분들한텐 좋을듯 해요 일반 기장으로도 xs 만들어주세요 그리고 xs은 좀 더 작게 만드셔도 될듯! 결론은 품었지만 조금 아쉬웠다..,5.0,"{""사이즈"": ""적당함"", ""색상"": ""같음"", ""소재"": ""같음""}","[""https://media.wconcept.co.kr/review/308943745/308943745_1789252841815.jpeg?RS=300""]"
308943745,드로우핏 우먼,[9/13 단 하루!] [W컨셉 단독][드로우핏우먼 X 주미니] 세미 부츠컷 데님 팬츠 [2COLORS],https://www.wconcept.co.kr/Product/308943745,1,6,al******,2026.09.12,BLACK M_short P3,맘에들어요 사이즈랑 길이가 맞은적이 첨입니다 키작고 통통한 체형이라 m사이즈했는데 다 잘 맞아요 질도 좋아요 다만 종아리 통이 너뮤 넒은느낌입니다!,5.0,"{""사이즈"": ""적당함"", ""색상"": ""같음"", ""소재"": ""같음""}","[""https://media.wconcept.co.kr/review/308943745/308943745_1789197434576.jpg?RS=300""]"
308943745,드로우핏 우먼,[9/13 단 하루!] [W컨셉 단독][드로우핏우먼 X 주미니] 세미 부츠컷 데님 팬츠 [2COLORS],https://www.wconcept.co.kr/Product/308943745,2,7,na******,2026.09.12,BLUE XS_short P1,엄청 이뻐요 블루요 xs구매해보고 아죽약간 따악 맞아서 여유있는 s도 쟁여볼까 했는데 커서 작은사이즈만 했어요 검정도 구매했었는데 블루보다 조금더 작았어요,5.0,"{""사이즈"": ""적당함"", ""색상"": ""같음"", ""소재"": ""같음""}",[]
308943745,드로우핏 우먼,[9/13 단 하루!] [W컨셉 단독][드로우핏우먼 X 주미니] 세미 부츠컷 데님 팬츠 [2COLORS],https://www.wconcept.co.kr/Product/308943745,2,8,ye******,2026.09.12,BLUE S_short P2,웬만해서 리뷰 안다는데 공익을 위해서 리뷰 작성합니다 그냥 무조건 사.세.요 !!! 어쩜 키 155에게 이런 딱맞는 바지가 나왔는지 ..? 컬러 너무 예쁘고 사이즈도 딱 맞아요 주미니님은 웨이브 체형이시라 스트레이트 체형인 나에게도 잘 어울릴까? 밑위가 너무 길면 어떡하나 라는 생각을 했는데요 일단 제 기준 배꼽까지 다 덮는 길이가 아니거 배꼽 다 보여서 세미 로우라이즈처럼 입을 수 있어요 바지 핏도 부츠컷이라 너무 예쁘고 가을에 너무 입기 좋을 것 같아요!!! 진짜 하나부터 열까지 너무 만족해요 그리고 바지 허리사이즈도 평소에 입던대로 입었는데 잘맞아요,5.0,"{""사이즈"": ""적당함"", ""색상"": ""비슷함"", ""소재"": ""같음""}","[""https://media.wconcept.co.kr/review/308943745/308943745_1789175894863.jpeg?RS=300""]"
308943745,드로우핏 우먼,[9/13 단 하루!] [W컨셉 단독][드로우핏우먼 X 주미니] 세미 부츠컷 데님 팬츠 [2COLORS],https://www.wconcept.co.kr/Product/308943745,2,9,so******,2026.09.12,BLACK M_short P3,유튜브에서 보고 기대를 많이했는데 생각보다 별로였어요ㅠ 일단 허리는 믾이작고 통은 큽니다. 제가 허리 26~27을 입는데 허리가 너무 끼더라고요ㅠ 그리고 뭔가 이쁜 부츠컷이 아니라 다리가 짧아보이는 느낌이에요. 플레어 부분이 너무 위부터 퍼져서 비율이 안좋아보입니다... 반품 귀찮아서 걍 품지만 이래저래 손이 안갈듯해요 ㅜ 키작녀 바지라 기대 많이했는데 아쉽습니다,3.0,"{""사이즈"": ""작음"", ""색상"": ""같음"", ""소재"": ""같음""}","[""https://media.wconcept.co.kr/review/308943745/308943745_1789140813829.jpg?RS=300""]"
308943745,드로우핏 우먼,[9/13 단 하루!] [W컨셉 단독][드로우핏우먼 X 주미니] 세미 부츠컷 데님 팬츠 [2COLORS],https://www.wconcept.co.kr/Product/308943745,2,10,dn******,2026.09.12,BLACK M,로우라이즈로 허리사이즈딱맞아요 처음에 부츠컷이 과한가 싶었는데 보면볼수록 다리라인이예뻐보여서 이바지만입게되네요! 기장도 롱하니 다리길어보여서 맘에듭니다,5.0,"{""사이즈"": ""적당함"", ""색상"": ""같음"", ""소재"": ""같음""}","[""https://media.wconcept.co.kr/review/308943745/308943745_1789140662764.jpeg?RS=300""]"
308943745,드로우핏 우먼,[9/13 단 하루!] [W컨셉 단독][드로우핏우먼 X 주미니] 세미 부츠컷 데님 팬츠 [2COLORS],https://www.wconcept.co.kr/Product/308943745,2,11,ji******,2026.09.11,BLUE S_short P2,키 158cm기준으로 기장감은 딱 좋네요 배가 좀 나온편이라 s사이즈가 허리는 편한데 핏은 좀 벙벙해요~ 밑위가 긴게 조금 아쉽지만 그래도 질도 괜찮고 색도 예빠서 가을에 잘 입을거같아요!,5.0,"{""사이즈"": ""큼"", ""색상"": ""비슷함"", ""소재"": ""같음""}","[""https://media.wconcept.co.kr/review/308943745/308943745_1789121330730.jpeg?RS=300""]"
308943745,드로우핏 우먼,[9/13 단 하루!] [W컨셉 단독][드로우핏우먼 X 주미니] 세미 부츠컷 데님 팬츠 [2COLORS],https://www.wconcept.co.kr/Product/308943745,2,12,im******,2026.09.11,BLUE XS_short P1,"주미니님 쇼핑몰에서도 가끔 구매하고 이번에도 슬랙스랑 청바지 구매했는데, 항상 허리사이즈나 품이 생각보다 크거나 불편해서 점점 안입게 되었는데 이번건 그래도 비교적 적당히 나왔고 브랜드라 질이 좋아요😊 그래도 키작녀에게 좀더 바지통이나 허리가 잘 맞는 바지면 좋을 것 같긴해요 저는 157정도 인데 주미니 님이 더 작고 아담하다고 들었는데 옷은 또 허리랑 품이 커서 매번 주미니 님이 입으면 핏이 어떻게 그렇게 잘 나오는지 신기해용.. (특히 스커트들..) 청바지는 두꺼운재질이라 가을 겨울에만 입어야할 것 같고 슬랙스는 엄청 얇아서 여름 가을에만 입을 수 있을것같아용 청바지는 전반적으로 통이 넓고(특히 종아리) 밑위는 생각보다는 낮지만 핏은 괜찮아요. 색상이 좀 더 어디에나 잘어울리는 아예 좀더 밝거나(하얀끼 도는) 아님 아예 생지처럼 어두운 색상이였으면 좋았을 것 같아요 그래도 핏자체가 너무 안예쁘지는 않고 이만큼 잘 맞는 바지가 없어서 검은색도 구매하고싶어요 담엔 꼭 지금보다 더 작게 만들어주세요🥹 키작녀의 바램입니다 ⋯",5.0,"{""사이즈"": ""큼"", ""색상"": ""비슷함"", ""소재"": ""비슷함""}","[""https://media.wconcept.co.kr/review/308943745/308943745_1789105664409.jpeg?RS=300"", ""https://media.wconcept.co.kr/review/308943745/308943745_1789105664276.jpeg?RS=300""]"
308943745,드로우핏 우먼,[9/13 단 하루!] [W컨셉 단독][드로우핏우먼 X 주미니] 세미 부츠컷 데님 팬츠 [2COLORS],https://www.wconcept.co.kr/Product/308943745,3,13,je******,2026.09.11,BLUE XS_short P1,청바지 핏이 예뻐서 자주 입을 것 같아요~ 허리 사이즈 참고해서 사면 좋을 것 같아요!,5.0,"{""사이즈"": ""적당함"", ""색상"": ""비슷함"", ""소재"": ""같음""}",[]
308943745,드로우핏 우먼,[9/13 단 하루!] [W컨셉 단독][드로우핏우먼 X 주미니] 세미 부츠컷 데님 팬츠 [2COLORS],https://www.wconcept.co.kr/Product/308943745,3,14,jw******,2026.09.11,BLUE XS_short P1,길이가 딱 맘에 들었고 사이즈가 검정보다 중청이 널널해요,5.0,"{""사이즈"": ""작음"", ""색상"": ""같음"", ""소재"": ""같음""}","[""https://media.wconcept.co.kr/review/308943745/308943745_1789086200820.jpg?RS=300""]"
308943745,드로우핏 우먼,[9/13 단 하루!] [W컨셉 단독][드로우핏우먼 X 주미니] 세미 부츠컷 데님 팬츠 [2COLORS],https://www.wconcept.co.kr/Product/308943745,3,15,le******,2026.09.10,BLUE XS_short P1,드로우핏 우먼에서 이 키에 맞는 바지가 나온게 감격스러워요..핏 진짜 이쁘고 하이웨스트 아니여서 좋아요~~근데 마감은 너무 부실하네요..선 제가 다 자르긴했는데 괜찮을지 걱정돼요 ㅋㅋ,4.0,"{""사이즈"": ""적당함"", ""색상"": ""같음"", ""소재"": ""같음""}","[""https://media.wconcept.co.kr/review/308943745/308943745_1789052193824.jpeg?RS=300"", ""https://media.wconcept.co.kr/review/308943745/308943745_1789052193691.jpeg?RS=300""]"
308943745,드로우핏 우먼,[9/13 단 하루!] [W컨셉 단독][드로우핏우먼 X 주미니] 세미 부츠컷 데님 팬츠 [2COLORS],https://www.wconcept.co.kr/Product/308943745,3,16,wc******,2026.09.10,BLUE S_short P2,중청 화면상의 색깔이 예뻐서 구매한건데 받아보니 그냥 일반적인 중청이어서 좀 실망.. 허리는 넉넉히 S로 샀더니 살짝 크네요. 생각보다 밑위 길이 짦고 통이 슬림하지는 않았어요. 그래도 골반 잘 잡아주고 핏 괜찮네요.,4.0,"{""사이즈"": ""큼"", ""색상"": ""다름"", ""소재"": ""비슷함""}","[""https://media.wconcept.co.kr/review/308943745/308943745_1789049939310.jpeg?RS=300""]"
308943745,드로우핏 우먼,[9/13 단 하루!] [W컨셉 단독][드로우핏우먼 X 주미니] 세미 부츠컷 데님 팬츠 [2COLORS],https://www.wconcept.co.kr/Product/308943745,3,17,jh******,2026.09.10,BLUE XS_short P1,살짝 크긴 하지만 이쁘네요. 자연스럽고 편하게 입어질것 같아요,5.0,"{""사이즈"": ""큼"", ""색상"": ""같음"", ""소재"": ""같음""}","[""https://media.wconcept.co.kr/review/308943745/308943745_1789049000759.jpeg?RS=300""]"
308943745,드로우핏 우먼,[9/13 단 하루!] [W컨셉 단독][드로우핏우먼 X 주미니] 세미 부츠컷 데님 팬츠 [2COLORS],https://www.wconcept.co.kr/Product/308943745,3,18,ej******,2026.09.10,BLUE XS_short P1,드로우핏+주미니님 어서어서 겨울 기모버젼 준비해주세요. 블루/블랙 다 샀는데 핏 좋고 기장 딱 맞고 가을에 입기좋은 톡톡함까지. 모두 마음에 들어요. 겨울 기모바지도 해주세요.^-^,5.0,"{""사이즈"": ""적당함"", ""색상"": ""같음"", ""소재"": ""같음""}",[]
306362127,루에브르,[NEW컬러추가][단독] Oversized tweed jacket SW5SJ102_3color,https://www.wconcept.co.kr/Product/306362127,1,1,ki******,2026.09.12,DARK NAVY_0S_XS,작은 사이즈 나왔다길래 바로 주문했어요! 적당한 오버핏에 팔도 안접어도 될거 같아서 너무 맘에 들어요! 작년부터 사고싶었는데 드디어 구매!,5.0,"{""사이즈"": ""적당함"", ""색상"": ""같음"", ""소재"": ""같음""}","[""https://media.wconcept.co.kr/review/306362127/306362127_1789188079239.jpeg?RS=300"", ""https://media.wconcept.co.kr/review/306362127/306362127_1789188079146.jpeg?RS=300""]"
306362127,루에브르,[NEW컬러추가][단독] Oversized tweed jacket SW5SJ102_3color,https://www.wconcept.co.kr/Product/306362127,1,2,go******,2026.09.12,DARK NAVY_00_FREE,이 트위드 컬러별로 다 샀네요… 아이보리와 민트 너무 잘 입어서 네이비도 구매 합니다 다만 보풀은 잘 일어나니 주의하세요,5.0,"{""사이즈"": ""적당함"", ""색상"": ""같음"", ""소재"": ""같음""}","[""https://media.wconcept.co.kr/review/306362127/306362127_1789184449026.jpeg?RS=300""]"
306362127,루에브르,[NEW컬러추가][단독] Oversized tweed jacket SW5SJ102_3color,https://www.wconcept.co.kr/Product/306362127,1,3,js******,2026.09.11,DARK NAVY_00_FREE,도톰하고 찐네이비색이 매력잇어요 세련된 느낌의ㅡ자캣이에요 과하지 않아서 툭 걸치기 스타일 잇는 옷이에요,5.0,"{""사이즈"": ""큼"", ""색상"": ""같음"", ""소재"": ""같음""}",[]
306362127,루에브르,[NEW컬러추가][단독] Oversized tweed jacket SW5SJ102_3color,https://www.wconcept.co.kr/Product/306362127,1,4,ky******,2026.09.10,DARK NAVY_00_FREE,"캐주얼에도, 정장에도 둘다 너무 좋을것같아오 엉덩이 덮는 기장에 핏도 널널해서 이너 선택 자유롭",5.0,"{""사이즈"": ""적당함"", ""색상"": ""같음"", ""소재"": ""비슷함""}","[""https://media.wconcept.co.kr/review/306362127/306362127_1789020609585.jpg?RS=300""]"
306362127,루에브르,[NEW컬러추가][단독] Oversized tweed jacket SW5SJ102_3color,https://www.wconcept.co.kr/Product/306362127,1,5,wl******,2026.09.10,DARK NAVY_00_FREE,넘넘 이뻐요~~ 트위드 자켓 눈여겨보고잇었는데 인기 있는 이유가 잇네요,5.0,"{""사이즈"": ""적당함"", ""색상"": ""같음"", ""소재"": ""같음""}","[""https://media.wconcept.co.kr/review/306362127/306362127_1789004105501.jpeg?RS=300""]"
306362127,루에브르,[NEW컬러추가][단독] Oversized tweed jacket SW5SJ102_3color,https://www.wconcept.co.kr/Product/306362127,1,6,ss******,2026.09.08,DARK NAVY_0S_XS,아주좋어용~~~ free사이즈는 좀 너무 큰느낌이있어서 매장에서 xs사이주 입어보고 구매했숩니둥~,5.0,"{""사이즈"": ""적당함"", ""색상"": ""같음"", ""소재"": ""같음""}","[""https://media.wconcept.co.kr/review/306362127/306362127_1788864857360.jpeg?RS=300""]"
306362127,루에브르,[NEW컬러추가][단독] Oversized tweed jacket SW5SJ102_3color,https://www.wconcept.co.kr/Product/306362127,2,7,hy******,2026.09.08,CREAM_0S_XS,네이비 사고 이뻐서 흰색도 구매했어요. 작은 사이즈가 나와서 좋아요,5.0,"{""사이즈"": ""적당함"", ""색상"": ""같음"", ""소재"": ""같음""}","[""https://media.wconcept.co.kr/review/306362127/306362127_1788863023615.jpeg?RS=300""]"
306362127,루에브르,[NEW컬러추가][단독] Oversized tweed jacket SW5SJ102_3color,https://www.wconcept.co.kr/Product/306362127,2,8,so******,2026.09.05,CREAM_0S_XS,저는 평소 오버핏이 안 어울려서 고민하다가 0S_xs 사이즈가 추가되어서 사봤는데요! 55한테 S는 어깨패드로 정핏보다 살~짝 힘준 정도라 어깨 과하지 않고 마음에 들어요! 근데 어깨넓이 대비 암홀이 좀 좁은거 같아요ㅠ 팔을 들 때 인체 구조상 뭔가 뻑뻑… 트위드 자체 문제인가 싶어서 집에있는 트위드 다 꺼내입어보고 비슷한 기장의 가죽 자켓들이랑도 비교해 봤는데 암홀이 좀 좁아요. 그래서 상대적으로 착용감은 살짝 아쉬웠어요. 55~55반인데 팔뚝 여유가 중요하면 S말고 업하는게 나을 듯. 그치만 전부터 딱 원하던 색상과 기장이고 입었을 때 느낌이 예뻐서 이걸로 입기로 해써요ㅎㅎ 화사하고 예쁨,4.0,"{""사이즈"": ""적당함"", ""색상"": ""같음"", ""소재"": ""비슷함""}","[""https://media.wconcept.co.kr/review/306362127/306362127_1788614854260.jpeg?RS=300"", ""https://media.wconcept.co.kr/review/306362127/306362127_1788614854186.jpeg?RS=300"", ""https://media.wconcept.co.kr/review/306362127/306362127_1788614854081.jpeg?RS=300""]"
306362127,루에브르,[NEW컬러추가][단독] Oversized tweed jacket SW5SJ102_3color,https://www.wconcept.co.kr/Product/306362127,2,9,wc******,2026.09.02,DARK NAVY_00_FREE,"블랙은 다른 브랜드도 많은데 네이비 컬러가 입고 싶어 구매 어깨가 1.5~2센티 정도만 작게나왔음 좋았을텐데 ㅜ 너무 커서 고민됐지만, 청바지 등 부담없이 가볍게 입는 트위드 자켓으로 킵! 아! 소재가 고급지다는 느낌은 없어요",5.0,"{""사이즈"": ""큼"", ""색상"": ""비슷함"", ""소재"": ""비슷함""}","[""https://media.wconcept.co.kr/review/306362127/306362127_1788352613762.jpeg?RS=300""]"
306362127,루에브르,[NEW컬러추가][단독] Oversized tweed jacket SW5SJ102_3color,https://www.wconcept.co.kr/Product/306362127,2,10,dh******,2026.09.01,DARK NAVY_00_FREE,배송이 빨라서 좋았고 오버핏이라 더 맘에 들어요 어두운 네이비예요 그리고 심심하지 않으면서도 너무 화려하지 않아서 잘 입을 수 있을 거 같아요,5.0,"{""사이즈"": ""큼"", ""색상"": ""비슷함"", ""소재"": ""같음""}","[""https://media.wconcept.co.kr/review/306362127/306362127_1788266037468.jpeg?RS=300""]"
306362127,루에브르,[NEW컬러추가][단독] Oversized tweed jacket SW5SJ102_3color,https://www.wconcept.co.kr/Product/306362127,2,11,hj******,2026.09.01,DARK NAVY_00_FREE,요즘 네이비 색상이 자꾸 눈에 들어와서 주문했어요. 디자인 무난하고 오버핏이라 맘에 들어요. 특히 진한 네이비라 좋네요.마감처리도 깔끔해요. 데일리로 편하게 입기에 좋고 격식있는 자리에도 입을 수 있겠어요.,5.0,"{""사이즈"": ""큼"", ""색상"": ""비슷함"", ""소재"": ""같음""}","[""https://media.wconcept.co.kr/review/306362127/306362127_1788241073519.jpg?RS=300""]"
306362127,루에브르,[NEW컬러추가][단독] Oversized tweed jacket SW5SJ102_3color,https://www.wconcept.co.kr/Product/306362127,2,12,sh******,2026.09.01,DARK NAVY_00_FREE,사진대로 너무 이뿌네요 다른브랜드 비슷한제품 많고 가격도 더 좋아 잠시 망설였지만 선택잘했네요 팔길이긴편인 저한테 손바닥까지오구 적당히 오버사이즈라 여기저기 코디하기좋아요 다른색도 구매하고싶네요 빨리 쌀쌀해졌음해요,5.0,"{""사이즈"": ""적당함"", ""색상"": ""같음"", ""소재"": ""같음""}","[""https://media.wconcept.co.kr/review/306362127/306362127_1788239174458.jpg?RS=300""]"
306362127,루에브르,[NEW컬러추가][단독] Oversized tweed jacket SW5SJ102_3color,https://www.wconcept.co.kr/Product/306362127,3,13,ly******,2026.09.01,DARK NAVY_0S_XS,"작년 봄부터 고민하다 구매했는데 넘 맘에들어요 체구 작은편이라 사이즈도 작은거 나와서 얼마나 다행인지,, 적당한 오버핏으로 예쁩니다 하객룩 캐주얼 다 잘어울려요",5.0,"{""사이즈"": ""적당함"", ""색상"": ""같음"", ""소재"": ""같음""}","[""https://media.wconcept.co.kr/review/306362127/306362127_1788221993108.jpeg?RS=300""]"
306362127,루에브르,[NEW컬러추가][단독] Oversized tweed jacket SW5SJ102_3color,https://www.wconcept.co.kr/Product/306362127,3,14,cj******,2026.08.31,DARK NAVY_0S_XS,66사이즈인데 XS입어도 충분해요. 두께는 안얇은데 무겁지 않아서 좋아요. 화학냄새는 좀 나서 드라이 맡기고 입어야 합니다. 날씨 추워지면 잘 입을 것 같아요.,4.0,"{""사이즈"": ""큼"", ""색상"": ""같음"", ""소재"": ""같음""}","[""https://media.wconcept.co.kr/review/306362127/306362127_1788176857467.jpeg?RS=300""]"
306362127,루에브르,[NEW컬러추가][단독] Oversized tweed jacket SW5SJ102_3color,https://www.wconcept.co.kr/Product/306362127,3,15,je******,2026.08.28,DARK NAVY_00_FREE,짙은 네이비라 예쁩니다 오버핏이라 s~m 입는 분들은 s가 예쁘게 맞을것같아요,5.0,"{""사이즈"": ""큼"", ""색상"": ""같음"", ""소재"": ""같음""}","[""https://media.wconcept.co.kr/review/306362127/306362127_1787887022622.jpeg?RS=300""]"
306362127,루에브르,[NEW컬러추가][단독] Oversized tweed jacket SW5SJ102_3color,https://www.wconcept.co.kr/Product/306362127,3,16,wc******,2026.08.27,DARK NAVY_00_FREE,약간 큰듯해서 더 맘에 들어요. 봄부터 째려보고 있었는데 사게 되어 넘 좋네요. 사이즈 고민 많이 했는데 아우터로 입을거라 넉넉한것 구매. 고급지고 네이비색이라 더 이쁩니다. 루에브르 자켓은 언제 사도 후회 안 하네요 ㅎ,5.0,"{""사이즈"": ""큼"", ""색상"": ""같음"", ""소재"": ""같음""}","[""https://media.wconcept.co.kr/review/306362127/306362127_1787809030636.jpg?RS=300""]"
306362127,루에브르,[NEW컬러추가][단독] Oversized tweed jacket SW5SJ102_3color,https://www.wconcept.co.kr/Product/306362127,3,17,re******,2026.06.26,DARK NAVY_00_FREE,사진이 너무 어둡게 나왓는데 실물은 사진하고 같아요 예쁜 네이비입니다 오버핏인데 또 너무 오버핏은 아니라 매치하기 편해요,5.0,"{""사이즈"": ""큼"", ""색상"": ""비슷함"", ""소재"": ""비슷함""}","[""https://media.wconcept.co.kr/review/306362127/306362127_1782471109650.jpeg?RS=300""]"
306362127,루에브르,[NEW컬러추가][단독] Oversized tweed jacket SW5SJ102_3color,https://www.wconcept.co.kr/Product/306362127,3,18,ge******,2026.06.24,DARK NAVY_00_FREE,예쁘고분위기있네요 추천합니당 결혼식에입기좋아요,5.0,"{""사이즈"": ""큼"", ""색상"": ""비슷함"", ""소재"": ""비슷함""}",[]
308805404,지지피엑스,엘레강스 레이스 배색 새틴 민소매 (GQCLW001D),https://www.wconcept.co.kr/Product/308805404,1,1,ba******,2026.09.13,"화이트, F",가격이 착해서 별기대 안했는데 재질도 좋고 레이스도 사진보다 더 예뻐요.,5.0,"{""사이즈"": ""적당함"", ""색상"": ""같음"", ""소재"": ""같음""}","[""https://media.wconcept.co.kr/review/308805404/308805404_1789257727426.jpeg?RS=300""]"
308805404,지지피엑스,엘레강스 레이스 배색 새틴 민소매 (GQCLW001D),https://www.wconcept.co.kr/Product/308805404,1,2,in******,2026.09.13,"카키, F",색은 이쁜데 생각보다 품이 커요 그래도 어깨끈 조절하면 가슴이 너무 보이진 않는데 그냥 이너로 입기엔 좋아요,5.0,"{""사이즈"": ""큼"", ""색상"": ""같음"", ""소재"": ""같음""}","[""https://media.wconcept.co.kr/review/308805404/308805404_1789231082666.jpeg?RS=300""]"
308805404,지지피엑스,엘레강스 레이스 배색 새틴 민소매 (GQCLW001D),https://www.wconcept.co.kr/Product/308805404,1,3,ww******,2026.09.12,"카키, F",카키색 예쁘네요. 길이조절 할수 있어서 좋아요. 베이지색으로 하나 더 구입하려구요.,4.0,"{""사이즈"": ""적당함"", ""색상"": ""비슷함"", ""소재"": ""같음""}",[]
308805404,지지피엑스,엘레강스 레이스 배색 새틴 민소매 (GQCLW001D),https://www.wconcept.co.kr/Product/308805404,1,4,wc******,2026.09.12,"블랙, F",원단이 짱짱하고 두께도 얇지않아서 좋아요 맘에들어요 맘에들어요,5.0,"{""사이즈"": ""적당함"", ""색상"": ""같음"", ""소재"": ""같음""}","[""https://media.wconcept.co.kr/review/308805404/308805404_1789219679787.jpg?RS=300""]"
308805404,지지피엑스,엘레강스 레이스 배색 새틴 민소매 (GQCLW001D),https://www.wconcept.co.kr/Product/308805404,1,5,no******,2026.09.12,"화이트, F",이너로 입으려구 구매했는데 단독으로 입어도 예쁘네요^^ 여름이 지나가서 아쉽네요ㅎㅎ 가성비 괜찮아요~~ 몸이닿는 촉감도 괜찮아요,5.0,"{""사이즈"": ""적당함"", ""색상"": ""비슷함"", ""소재"": ""비슷함""}","[""https://media.wconcept.co.kr/review/308805404/308805404_1789201307452.jpeg?RS=300""]"
308805404,지지피엑스,엘레강스 레이스 배색 새틴 민소매 (GQCLW001D),https://www.wconcept.co.kr/Product/308805404,1,6,wc******,2026.09.12,"브라운, F",사이즈 넉넉하고 재질도 탄탄하여 득템입니다 맘에 들어 베이지도 구매합니다,5.0,"{""사이즈"": ""적당함"", ""색상"": ""같음"", ""소재"": ""같음""}","[""https://media.wconcept.co.kr/review/308805404/308805404_1789200045995.jpg?RS=300""]"
308805404,지지피엑스,엘레강스 레이스 배색 새틴 민소매 (GQCLW001D),https://www.wconcept.co.kr/Product/308805404,2,7,ph******,2026.09.11,"베이지, F",진심 너무 여리하고 예뻐요 고민없이 색깔별로 다구매하고싶어요,5.0,"{""사이즈"": ""큼"", ""색상"": ""같음"", ""소재"": ""같음""}","[""https://media.wconcept.co.kr/review/308805404/308805404_1789088984681.jpg?RS=300""]"
308805404,지지피엑스,엘레강스 레이스 배색 새틴 민소매 (GQCLW001D),https://www.wconcept.co.kr/Product/308805404,2,8,vh******,2026.09.10,"화이트, F",사이즈 넉넉하고 소재가 톡톡하니 단단해요 어깨끈 조절되어서 좋고 레이스도 예뻐요 배송은 느려요,4.0,"{""사이즈"": ""적당함"", ""색상"": ""같음"", ""소재"": ""비슷함""}","[""https://media.wconcept.co.kr/review/308805404/308805404_1788994806901.jpeg?RS=300""]"
308805404,지지피엑스,엘레강스 레이스 배색 새틴 민소매 (GQCLW001D),https://www.wconcept.co.kr/Product/308805404,2,9,le******,2026.09.09,"브라운, F",생각보다는 넉넉하며 카키빛이 예쁘네요~ 잘입을수있겠어요,5.0,"{""사이즈"": ""적당함"", ""색상"": ""같음"", ""소재"": ""같음""}","[""https://media.wconcept.co.kr/review/308805404/308805404_1788954397662.jpg?RS=300""]"
308805404,지지피엑스,엘레강스 레이스 배색 새틴 민소매 (GQCLW001D),https://www.wconcept.co.kr/Product/308805404,2,10,qu******,2026.09.09,"베이지, F",색상은 생각보다 어두운 진주색? 이라고해야할까봐요. 제기준엔 깔끔한색은 아니고 반품귀찮아서 품어요,4.0,"{""사이즈"": ""적당함"", ""색상"": ""비슷함"", ""소재"": ""같음""}","[""https://media.wconcept.co.kr/review/308805404/308805404_1788950665530.jpg?RS=300""]"
308805404,지지피엑스,엘레강스 레이스 배색 새틴 민소매 (GQCLW001D),https://www.wconcept.co.kr/Product/308805404,2,11,qu******,2026.09.09,"블랙, F",도톰해요. 생각보다 길어서 저는 불편하네요. 집어넣기도 길다보니 애매합니다. 가격만큼해요,4.0,"{""사이즈"": ""적당함"", ""색상"": ""같음"", ""소재"": ""같음""}","[""https://media.wconcept.co.kr/review/308805404/308805404_1788950597569.jpg?RS=300""]"
308805404,지지피엑스,엘레강스 레이스 배색 새틴 민소매 (GQCLW001D),https://www.wconcept.co.kr/Product/308805404,2,12,wc******,2026.09.09,"블랙, F",저렴하게 마음에 쏙 듭니다 이너로 잘입어질것같아요,5.0,"{""사이즈"": ""적당함"", ""색상"": ""같음"", ""소재"": ""같음""}",[]
308805404,지지피엑스,엘레강스 레이스 배색 새틴 민소매 (GQCLW001D),https://www.wconcept.co.kr/Product/308805404,3,13,yu******,2026.09.09,"화이트, F",가격대에 딱 맞는 기본 슬리브즈 가격대비 엄청 좋은건 아니고 그렇다고 나쁜것고 아닌 그냥 입을 만한 그런 옷 배송은 상당히 오래 걸림,5.0,"{""사이즈"": ""적당함"", ""색상"": ""같음"", ""소재"": ""같음""}","[""https://media.wconcept.co.kr/review/308805404/308805404_1788944202651.jpeg?RS=300""]"
308805404,지지피엑스,엘레강스 레이스 배색 새틴 민소매 (GQCLW001D),https://www.wconcept.co.kr/Product/308805404,3,14,lh******,2026.09.08,"화이트, F",겨울에 니트안에입으려고 구매했어오 저렴하기 구매햇는데 가격대비 만족합니다! 깨끗한 화이트에 이뻐요~,5.0,"{""사이즈"": ""적당함"", ""색상"": ""같음"", ""소재"": ""같음""}","[""https://media.wconcept.co.kr/review/308805404/308805404_1788874194281.jpeg?RS=300""]"
308805404,지지피엑스,엘레강스 레이스 배색 새틴 민소매 (GQCLW001D),https://www.wconcept.co.kr/Product/308805404,3,15,fa******,2026.09.08,"블랙, F",두께감있는 탄탄한 새틴이고 엉덩이를 가려주는 기장이라서 너무 맘에 들어요,5.0,"{""사이즈"": ""적당함"", ""색상"": ""같음"", ""소재"": ""같음""}","[""https://media.wconcept.co.kr/review/308805404/308805404_1788852764520.jpg?RS=300""]"
308805404,지지피엑스,엘레강스 레이스 배색 새틴 민소매 (GQCLW001D),https://www.wconcept.co.kr/Product/308805404,3,16,wh******,2026.09.05,"블랙, F",카키 블랙 두가지 색상 구입했습니다 깅이감이 있고 품이 여유로워 편하게 입을 수 있어요,5.0,"{""사이즈"": ""적당함"", ""색상"": ""비슷함"", ""소재"": ""비슷함""}",[]
308805404,지지피엑스,엘레강스 레이스 배색 새틴 민소매 (GQCLW001D),https://www.wconcept.co.kr/Product/308805404,3,17,wh******,2026.09.05,"카키, F",사이즈가 넉넉해요 색상이 고급스러워 어디든 잘 어울릴듯 합니다,5.0,"{""사이즈"": ""적당함"", ""색상"": ""같음"", ""소재"": ""비슷함""}",[]
308805404,지지피엑스,엘레강스 레이스 배색 새틴 민소매 (GQCLW001D),https://www.wconcept.co.kr/Product/308805404,3,18,ks******,2026.09.05,"화이트, F",레이스 나시가 유행이다고해서 구입했는데 까만 이물질이 묻어있네요 검수꼼꼼히 하셔서 보내달라고 요청했는데 무색하네요! 반품귀찮아 품으렵니다,5.0,"{""사이즈"": ""큼"", ""색상"": ""같음"", ""소재"": ""같음""}","[""https://media.wconcept.co.kr/review/308805404/308805404_1788578728407.jpg?RS=300""]"
308961006,마르벳,Draping Wrap Shirt_Ivory,https://www.wconcept.co.kr/Product/308961006,1,1,wc******,2026.09.11,IVORY_S,두께감 있는편이라 초겨울까지 가능할꺼 같아요 디자인이 여성스러워 좋아요,5.0,"{""사이즈"": ""적당함"", ""색상"": ""같음"", ""소재"": ""같음""}","[""https://media.wconcept.co.kr/review/308968666/308968666_1789103863687.jpeg?RS=300""]"
308961006,마르벳,Draping Wrap Shirt_Ivory,https://www.wconcept.co.kr/Product/308961006,1,2,wc******,2026.09.11,IVORY_M,"한유주 스타일 ㅠㅠ 가을 어른여자 추구미,, 계속 순위라서 구매해봤는데 인기가 좋은 이유가 있네요",5.0,"{""사이즈"": ""적당함"", ""색상"": ""같음"", ""소재"": ""같음""}","[""https://media.wconcept.co.kr/review/308968666/308968666_1789104427790.jpeg?RS=300""]"
308961006,마르벳,Draping Wrap Shirt_Ivory,https://www.wconcept.co.kr/Product/308961006,1,3,wc******,2026.09.11,IVORY_XS,카프리에 반해서 샀는데 또 반합니다 🤩🤩 어두운 컬러도 출시해주세요 꼭사겠슴다,5.0,"{""사이즈"": ""적당함"", ""색상"": ""같음"", ""소재"": ""같음""}","[""https://media.wconcept.co.kr/review/308968666/308968666_1789101793999.jpeg?RS=300""]"
308961006,마르벳,Draping Wrap Shirt_Ivory,https://www.wconcept.co.kr/Product/308961006,1,4,wc******,2026.09.11,IVORY_S,예뻐요 ㅜㅜ 대만족 ㅎㅎㅎ 피부톤이 어두워서 셔츠만 둥둥 뜰까봐 걱정했는데 오히려 얼굴 화사해보이고 소재 좋아요 바스트가 있는데 가슴 벌어짐도 없고 편해요 만족해용 ~~~,5.0,"{""사이즈"": ""적당함"", ""색상"": ""같음"", ""소재"": ""같음""}","[""https://media.wconcept.co.kr/review/308968666/308968666_1789102991718.jpeg?RS=300"", ""https://media.wconcept.co.kr/review/308968666/308968666_1789102991634.jpeg?RS=300""]"
308961006,마르벳,Draping Wrap Shirt_Ivory,https://www.wconcept.co.kr/Product/308961006,1,5,wc******,2026.09.11,IVORY_S,55에 S잘맞고 겨드랑이 결림도 없고 편한데 몸매 쩔어보입니당 약간 아빠 셔츠?? 처럼 구겨짐없고 부드러워서 히트텍입고 겨울에도 입으려고용,5.0,"{""사이즈"": ""적당함"", ""색상"": ""같음"", ""소재"": ""같음""}",[]
308961006,마르벳,Draping Wrap Shirt_Ivory,https://www.wconcept.co.kr/Product/308961006,1,6,wc******,2026.09.04,IVORY_XS,소재 예뻐요 마음에 들어요 다른 컬러도 살의향있어요,5.0,"{""사이즈"": ""적당함"", ""색상"": ""같음"", ""소재"": ""같음""}","[""https://media.wconcept.co.kr/review/308961006/308961006_1788529010051.jpeg?RS=300""]"
308886882,틸아이다이,[단 하루!] [헤이가가 Pick]STRIPE COTTON TEE [TIFA04LT05]_Gray,https://www.wconcept.co.kr/Product/308886882,1,1,wc******,2026.09.13,GRAY_FREE,소재 부드럽고 사이즈도 적당하게 여유있어 더 맘에 드네요,5.0,"{""사이즈"": ""적당함"", ""색상"": ""같음"", ""소재"": ""같음""}","[""https://media.wconcept.co.kr/review/308886882/308886882_1789288197285.jpg?RS=300""]"
308886882,틸아이다이,[단 하루!] [헤이가가 Pick]STRIPE COTTON TEE [TIFA04LT05]_Gray,https://www.wconcept.co.kr/Product/308886882,1,2,wc******,2026.09.04,GRAY_FREE,줄무늬 색감이 이뻐서 샀어요 잘입을께요 헤이가가 소개로 싸게 샀듯요,5.0,"{""사이즈"": ""적당함"", ""색상"": ""비슷함"", ""소재"": ""비슷함""}","[""https://media.wconcept.co.kr/review/308886882/308886882_1788506666858.jpg?RS=300""]"
308886882,틸아이다이,[단 하루!] [헤이가가 Pick]STRIPE COTTON TEE [TIFA04LT05]_Gray,https://www.wconcept.co.kr/Product/308886882,1,3,su******,2026.08.31,GRAY_FREE,면티는 아니고 약간 니트 느낌인데 재질 좋아요 보풀이 안생겼음 좋겠네요 색상이쁘고 제가 살이쪄서 좀 타이트하긴한데 가을까지 빡세게 운동하고 입어야할듯요 옷은 짱짱하고 이뻐요,5.0,"{""사이즈"": ""적당함"", ""색상"": ""같음"", ""소재"": ""같음""}","[""https://media.wconcept.co.kr/review/308886882/308886882_1788159027726.jpg?RS=300""]"
308886882,틸아이다이,[단 하루!] [헤이가가 Pick]STRIPE COTTON TEE [TIFA04LT05]_Gray,https://www.wconcept.co.kr/Product/308886882,1,4,wc******,2026.08.25,GRAY_FREE,두루두루 편하게 잘 입을꺼 같아요^^ 배송도 빠르고 좋네요,5.0,"{""사이즈"": ""적당함"", ""색상"": ""같음"", ""소재"": ""같음""}","[""https://media.wconcept.co.kr/review/308886882/308886882_1787660027287.jpg?RS=300""]"
308886882,틸아이다이,[단 하루!] [헤이가가 Pick]STRIPE COTTON TEE [TIFA04LT05]_Gray,https://www.wconcept.co.kr/Product/308886882,1,5,va******,2026.08.25,GRAY_FREE,색상도 은은해서 너무 예쁘고 감촉도 너무 좋아요 다른 연한색이 더 있었으면 좋겠어요!,5.0,"{""사이즈"": ""적당함"", ""색상"": ""같음"", ""소재"": ""같음""}",[]
308886882,틸아이다이,[단 하루!] [헤이가가 Pick]STRIPE COTTON TEE [TIFA04LT05]_Gray,https://www.wconcept.co.kr/Product/308886882,1,6,ie******,2026.08.25,GRAY_FREE,전부터 그레이 색상 스트라이프 티셔츠 사고싶어서 찾아보던 중 애정하는 틸아이다이가 떡하니 보여서 마침 세일할때 구입했습니다~! 단독으로 입어도 이쁠것같고 다른 티셔츠랑 레이어드에서 입어도 이쁠거같아요~ 플러스 목늘어남 걱정도 안해도되서 굿굿,5.0,"{""사이즈"": ""적당함"", ""색상"": ""같음"", ""소재"": ""같음""}","[""https://media.wconcept.co.kr/review/308886882/308886882_1787658204902.jpeg?RS=300""]"
308886882,틸아이다이,[단 하루!] [헤이가가 Pick]STRIPE COTTON TEE [TIFA04LT05]_Gray,https://www.wconcept.co.kr/Product/308886882,2,7,wc******,2026.08.25,GRAY_FREE,봄.가을 그냥 입어도 자켓이나 조끼안에 입어도 좋을 티인듯 합니다 소재 부드럽고 색깔도 화사하니 좋네요,5.0,"{""사이즈"": ""적당함"", ""색상"": ""같음"", ""소재"": ""같음""}","[""https://media.wconcept.co.kr/review/308886882/308886882_1787626863865.jpg?RS=300""]"
308886882,틸아이다이,[단 하루!] [헤이가가 Pick]STRIPE COTTON TEE [TIFA04LT05]_Gray,https://www.wconcept.co.kr/Product/308886882,2,8,ss******,2026.08.22,GRAY_FREE,스트라이프 맛집 틸아이다이 믿고 구입했습니다 이너로 입기도 좋고 단독으로 입어도 좋을 것 같아요,5.0,"{""사이즈"": ""적당함"", ""색상"": ""같음"", ""소재"": ""같음""}",[]
308161865,로트르드민,[20%쿠폰] [Summer Ver. 단독]Layered sheer shirt knit,https://www.wconcept.co.kr/Product/308161865,1,1,eu******,2026.09.13,"M-L, SUMMER VER. 블랙-핑크",이쁨 쿨톤인데 얼굴빛 밝아보인다는 소리 많이 들음,5.0,"{""사이즈"": ""적당함"", ""색상"": ""같음"", ""소재"": ""같음""}","[""https://media.wconcept.co.kr/review/308161865/308161865_1789278453125.jpeg?RS=300""]"
308161865,로트르드민,[20%쿠폰] [Summer Ver. 단독]Layered sheer shirt knit,https://www.wconcept.co.kr/Product/308161865,1,2,to******,2026.09.13,"S-M, SUMMER VER. 그레이-블루",옷감이 얇고 기병워여 촉감도 좋고 마음에 들어요 가을 내내 입기 좋을거 같아요 그레이 색상이라 차분해보여요,5.0,"{""사이즈"": ""적당함"", ""색상"": ""같음"", ""소재"": ""같음""}",[]
308161865,로트르드민,[20%쿠폰] [Summer Ver. 단독]Layered sheer shirt knit,https://www.wconcept.co.kr/Product/308161865,1,3,hh******,2026.09.12,"S-M, 블랙-화이트",너무너무 예뻐요! 하객룩으로 딱이에요 어른여자 느낌 낭낭한 옷이에여,5.0,"{""사이즈"": ""적당함"", ""색상"": ""같음"", ""소재"": ""같음""}",[]
308161865,로트르드민,[20%쿠폰] [Summer Ver. 단독]Layered sheer shirt knit,https://www.wconcept.co.kr/Product/308161865,1,4,iv******,2026.09.12,"M-L, SUMMER VER. 블랙-핑크",너무 오래 기다렸어요ㅜㅜ 옷은 예뻐요 깔끔하고 단정하게 입기 좋아요 여기 옷은 다 이쁘더라구요,5.0,"{""사이즈"": ""적당함"", ""색상"": ""비슷함"", ""소재"": ""비슷함""}","[""https://media.wconcept.co.kr/review/308161865/308161865_1789213331083.jpg?RS=300""]"
308161865,로트르드민,[20%쿠폰] [Summer Ver. 단독]Layered sheer shirt knit,https://www.wconcept.co.kr/Product/308161865,1,5,sj******,2026.09.12,"M-L, SUMMER VER. 블랙-핑크",배송은 좀 지연됐지만 옷은 예뻐요 적당히 어기저기 활용해서 입어볼수익을것같습니다,5.0,"{""사이즈"": ""적당함"", ""색상"": ""같음"", ""소재"": ""같음""}","[""https://media.wconcept.co.kr/review/308161865/308161865_1789209928563.jpeg?RS=300""]"
308161865,로트르드민,[20%쿠폰] [Summer Ver. 단독]Layered sheer shirt knit,https://www.wconcept.co.kr/Product/308161865,1,6,wc******,2026.09.12,"S-M, SUMMER VER. 블랙-핑크",오늘 신랑이랑 데이트 할때 입고나가면 띡좋을듯 가을초가을날씨에 어울리네용,5.0,"{""사이즈"": ""적당함"", ""색상"": ""같음"", ""소재"": ""비슷함""}","[""https://media.wconcept.co.kr/review/308161865/308161865_1789184885069.jpg?RS=300""]"
308161865,로트르드민,[20%쿠폰] [Summer Ver. 단독]Layered sheer shirt knit,https://www.wconcept.co.kr/Product/308161865,2,7,wh******,2026.09.12,"S-M, 블랙-핑크",봄부터 고민하다가 이번에 구매했는데 이제야 산 게 후회될 정도로 너무 예쁘네요 이제 날씨가 선선해져서 잘 입을 것 같아요,5.0,"{""사이즈"": ""적당함"", ""색상"": ""같음"", ""소재"": ""같음""}",[]
308161865,로트르드민,[20%쿠폰] [Summer Ver. 단독]Layered sheer shirt knit,https://www.wconcept.co.kr/Product/308161865,2,8,gm******,2026.09.11,"S-M, 블랙-핑크",배송이 느리긴했으나 옷 정말 이쁩니다 이거 입고 예쁘단소리도 듣고 결혼하냐는 소리도들었습니닼ㅋㅋㅋㅋ 결혼은 안하지만요..^^ 하하 그리고 제가 얼굴이 각지고 목이 긴편이 아니라 카라 있는 옷을 잘 안입는데 이거는 전혀 그런걱정 없이 입을수잇는옷이라 좋습니다,5.0,"{""사이즈"": ""적당함"", ""색상"": ""같음"", ""소재"": ""같음""}","[""https://media.wconcept.co.kr/review/308161865/308161865_1789105103145.jpg?RS=300""]"
308161865,로트르드민,[20%쿠폰] [Summer Ver. 단독]Layered sheer shirt knit,https://www.wconcept.co.kr/Product/308161865,2,9,qm******,2026.09.11,"S-M, SUMMER VER. 블랙-핑크",골지 느낌 안좋아해서 여름버전 나온거보고 구매했는데 촉감도 좋고 마음에 들어요! 봄가을에도 입기 좋을거 같아요,5.0,"{""사이즈"": ""적당함"", ""색상"": ""같음"", ""소재"": ""비슷함""}","[""https://media.wconcept.co.kr/review/308161865/308161865_1789102232663.jpg?RS=300""]"
308161865,로트르드민,[20%쿠폰] [Summer Ver. 단독]Layered sheer shirt knit,https://www.wconcept.co.kr/Product/308161865,2,10,19******,2026.09.10,"S-M, SUMMER VER. 그레이-블루",여성스러운 디자인이예요. 레이어드 배색도 예쁩니다,5.0,"{""사이즈"": ""적당함"", ""색상"": ""같음"", ""소재"": ""같음""}","[""https://media.wconcept.co.kr/review/308161865/308161865_1789047323722.jpg?RS=300""]"
308161865,로트르드민,[20%쿠폰] [Summer Ver. 단독]Layered sheer shirt knit,https://www.wconcept.co.kr/Product/308161865,2,11,dk******,2026.09.10,"M-L, 블랙-핑크",가을에 입기 찰떡인 아이템이네요 색이 예쁩니다,5.0,"{""사이즈"": ""적당함"", ""색상"": ""같음"", ""소재"": ""같음""}",[]
308161865,로트르드민,[20%쿠폰] [Summer Ver. 단독]Layered sheer shirt knit,https://www.wconcept.co.kr/Product/308161865,2,12,wl******,2026.09.10,"M-L, 그레이-블루",디자인이 넘 이뻐요!!! 셔츠 따로 입지 않아서 좋아요!!,5.0,"{""사이즈"": ""적당함"", ""색상"": ""같음"", ""소재"": ""같음""}","[""https://media.wconcept.co.kr/review/308161865/308161865_1789004384647.jpeg?RS=300""]"
308161865,로트르드민,[20%쿠폰] [Summer Ver. 단독]Layered sheer shirt knit,https://www.wconcept.co.kr/Product/308161865,3,13,od******,2026.09.10,"S-M, 블랙-핑크",니트소재는 살짝 두껍고 가을에 입기좋아요 몸매를 감싸줘서 몸매가 이뻐보여요 셔츠소재는 살짝 아쉽긴하네요 마감도 살짝 아쉽지만 입었더니 넥라인이랑 전체적실루엣이 이뻐서 품어요,4.0,"{""사이즈"": ""적당함"", ""색상"": ""비슷함"", ""소재"": ""비슷함""}","[""https://media.wconcept.co.kr/review/308161865/308161865_1789003523079.jpg?RS=300""]"
308161865,로트르드민,[20%쿠폰] [Summer Ver. 단독]Layered sheer shirt knit,https://www.wconcept.co.kr/Product/308161865,3,14,ph******,2026.09.09,"S-M, SUMMER VER. 블랙-핑크",고민 많이 하다 구매했는데 색깔도 너무 예쁘고 레이어드된 것도 마음에 들어요!! 스커트나 팬츠나 다 잘 어울릴 거 같고 다른 색깔도 사고 싶어요ㅎㅎ,5.0,"{""사이즈"": ""적당함"", ""색상"": ""같음"", ""소재"": ""같음""}","[""https://media.wconcept.co.kr/review/308161865/308161865_1788961516971.jpg?RS=300""]"
308161865,로트르드민,[20%쿠폰] [Summer Ver. 단독]Layered sheer shirt knit,https://www.wconcept.co.kr/Product/308161865,3,15,ki******,2026.09.09,"M-L, 블랙-핑크",상의는 55~66 입는데 M~L사이즈 시켰다가 조금 슬림하게 입는 게 예쁠 것 같아서 교환했어요. 교환한 S~M사이즈가 저한테 더 예쁘게 맞는 것 같아요,5.0,"{""사이즈"": ""적당함"", ""색상"": ""같음"", ""소재"": ""같음""}","[""https://media.wconcept.co.kr/review/308161865/308161865_1788951709607.jpg?RS=300""]"
308161865,로트르드민,[20%쿠폰] [Summer Ver. 단독]Layered sheer shirt knit,https://www.wconcept.co.kr/Product/308161865,3,16,gm******,2026.09.09,"S-M, SUMMER VER. 블랙-핑크",잇지 유나님 입으신 사진보고 홀린듯 주문했어요!! 올해 산 옷중에 가장 잘산옷 같아요. 진짜 너무너무 예쁘고 질도 좋습니다!! 특히 니트가 되게 부드럽고 입엇을때 카라도 포인트 되어요‘ 손이 자주 가는옷...!! 강추해요,5.0,"{""사이즈"": ""적당함"", ""색상"": ""같음"", ""소재"": ""같음""}","[""https://media.wconcept.co.kr/review/308161865/308161865_1788940047212.jpeg?RS=300""]"
308161865,로트르드민,[20%쿠폰] [Summer Ver. 단독]Layered sheer shirt knit,https://www.wconcept.co.kr/Product/308161865,3,17,tw******,2026.09.09,"M-L, SUMMER VER. 블랙-핑크","제가 돌았나봐요 .. 이딴 옷을 10만원 주고 사다니 .. 절대 절데 절대 절대 절대 절대 절대 사지마세요 욕 나옵니다 + 쿠폰 맥여서 6만원대여도 사지 마세요 ;;;; 진짜 개짜증납니다 3번 정도제가 입은 거 같은데 검정색 니트 부분은 모두 보풀 일어났구요 제가 옷을 험하게 다루는 편도 아닌데 옷 벗고 그 다음에 다시 한번 입으려고 봤더니 겨드랑이가 찢어져있었어요 이딴 내구성에 어떻게 10만원을 받지요 ???? 정말 화가났는데요 .. 지금 이거 수선하러 갈 시간도 없고 후기 쓸시간도 없어서 간신히 쓰네요 다들 절대 구매하지 마세요 .. 가격, 재질, 내구성 뭐 하나 좋은 것 하나 없습니다 그냥 지그재그나 에이블리에서 4만원에 판매했어야 하는 옷을 ;; 왜 여기서 10만원 주고 판매하시는 건지.. ㅋㅋ 화가 납니다 ^^ 혹시 몰라 말씀드리자면 전 169에 60-62 정도 하는 체형이고요 그렇게 꽉 끼지도 않아서 이게 찢어질리가 없는데 찢어진 게 너무 짜증나네요 .. 10만원 주고 샀는데 .. 여기에다가 수선비까지 ..? ㅋㅋ 상품 재질이랑 품질은 검수 부탁드립니다 ^^",1.0,"{""사이즈"": ""적당함"", ""색상"": ""비슷함"", ""소재"": ""다름""}","[""https://media.wconcept.co.kr/review/308161865/308161865_1788939257409.jpeg?RS=300"", ""https://media.wconcept.co.kr/review/308161865/308161865_1788939257359.jpeg?RS=300"", ""https://media.wconcept.co.kr/review/308161865/308161865_1788939257196.jpeg?RS=300""]"
308161865,로트르드민,[20%쿠폰] [Summer Ver. 단독]Layered sheer shirt knit,https://www.wconcept.co.kr/Product/308161865,3,18,jy******,2026.09.09,"M-L, 블랙-핑크","예정 배송일 보단 조금 빨리 왔네요. 색상조합 너무 좋고,,두께가 제법 있네요. 블라우스쪽 재질이 생각보다 저렴해 보이진 않는데,,몸판 재질이 보풀이 잘 생길것 같네요. 사이즈는 55반 정도 되는데 넉넉하게 M으로 하니 약간 큰감도 있지만 달라붙지 않고 좋네요.",5.0,"{""사이즈"": ""적당함"", ""색상"": ""같음"", ""소재"": ""같음""}","[""https://media.wconcept.co.kr/review/308161865/308161865_1788914758222.jpg?RS=300"", ""https://media.wconcept.co.kr/review/308161865/308161865_1788914758116.jpg?RS=300""]"
308900087,오스트카카,"[20+5%쿠폰] [묵화,임현주 PICK][단독] 오버사이즈 스웨이드 블루종 점퍼 다크브라운",https://www.wconcept.co.kr/Product/308900087,1,1,so******,2026.09.10,FREE,배송도 빠르고 가격도 착하고 다 마음에 들어요 살짝 무겁긴 한데... 그래도 요즘 가볍게 입다 무게감이 있는 옷을 입어서 그런거 같기도 하고요 미리 구매 해서 빠르게 입을 수 있어 좋을것 같아요 컬러도 화면 처럼 이뻐요.,5.0,"{""사이즈"": ""적당함"", ""색상"": ""같음"", ""소재"": ""같음""}","[""https://media.wconcept.co.kr/review/308900087/308900087_1789046211819.jpg?RS=300""]"
308900087,오스트카카,"[20+5%쿠폰] [묵화,임현주 PICK][단독] 오버사이즈 스웨이드 블루종 점퍼 다크브라운",https://www.wconcept.co.kr/Product/308900087,1,2,19******,2026.09.10,FREE,부들부들 밤색인데 무게감은 좀 묵직하게 있어요. 품이 넓어서 안에 두꺼운 옷 여러개 입어도 될듯! 키작녀에게는 엉덩이를 덥지만 힙해보이고 좋아요.,5.0,"{""사이즈"": ""큼"", ""색상"": ""같음"", ""소재"": ""같음""}","[""https://media.wconcept.co.kr/review/308900087/308900087_1788995925877.jpg?RS=300""]"
308900087,오스트카카,"[20+5%쿠폰] [묵화,임현주 PICK][단독] 오버사이즈 스웨이드 블루종 점퍼 다크브라운",https://www.wconcept.co.kr/Product/308900087,1,3,cy******,2026.09.09,FREE,좀 무겁기는한데 색상도 고급스럽고 예뻐요 추워지면 잘입을듯합니다 지금은 여름옷이라 많이 큰느낌인데 추워지면 괜챦을듯,5.0,"{""사이즈"": ""큼"", ""색상"": ""같음"", ""소재"": ""같음""}","[""https://media.wconcept.co.kr/review/308900087/308900087_1788912269231.jpg?RS=300""]"
308900087,오스트카카,"[20+5%쿠폰] [묵화,임현주 PICK][단독] 오버사이즈 스웨이드 블루종 점퍼 다크브라운",https://www.wconcept.co.kr/Product/308900087,1,4,ji******,2026.09.08,FREE,디자인 색상 고급지고 사이즈 여유있어서 오버핏으로 편하게 입기 좋을 것 같아요~~ 근데 무게가 상당해서 입고 오래 걸어다니면 어깨 아플 것 같아서 손이 많이 갈지 잘 모르겟네요ㅎㅎㅎ,5.0,"{""사이즈"": ""적당함"", ""색상"": ""같음"", ""소재"": ""같음""}","[""https://media.wconcept.co.kr/review/308900087/308900087_1788874981577.jpeg?RS=300""]"
308900087,오스트카카,"[20+5%쿠폰] [묵화,임현주 PICK][단독] 오버사이즈 스웨이드 블루종 점퍼 다크브라운",https://www.wconcept.co.kr/Product/308900087,1,5,de******,2026.09.08,FREE,고민하다 구매확정해요 퀄리티 좋은 느낌이네요. 소재 샷 올려요.,5.0,"{""사이즈"": ""작음"", ""색상"": ""비슷함"", ""소재"": ""비슷함""}",[]
308900087,오스트카카,"[20+5%쿠폰] [묵화,임현주 PICK][단독] 오버사이즈 스웨이드 블루종 점퍼 다크브라운",https://www.wconcept.co.kr/Product/308900087,1,6,ui******,2026.09.08,FREE,스웨이드 자켓 종류 엄청 많은데 제일 깔끔합니다,5.0,"{""사이즈"": ""적당함"", ""색상"": ""같음"", ""소재"": ""같음""}","[""https://media.wconcept.co.kr/review/308900087/308900087_1788856013145.jpeg?RS=300""]"
308900087,오스트카카,"[20+5%쿠폰] [묵화,임현주 PICK][단독] 오버사이즈 스웨이드 블루종 점퍼 다크브라운",https://www.wconcept.co.kr/Product/308900087,2,7,ya******,2026.09.05,FREE,스웨이드라 부드럽고 많이 무겁지 않아서 좋아요~ 색상도 너무 예쁘고 빨리 추워져서 입고 다니고 싶어요,5.0,"{""사이즈"": ""적당함"", ""색상"": ""같음"", ""소재"": ""같음""}","[""https://media.wconcept.co.kr/review/308900087/308900087_1788604727858.jpeg?RS=300"", ""https://media.wconcept.co.kr/review/308900087/308900087_1788604727743.jpeg?RS=300""]"
308900087,오스트카카,"[20+5%쿠폰] [묵화,임현주 PICK][단독] 오버사이즈 스웨이드 블루종 점퍼 다크브라운",https://www.wconcept.co.kr/Product/308900087,2,8,wc******,2026.09.03,FREE,가을 가을 합니다.. 칼라는 짙은 브라운에 부드러운스웨이드 질감과 뒤 디테일이 이쁘네요.. 빨리 추워지길,5.0,"{""사이즈"": ""적당함"", ""색상"": ""같음"", ""소재"": ""같음""}","[""https://media.wconcept.co.kr/review/308900087/308900087_1788417565084.jpg?RS=300"", ""https://media.wconcept.co.kr/review/308900087/308900087_1788417564998.jpg?RS=300""]"
308900087,오스트카카,"[20+5%쿠폰] [묵화,임현주 PICK][단독] 오버사이즈 스웨이드 블루종 점퍼 다크브라운",https://www.wconcept.co.kr/Product/308900087,2,9,le******,2026.09.02,FREE,"세일할때 저렴하게 잘 샀고,추워지면 엄청 잘입을거 같아요",5.0,"{""사이즈"": ""적당함"", ""색상"": ""같음"", ""소재"": ""비슷함""}","[""https://media.wconcept.co.kr/review/308900087/308900087_1788358726979.jpg?RS=300""]"
308900087,오스트카카,"[20+5%쿠폰] [묵화,임현주 PICK][단독] 오버사이즈 스웨이드 블루종 점퍼 다크브라운",https://www.wconcept.co.kr/Product/308900087,2,10,rm******,2026.09.02,FREE,밖음질 상태가 안좋은데가 있어서 반품 고민하다 색이 진해서 티가 많이나는건 아니라 그냥 입으려고요 사이즈는 66기준 오버핏은 아니고 적당한 정도고 색상은 화면과 같아서 마음에 들어요 무난한 점퍼라 편하게 입으려고요,4.0,"{""사이즈"": ""적당함"", ""색상"": ""같음"", ""소재"": ""같음""}","[""https://media.wconcept.co.kr/review/308900087/308900087_1788316115681.jpg?RS=300""]"
308900087,오스트카카,"[20+5%쿠폰] [묵화,임현주 PICK][단독] 오버사이즈 스웨이드 블루종 점퍼 다크브라운",https://www.wconcept.co.kr/Product/308900087,2,11,jy******,2026.08.30,FREE,소재도 좋고 컬러가 너무 이뻐요~소재특성상 무게감은 살짝 있는데 핏이 이뻐요. 빨리 추워져서 입고 싶어요^^,5.0,"{""사이즈"": ""적당함"", ""색상"": ""같음"", ""소재"": ""같음""}","[""https://media.wconcept.co.kr/review/308900087/308900087_1788076207864.jpg?RS=300""]"
308900087,오스트카카,"[20+5%쿠폰] [묵화,임현주 PICK][단독] 오버사이즈 스웨이드 블루종 점퍼 다크브라운",https://www.wconcept.co.kr/Product/308900087,2,12,18******,2026.08.30,FREE,"만족합니다 두께감 칼라 제 키엔 좀 길이감 있지만 스커트, 바지 다 입을수있을거같아요",5.0,"{""사이즈"": ""적당함"", ""색상"": ""같음"", ""소재"": ""같음""}","[""https://media.wconcept.co.kr/review/308900087/308900087_1788056280826.jpeg?RS=300""]"
308900087,오스트카카,"[20+5%쿠폰] [묵화,임현주 PICK][단독] 오버사이즈 스웨이드 블루종 점퍼 다크브라운",https://www.wconcept.co.kr/Product/308900087,3,13,su******,2026.08.28,FREE,배송도 빠르구요 정말정말 너무 이뻐요 살도 커버되고 빨리 날씨 추워지면 입고싶네요 두께감 있어서 쌀쌀해지면 반팔에 걸치고 추워지면 니트입고 입어도 충분히 겨울까지 착용가능할꺼같아요 뒷면에 작은 로고 까지 맘에 들어요,5.0,"{""사이즈"": ""적당함"", ""색상"": ""같음"", ""소재"": ""같음""}","[""https://media.wconcept.co.kr/review/308900087/308900087_1787924946031.jpg?RS=300"", ""https://media.wconcept.co.kr/review/308900087/308900087_1787924945926.jpg?RS=300""]"
308900087,오스트카카,"[20+5%쿠폰] [묵화,임현주 PICK][단독] 오버사이즈 스웨이드 블루종 점퍼 다크브라운",https://www.wconcept.co.kr/Product/308900087,3,14,sk******,2026.08.28,FREE,작년부터 갖고 싶었던 스웨이드점퍼예요. 작년부터 고민하던 타 브랜드 제품이 있는데 오스트카카 제품 보고 고민하다가 오스트카카제품을 선택하게 되었어요~ 일단 색감이 마음에 들고 사이즈도 넉넉하니 좋네요~ 아직 여름이라 반팔에 걸치니 더 커보이긴 하는데 가을에 긴팔 니트 입고 입으면 여유있게 핏이 떨어져서 예쁠것 같아요^^ 소재도 부드럽고 바느질도 꼼꼼하니 좋아요. 오스트카카 제품은 처음 구입해봤는데 앞으로 쭉 애정하겠습니다^^ 옷은 스웨이드 특성상 무게감은 있어요~~ 빨리 가을이 되어서 입고 나가고 싶어요^^ 잘 입을게요^^,5.0,"{""사이즈"": ""큼"", ""색상"": ""같음"", ""소재"": ""같음""}","[""https://media.wconcept.co.kr/review/308900087/308900087_1787900020171.jpg?RS=300""]"
308900087,오스트카카,"[20+5%쿠폰] [묵화,임현주 PICK][단독] 오버사이즈 스웨이드 블루종 점퍼 다크브라운",https://www.wconcept.co.kr/Product/308900087,3,15,ya******,2026.08.27,FREE,컬러도 좋고 옷도 이뻐요 . 다만 지퍼를 닫으면 밑단에 밴드부분이 좀 쪼여요. 제 체형의 문제일 수도 있고요. 좀 무겁긴해요. 어서 빨리 추워져서 입어보고 싶네요.,5.0,"{""사이즈"": ""적당함"", ""색상"": ""비슷함"", ""소재"": ""비슷함""}","[""https://media.wconcept.co.kr/review/308900087/308900087_1787812290648.jpg?RS=300""]"
308900087,오스트카카,"[20+5%쿠폰] [묵화,임현주 PICK][단독] 오버사이즈 스웨이드 블루종 점퍼 다크브라운",https://www.wconcept.co.kr/Product/308900087,3,16,oz******,2026.08.27,FREE,완전 다크한 색이라 튀지않고 너무 맘에 듭니다 묵직한 편인데 후들거리고 휘뚤마뚤 엄청 잘입어질 것 같아요,5.0,"{""사이즈"": ""적당함"", ""색상"": ""같음"", ""소재"": ""같음""}","[""https://media.wconcept.co.kr/review/308900087/308900087_1787804041079.jpeg?RS=300"", ""https://media.wconcept.co.kr/review/308900087/308900087_1787804040989.jpeg?RS=300""]"
308900087,오스트카카,"[20+5%쿠폰] [묵화,임현주 PICK][단독] 오버사이즈 스웨이드 블루종 점퍼 다크브라운",https://www.wconcept.co.kr/Product/308900087,3,17,wc******,2026.08.25,FREE,원하던 칼러라 넘 맘에 드네요 스웨이드 고급스러 보이고 빨리 추워 졌음 좋겠네요,5.0,"{""사이즈"": ""적당함"", ""색상"": ""같음"", ""소재"": ""같음""}","[""https://media.wconcept.co.kr/review/308900087/308900087_1787660242723.jpg?RS=300""]"
308900087,오스트카카,"[20+5%쿠폰] [묵화,임현주 PICK][단독] 오버사이즈 스웨이드 블루종 점퍼 다크브라운",https://www.wconcept.co.kr/Product/308900087,3,18,om******,2026.08.25,FREE,스웨이드 자켓 좋아하는데 어두운 브라운이라 더 맘에 들어요,5.0,"{""사이즈"": ""적당함"", ""색상"": ""같음"", ""소재"": ""같음""}",[]
308234960,틸아이다이,[단 하루!] [여울 Pick] Over-Fit utility jacket [TISP05JK09]_Stone beige,https://www.wconcept.co.kr/Product/308234960,1,1,wc******,2026.08.22,STONE BEIGE_FREE,재질과 색상이 너무마음에들어요 쉬원해지면 초겨울까지 입을수있을거같아요,5.0,"{""사이즈"": ""적당함"", ""색상"": ""같음"", ""소재"": ""같음""}",[]
308234960,틸아이다이,[단 하루!] [여울 Pick] Over-Fit utility jacket [TISP05JK09]_Stone beige,https://www.wconcept.co.kr/Product/308234960,1,2,co******,2026.06.24,STONE BEIGE_FREE,봄에 편안하게 휘리릭 걸치기 좋았습니다. 사이즈가 오버사이즈이긴 한데 저는 옷을 좀 크게 입는 편이라 사이즈는 마음에 들었습니다.,5.0,"{""사이즈"": ""적당함"", ""색상"": ""같음"", ""소재"": ""같음""}","[""https://media.wconcept.co.kr/review/308234960/308234960_1782283901133.jpeg?RS=300""]"
308234960,틸아이다이,[단 하루!] [여울 Pick] Over-Fit utility jacket [TISP05JK09]_Stone beige,https://www.wconcept.co.kr/Product/308234960,1,3,wl******,2026.06.02,STONE BEIGE_FREE,봄 내내 진짜 잘입엇어여!! 너무 예뻐여 ㅠㅠㅠㅋㅋ,5.0,"{""사이즈"": ""적당함"", ""색상"": ""같음"", ""소재"": ""같음""}","[""https://media.wconcept.co.kr/review/308234960/308234960_1780398926671.jpeg?RS=300""]"
308234960,틸아이다이,[단 하루!] [여울 Pick] Over-Fit utility jacket [TISP05JK09]_Stone beige,https://www.wconcept.co.kr/Product/308234960,1,4,gh******,2026.05.16,STONE BEIGE_FREE,몇번 못입었지만 예쁘게 잘 입었어요 여기저기 입기 좋아요,5.0,"{""사이즈"": ""적당함"", ""색상"": ""같음"", ""소재"": ""같음""}","[""https://media.wconcept.co.kr/review/308234960/308234960_1778909950148.jpeg?RS=300""]"
308234960,틸아이다이,[단 하루!] [여울 Pick] Over-Fit utility jacket [TISP05JK09]_Stone beige,https://www.wconcept.co.kr/Product/308234960,1,5,sg******,2026.05.15,STONE BEIGE_FREE,오래걸려서 취소하려다가 안했는데젤 맘에듭니다,5.0,"{""사이즈"": ""적당함"", ""색상"": ""같음"", ""소재"": ""같음""}","[""https://media.wconcept.co.kr/review/308234960/308234960_1778833731396.jpg?RS=300""]"
308234960,틸아이다이,[단 하루!] [여울 Pick] Over-Fit utility jacket [TISP05JK09]_Stone beige,https://www.wconcept.co.kr/Product/308234960,1,6,jo******,2026.05.12,STONE BEIGE_FREE,봄철 교복이라고 한 누군가의 후기가 정말 딱인듯! 전 추위를 잘 타서 요즘 5월인데도 아침 저녁으로 걸치기에 아주 좋아요~ 키크신 분들이나 박시한 스타일 좋아하시는 분들 완전 강추입니다 😊,5.0,"{""사이즈"": ""큼"", ""색상"": ""같음"", ""소재"": ""같음""}","[""https://media.wconcept.co.kr/review/308234960/308234960_1778595765261.jpg?RS=300""]"
308234960,틸아이다이,[단 하루!] [여울 Pick] Over-Fit utility jacket [TISP05JK09]_Stone beige,https://www.wconcept.co.kr/Product/308234960,2,7,ok******,2026.05.05,STONE BEIGE_FREE,"봄에 휘뚜루 마뚜루 걸치기 참 좋았습니다! 생각보다 박시한 핏이었는데, 루즈핏 좋아하시는 분들에겐 좋을 것 같습니다.",5.0,"{""사이즈"": ""큼"", ""색상"": ""비슷함"", ""소재"": ""비슷함""}","[""https://media.wconcept.co.kr/review/308234960/308234960_1777978588106.jpg?RS=300""]"
308234960,틸아이다이,[단 하루!] [여울 Pick] Over-Fit utility jacket [TISP05JK09]_Stone beige,https://www.wconcept.co.kr/Product/308234960,2,8,wc******,2026.04.29,STONE BEIGE_FREE,예뻐요 지금은 더워져서 못입으니 내년에 입을께요 배송 빠름,5.0,"{""사이즈"": ""적당함"", ""색상"": ""같음"", ""소재"": ""같음""}",[]
308234960,틸아이다이,[단 하루!] [여울 Pick] Over-Fit utility jacket [TISP05JK09]_Stone beige,https://www.wconcept.co.kr/Product/308234960,2,9,dl******,2026.04.26,STONE BEIGE_FREE,하이넥인데 저는 목 부분이 좀 울어요(?) 두께는 일교차 클 때 입어주기 딱 좋고 품은 어깨가 있는 사람으로써 생각보다 안큽니다,5.0,"{""사이즈"": ""적당함"", ""색상"": ""같음"", ""소재"": ""비슷함""}","[""https://media.wconcept.co.kr/review/308234960/308234960_1777179607963.jpeg?RS=300""]"
308234960,틸아이다이,[단 하루!] [여울 Pick] Over-Fit utility jacket [TISP05JK09]_Stone beige,https://www.wconcept.co.kr/Product/308234960,2,10,bl******,2026.04.26,STONE BEIGE_FREE,예쁜데 프리사이즈여서 저한테는 꽤 크더라고요 그치면 여기저기 잘어울여서 조아요,5.0,"{""사이즈"": ""큼"", ""색상"": ""같음"", ""소재"": ""같음""}","[""https://media.wconcept.co.kr/review/308234960/308234960_1777176343106.jpeg?RS=300""]"
308234960,틸아이다이,[단 하루!] [여울 Pick] Over-Fit utility jacket [TISP05JK09]_Stone beige,https://www.wconcept.co.kr/Product/308234960,2,11,10******,2026.04.23,STONE BEIGE_FREE,샛각보다 받아서 입었을때 더이쁨ㅋㅋ,5.0,"{""사이즈"": ""적당함"", ""색상"": ""비슷함"", ""소재"": ""비슷함""}",[]
308234960,틸아이다이,[단 하루!] [여울 Pick] Over-Fit utility jacket [TISP05JK09]_Stone beige,https://www.wconcept.co.kr/Product/308234960,2,12,Ko******,2026.04.21,STONE BEIGE_FREE,기본템으로 자주 착용가능해서 좋아요,5.0,"{""사이즈"": ""적당함"", ""색상"": ""같음"", ""소재"": ""같음""}","[""https://media.wconcept.co.kr/review/308234960/308234960_1776768322439.jpg?RS=300""]"
308234960,틸아이다이,[단 하루!] [여울 Pick] Over-Fit utility jacket [TISP05JK09]_Stone beige,https://www.wconcept.co.kr/Product/308234960,3,13,sf******,2026.04.19,STONE BEIGE_FREE,딱 찾던 스타일에 야상자켓이에요!! 색도 상세정보랑 같은 베이지 색상이고 검정치마랑도 잘 어울리고 청바지랑도 잘 어울려요 ㅎㅎ 더 더워지기 전에 열심히 입어보려구요!,5.0,"{""사이즈"": ""적당함"", ""색상"": ""같음"", ""소재"": ""같음""}","[""https://media.wconcept.co.kr/review/308234960/308234960_1776527206176.jpeg?RS=300""]"
308234960,틸아이다이,[단 하루!] [여울 Pick] Over-Fit utility jacket [TISP05JK09]_Stone beige,https://www.wconcept.co.kr/Product/308234960,3,14,he******,2026.04.18,STONE BEIGE_FREE,오버핏 봄자켓입니다. 멋스러워요. 날이 쌀쌀할테 입으면 좋을듯합니다,5.0,"{""사이즈"": ""큼"", ""색상"": ""같음"", ""소재"": ""같음""}","[""https://media.wconcept.co.kr/review/308234960/308234960_1776506819141.jpg?RS=300""]"
308234960,틸아이다이,[단 하루!] [여울 Pick] Over-Fit utility jacket [TISP05JK09]_Stone beige,https://www.wconcept.co.kr/Product/308234960,3,15,da******,2026.04.13,STONE BEIGE_FREE,간절기에 입기 딱이에요 오버핏이라 아무데나 걸치기도 좋고 색감도 무난해서 아무거랑 입어도 왠만하면 다 찰떡,5.0,"{""사이즈"": ""적당함"", ""색상"": ""같음"", ""소재"": ""같음""}","[""https://media.wconcept.co.kr/review/308234960/308234960_1776035321235.jpeg?RS=300""]"
308234960,틸아이다이,[단 하루!] [여울 Pick] Over-Fit utility jacket [TISP05JK09]_Stone beige,https://www.wconcept.co.kr/Product/308234960,3,16,08******,2026.04.11,STONE BEIGE_FREE,생각보다 옷이 커요. 키작고 마른여성은 고민해보세요~,5.0,"{""사이즈"": ""큼"", ""색상"": ""비슷함"", ""소재"": ""비슷함""}","[""https://media.wconcept.co.kr/review/308234960/308234960_1775886742845.jpg?RS=300""]"
308234960,틸아이다이,[단 하루!] [여울 Pick] Over-Fit utility jacket [TISP05JK09]_Stone beige,https://www.wconcept.co.kr/Product/308234960,3,17,sa******,2026.04.09,STONE BEIGE_FREE,이거 봄 교복템,5.0,"{""사이즈"": ""큼"", ""색상"": ""비슷함"", ""소재"": ""비슷함""}","[""https://media.wconcept.co.kr/review/308234960/308234960_1775741055852.jpeg?RS=300""]"
308234960,틸아이다이,[단 하루!] [여울 Pick] Over-Fit utility jacket [TISP05JK09]_Stone beige,https://www.wconcept.co.kr/Product/308234960,3,18,Th******,2026.04.06,STONE BEIGE_FREE,생각보다 옷의 품이 엄청 커요! 그래서 약간 허리 스트링 잡는게 좋은 것 같고 소매도 많이 길어서 안접으면 손이 가려지는정도,5.0,"{""사이즈"": ""큼"", ""색상"": ""같음"", ""소재"": ""같음""}","[""https://media.wconcept.co.kr/review/308234960/308234960_1775451551135.jpeg?RS=300""]"
303894890,틸아이다이,[단 하루!] Stripe soft touch T-shirt_Black,https://www.wconcept.co.kr/Product/303894890,1,1,do******,2026.09.11,BLACK_FREE,제가 스트라이프를 좋아해여 근데 면도 좋고 핏도 적당하니 휘뚜루마뚜루 입을 수 있을거같아여 ㅎㅎ,5.0,"{""사이즈"": ""적당함"", ""색상"": ""같음"", ""소재"": ""같음""}","[""https://media.wconcept.co.kr/review/303894890/303894890_1789107634698.jpeg?RS=300""]"
303894890,틸아이다이,[단 하루!] Stripe soft touch T-shirt_Black,https://www.wconcept.co.kr/Product/303894890,1,2,se******,2026.09.10,BLACK_FREE,너무이뻐요 흰색사고 좋아서 추가 구매합니다 남색도 살까 싶어요,5.0,"{""사이즈"": ""적당함"", ""색상"": ""같음"", ""소재"": ""같음""}",[]
303894890,틸아이다이,[단 하루!] Stripe soft touch T-shirt_Black,https://www.wconcept.co.kr/Product/303894890,1,3,wc******,2026.09.08,BLACK_FREE,딱 모델이 입은 그대로인데 재질도 좋고 너무 예뻐용!! 그냥 단독으로도 예쁘고 코트나 자켓 이너로도 잘 입을수 있을거같아요,5.0,"{""사이즈"": ""적당함"", ""색상"": ""같음"", ""소재"": ""같음""}",[]
303894890,틸아이다이,[단 하루!] Stripe soft touch T-shirt_Black,https://www.wconcept.co.kr/Product/303894890,1,4,he******,2026.08.25,BLACK_FREE,가을에 이너로 입기 좋을것 같아서 미리샀어요~!! 기본템중 기본템!!,5.0,"{""사이즈"": ""적당함"", ""색상"": ""비슷함"", ""소재"": ""비슷함""}","[""https://media.wconcept.co.kr/review/303894890/303894890_1787641906477.jpg?RS=300""]"
303894890,틸아이다이,[단 하루!] Stripe soft touch T-shirt_Black,https://www.wconcept.co.kr/Product/303894890,1,5,mi******,2026.08.04,BLACK_FREE,넉넉한 핏은 아니고 적당히 떨어지는핏. 얇고 부드러워요,4.0,"{""사이즈"": ""적당함"", ""색상"": ""같음"", ""소재"": ""같음""}",[]
303894890,틸아이다이,[단 하루!] Stripe soft touch T-shirt_Black,https://www.wconcept.co.kr/Product/303894890,1,6,wc******,2026.08.02,BLACK_FREE,예뻐요 가을되길 기다리는중 ㅋㅋ 맘에듭니다 소재도부드럽고,5.0,"{""사이즈"": ""적당함"", ""색상"": ""같음"", ""소재"": ""같음""}",[]
303894890,틸아이다이,[단 하루!] Stripe soft touch T-shirt_Black,https://www.wconcept.co.kr/Product/303894890,2,7,ps******,2026.06.25,BLACK_FREE,소재 너무 기분좋은 부드러움입니다 더 더워지면 못입겠지만 실내 에어컨이 세서 입었는데 딱 좋았어요~,5.0,"{""사이즈"": ""적당함"", ""색상"": ""같음"", ""소재"": ""같음""}","[""https://media.wconcept.co.kr/review/303894890/303894890_1782376225614.jpg?RS=300""]"
303894890,틸아이다이,[단 하루!] Stripe soft touch T-shirt_Black,https://www.wconcept.co.kr/Product/303894890,2,8,mh******,2026.06.23,BLACK_FREE,"약간 후들거리는 재질이라 매우 편하고, 색상과 디자인은 사진과 동일합니다. 자주 입고 있어요!",5.0,"{""사이즈"": ""적당함"", ""색상"": ""같음"", ""소재"": ""같음""}",[]
303894890,틸아이다이,[단 하루!] Stripe soft touch T-shirt_Black,https://www.wconcept.co.kr/Product/303894890,2,9,wh******,2026.06.13,BLACK_FREE,기본티라서 가을부터 이너티로 입으려고 할인할때 미리 구매했어요 맘에 들어요,5.0,"{""사이즈"": ""적당함"", ""색상"": ""같음"", ""소재"": ""같음""}","[""https://media.wconcept.co.kr/review/303894890/303894890_1781350362981.jpg?RS=300""]"
303894890,틸아이다이,[단 하루!] Stripe soft touch T-shirt_Black,https://www.wconcept.co.kr/Product/303894890,2,10,ye******,2026.06.07,BLACK_FREE,봄 내내 입고 다녔어요 치마에도 바지에도 잘 어울려요 소재도 탄탄해요~,5.0,"{""사이즈"": ""적당함"", ""색상"": ""같음"", ""소재"": ""같음""}","[""https://media.wconcept.co.kr/review/303894890/303894890_1780823096129.jpg?RS=300""]"
303894890,틸아이다이,[단 하루!] Stripe soft touch T-shirt_Black,https://www.wconcept.co.kr/Product/303894890,2,11,kb******,2026.05.30,BLACK_FREE,옷은 맘에 드는데 뭔가 좀 어벙벙해요~ 그냥 품습니다.,5.0,"{""사이즈"": ""적당함"", ""색상"": ""같음"", ""소재"": ""같음""}",[]
303894890,틸아이다이,[단 하루!] Stripe soft touch T-shirt_Black,https://www.wconcept.co.kr/Product/303894890,2,12,ca******,2026.05.29,BLACK_FREE,길이가 좀 애매해서 넣어 입어야 할것 같아요 생각한 핏이 아니네용,5.0,"{""사이즈"": ""적당함"", ""색상"": ""같음"", ""소재"": ""같음""}","[""https://media.wconcept.co.kr/review/303894890/303894890_1780050463839.jpeg?RS=300""]"
303894890,틸아이다이,[단 하루!] Stripe soft touch T-shirt_Black,https://www.wconcept.co.kr/Product/303894890,3,13,wc******,2026.05.28,BLACK_FREE,살짝여유 있어요 너무 편해요 이뻐요 여기저기 무난해요,5.0,"{""사이즈"": ""적당함"", ""색상"": ""같음"", ""소재"": ""같음""}",[]
303894890,틸아이다이,[단 하루!] Stripe soft touch T-shirt_Black,https://www.wconcept.co.kr/Product/303894890,3,14,bb******,2026.05.26,BLACK_FREE,편하게 입기 좋습니다! 소재도 부들부들하고 좋은 편이에요.,5.0,"{""사이즈"": ""적당함"", ""색상"": ""같음"", ""소재"": ""같음""}",[]
303894890,틸아이다이,[단 하루!] Stripe soft touch T-shirt_Black,https://www.wconcept.co.kr/Product/303894890,3,15,su******,2026.05.25,BLACK_FREE,세탁후에도 늘어나지 않을거같은 소재라 그 부분이 제일 맘에 들어요. 키 164인데 길이가 길지도 짧지도 않는 딱 적당합니다. 한여름만 빼고는 활용도 너무 좋을거같아요.,5.0,"{""사이즈"": ""적당함"", ""색상"": ""같음"", ""소재"": ""같음""}","[""https://media.wconcept.co.kr/review/303894890/303894890_1779697400302.jpg?RS=300""]"
303894890,틸아이다이,[단 하루!] Stripe soft touch T-shirt_Black,https://www.wconcept.co.kr/Product/303894890,3,16,vi******,2026.05.24,BLACK_FREE,진짜 무난함의 끝판왕.. 그냥 여기저기 안에 입기 좋음.,5.0,"{""사이즈"": ""적당함"", ""색상"": ""같음"", ""소재"": ""같음""}",[]
303894890,틸아이다이,[단 하루!] Stripe soft touch T-shirt_Black,https://www.wconcept.co.kr/Product/303894890,3,17,jk******,2026.05.15,BLACK_FREE,운동복으로 편하게 입기 좋아요 만족합니다 저는 ㅋ,5.0,"{""사이즈"": ""적당함"", ""색상"": ""비슷함"", ""소재"": ""비슷함""}",[]
303894890,틸아이다이,[단 하루!] Stripe soft touch T-shirt_Black,https://www.wconcept.co.kr/Product/303894890,3,18,wc******,2026.05.14,BLACK_FREE,배송잘받았습니다. 사진과 같아요. 기본티라 자주입을것같아요.,5.0,"{""사이즈"": ""적당함"", ""색상"": ""비슷함"", ""소재"": ""비슷함""}","[""https://media.wconcept.co.kr/review/303894890/303894890_1778738617732.jpg?RS=300""]"
308189585,엽페,[30%쿠폰] 오버 스트라이프 티셔츠_네이비,https://www.wconcept.co.kr/Product/308189585,1,1,ro******,2026.09.13,ONE,미친듯이 커요 진짜 미친듯이!! 남편이 183/83인데 대충맞길래 입으라고 줬어요 재질자체는 좋고 시보리도 얇고 후들해서 다 좋았는데 너무커서 ㅠㅠ 오버빗을 넘어 거의 옷껴입기 기네스북 도전하는것 같아서 도저히 못입겠네요,5.0,"{""사이즈"": ""큼"", ""색상"": ""같음"", ""소재"": ""같음""}","[""https://media.wconcept.co.kr/review/308189585/308189585_1789305142806.jpeg?RS=300"", ""https://media.wconcept.co.kr/review/308189585/308189585_1789305142726.jpeg?RS=300""]"
308189585,엽페,[30%쿠폰] 오버 스트라이프 티셔츠_네이비,https://www.wconcept.co.kr/Product/308189585,1,2,mi******,2026.09.12,ONE,아주 마음에 들어요 딱 원하던 핏 입니다^^ 좋아용,5.0,"{""사이즈"": ""적당함"", ""색상"": ""같음"", ""소재"": ""같음""}","[""https://media.wconcept.co.kr/review/308189585/308189585_1789218986448.jpg?RS=300""]"
308189585,엽페,[30%쿠폰] 오버 스트라이프 티셔츠_네이비,https://www.wconcept.co.kr/Product/308189585,1,3,ap******,2026.09.12,ONE,색상은예뻐요. 팔이 너무 길어서 깜짝 놀랐어요. 엄청 오버사이즈인듯 해요,5.0,"{""사이즈"": ""큼"", ""색상"": ""비슷함"", ""소재"": ""비슷함""}",[]
308189585,엽페,[30%쿠폰] 오버 스트라이프 티셔츠_네이비,https://www.wconcept.co.kr/Product/308189585,1,4,wc******,2026.09.11,ONE,"체구가 큰데도 팔길이나 총기장이 길고 맘에들어요. 선선한날씨에 편하고 예쁘게 잘 입을것같아요. 연청 와이드데님팬츠나 블랙데님 , 화이트진에도 잘어울리네요. 부드러운재질이라 데일리로 입기도 좋아요. 소매는 그냥걷어올리는것보다 걷어입으면 더 스타일리쉬해보이네요.",5.0,"{""사이즈"": ""큼"", ""색상"": ""같음"", ""소재"": ""비슷함""}","[""https://media.wconcept.co.kr/review/308189585/308189585_1789109621861.jpeg?RS=300""]"
308189585,엽페,[30%쿠폰] 오버 스트라이프 티셔츠_네이비,https://www.wconcept.co.kr/Product/308189585,1,5,ek******,2026.09.10,ONE,세탁 때문에 살짝 고민했는데 저는 세탁망에 넣어서 울코스로 돌리고 자연건조했더니 괜찮았어요! 처음 핏 그대로 잘 살아있고 원단도 가벼우면서 탄탄한 편이에요. 면 티셔츠들은 건조기 돌리면 아무래도 줄어들 수 있어서 이것도 그냥 자연건조 하려구요ㅎㅎ 옷걸이에 걸지 않고 빨래건조대에 눕혀서 말리니까 늘어짐도 없고 전혀 문제 없네요! 무엇보다 오버핏이 진짜 예쁘게 떨어져서 요즘 제일 자주 입어요ㅎㅎ,5.0,"{""사이즈"": ""적당함"", ""색상"": ""같음"", ""소재"": ""같음""}","[""https://media.wconcept.co.kr/review/308189585/308189585_1789030499660.jpg?RS=300""]"
308189585,엽페,[30%쿠폰] 오버 스트라이프 티셔츠_네이비,https://www.wconcept.co.kr/Product/308189585,1,6,mo******,2026.09.09,ONE,"디자인은 귀엽고 마음에 드는데, 세탁이 넘 어려워요. 물을 너무 많이 먹어서 탈수가 잘 안 되고 소재 특성상 건조기 돌리기도 무섭네요ㅜ",3.0,"{""사이즈"": ""큼"", ""색상"": ""같음"", ""소재"": ""같음""}","[""https://media.wconcept.co.kr/review/308189585/308189585_1788964354977.jpeg?RS=300""]"
308189585,엽페,[30%쿠폰] 오버 스트라이프 티셔츠_네이비,https://www.wconcept.co.kr/Product/308189585,2,7,gh******,2026.09.09,ONE,오버핏으로 예쁘긴한데 한번 세탁하고나면 천이 약간 흐물거려서 아쉬워요,5.0,"{""사이즈"": ""적당함"", ""색상"": ""같음"", ""소재"": ""같음""}",[]
308189585,엽페,[30%쿠폰] 오버 스트라이프 티셔츠_네이비,https://www.wconcept.co.kr/Product/308189585,2,8,ii******,2026.09.08,ONE,생각했던 오버핏이라 굉장히 맘에듭니다 왜 고민했지? 고민은 배송만 늦출뿐 쿠폰먹여서 잘 샀습니다,5.0,"{""사이즈"": ""적당함"", ""색상"": ""같음"", ""소재"": ""같음""}","[""https://media.wconcept.co.kr/review/308189585/308189585_1788865119554.jpeg?RS=300""]"
308189585,엽페,[30%쿠폰] 오버 스트라이프 티셔츠_네이비,https://www.wconcept.co.kr/Product/308189585,2,9,he******,2026.09.05,ONE,고민하다가 샀는데 실물이 훨씬 예뻐요ㅜ 사이즈도 넉넉해서 넘 편하게 잘 입을 것 같아요,5.0,"{""사이즈"": ""적당함"", ""색상"": ""같음"", ""소재"": ""같음""}","[""https://media.wconcept.co.kr/review/308189585/308189585_1788584984213.jpg?RS=300""]"
308189585,엽페,[30%쿠폰] 오버 스트라이프 티셔츠_네이비,https://www.wconcept.co.kr/Product/308189585,2,10,yo******,2026.09.04,ONE,오버핏이라 너무 편한데 살짝 꾸안꾸 느낌도 낼 수 있어서 좋아요.^^,5.0,"{""사이즈"": ""적당함"", ""색상"": ""같음"", ""소재"": ""같음""}","[""https://media.wconcept.co.kr/review/308189585/308189585_1788474949363.jpeg?RS=300""]"
308189585,엽페,[30%쿠폰] 오버 스트라이프 티셔츠_네이비,https://www.wconcept.co.kr/Product/308189585,2,11,wl******,2026.09.03,ONE,오버 스트라이프 티셔츠 네이비 화면과 같아요.,5.0,"{""사이즈"": ""적당함"", ""색상"": ""같음"", ""소재"": ""같음""}","[""https://media.wconcept.co.kr/review/308189585/308189585_1788433722878.jpg?RS=300""]"
308189585,엽페,[30%쿠폰] 오버 스트라이프 티셔츠_네이비,https://www.wconcept.co.kr/Product/308189585,2,12,hj******,2026.09.02,ONE,오버사이즈로 입기 너무 예쁜 옷이예요. 스트라이프와 색감이 찰떡콩떡! 간절기에 자주 입을 듯요,5.0,"{""사이즈"": ""큼"", ""색상"": ""같음"", ""소재"": ""같음""}","[""https://media.wconcept.co.kr/review/308189585/308189585_1788311563571.jpeg?RS=300""]"
308189585,엽페,[30%쿠폰] 오버 스트라이프 티셔츠_네이비,https://www.wconcept.co.kr/Product/308189585,3,13,ha******,2026.09.01,ONE,169에 66사이즈인데도 부해보이지않고 예뻐요!! 팔 시보리가 헐렁헐렁해서 여리여리해 보이는것 같은데 한편으론 금방 늘어날까봐 걱정도되는데 꾸안꾸로 넘 잘 입을것 같아요!! 완전 추천입니다,5.0,"{""사이즈"": ""적당함"", ""색상"": ""같음"", ""소재"": ""같음""}","[""https://media.wconcept.co.kr/review/308189585/308189585_1788263202515.jpeg?RS=300""]"
308189585,엽페,[30%쿠폰] 오버 스트라이프 티셔츠_네이비,https://www.wconcept.co.kr/Product/308189585,3,14,ro******,2026.09.01,ONE,품 넉넉하고 두께도 적당해서 지금부터 가을까지 잘 입은 듯,5.0,"{""사이즈"": ""적당함"", ""색상"": ""같음"", ""소재"": ""같음""}",[]
308189585,엽페,[30%쿠폰] 오버 스트라이프 티셔츠_네이비,https://www.wconcept.co.kr/Product/308189585,3,15,pj******,2026.08.31,ONE,생각보다 두툼해요 여름에 입기엔 더워요 ㅠㅠㅠ 사이즈 크고 예쁘네요ㅎ,5.0,"{""사이즈"": ""큼"", ""색상"": ""비슷함"", ""소재"": ""비슷함""}","[""https://media.wconcept.co.kr/review/308189585/308189585_1788153373639.jpeg?RS=300""]"
308189585,엽페,[30%쿠폰] 오버 스트라이프 티셔츠_네이비,https://www.wconcept.co.kr/Product/308189585,3,16,ss******,2026.08.29,ONE,핏도 예쁘고 올 가을 편하게 입으려고 저렴할때 주문했어요,5.0,"{""사이즈"": ""적당함"", ""색상"": ""같음"", ""소재"": ""같음""}",[]
308189585,엽페,[30%쿠폰] 오버 스트라이프 티셔츠_네이비,https://www.wconcept.co.kr/Product/308189585,3,17,s0******,2026.08.28,ONE,너무 마음에 들어요. 면도 좋고 편하고 이쁘네요. 잘 입을게요.,5.0,"{""사이즈"": ""큼"", ""색상"": ""같음"", ""소재"": ""같음""}","[""https://media.wconcept.co.kr/review/308189585/308189585_1787897366797.jpeg?RS=300""]"
308189585,엽페,[30%쿠폰] 오버 스트라이프 티셔츠_네이비,https://www.wconcept.co.kr/Product/308189585,3,18,s9******,2026.08.27,ONE,제가 살이 쪘는데도 박시한 핏 나와서 넘 좋구오. 다른분들 말대로 뒤에 로고 존귀. 소중히 잘 입을게요,5.0,"{""사이즈"": ""큼"", ""색상"": ""같음"", ""소재"": ""같음""}",[]
308920266,하우투러브미,[30%쿠폰] 하엘 보트넥 반팔 니트[black],https://www.wconcept.co.kr/Product/308920266,1,1,ai******,2026.09.12,BLACK_FREE,"핏 이뻐요!! 기장 적당하구 안에 레이어드해서 입을 걸 계산하고 만든 핏같아요 기장,넥라인 모든게 고심하신게 느껴져요 나만 알구싶다....더 유명해지지마 아니 유명해져 아니 유명해지지마...",5.0,"{""사이즈"": ""적당함"", ""색상"": ""같음"", ""소재"": ""같음""}","[""https://media.wconcept.co.kr/review/308920266/308920266_1789208372524.jpeg?RS=300""]"
308920266,하우투러브미,[30%쿠폰] 하엘 보트넥 반팔 니트[black],https://www.wconcept.co.kr/Product/308920266,1,2,ja******,2026.09.11,BLACK_FREE,배송 빠르게 해주셨습니다 옷도 예뻐요! 감사합니다,5.0,"{""사이즈"": ""적당함"", ""색상"": ""같음"", ""소재"": ""같음""}",[]
308920266,하우투러브미,[30%쿠폰] 하엘 보트넥 반팔 니트[black],https://www.wconcept.co.kr/Product/308920266,1,3,hy******,2026.09.11,BLACK_FREE,셔츠랑 레이어드 입으려고 샀는데 단독으로 입어도 봉긋한 소매 디테일 때문에 이뻐요 블랙 소재 특성상 먼지 붙는 건 잘 보이네요,5.0,"{""사이즈"": ""적당함"", ""색상"": ""같음"", ""소재"": ""같음""}","[""https://media.wconcept.co.kr/review/308920266/308920266_1789103715391.jpeg?RS=300""]"
308920266,하우투러브미,[30%쿠폰] 하엘 보트넥 반팔 니트[black],https://www.wconcept.co.kr/Product/308920266,1,4,gh******,2026.09.09,BLACK_FREE,레이어드해서 입으려고 구매했습니다아 예쁘고 소재가 부드러워여 도톰하고!,5.0,"{""사이즈"": ""적당함"", ""색상"": ""같음"", ""소재"": ""같음""}","[""https://media.wconcept.co.kr/review/308920266/308920266_1788908750294.jpeg?RS=300""]"
308920266,하우투러브미,[30%쿠폰] 하엘 보트넥 반팔 니트[black],https://www.wconcept.co.kr/Product/308920266,1,5,sh******,2026.09.03,BLACK_FREE,셔츠랑 레이어드해도 이쁘고 그냥 입어도 이쁘네요 셔츠는 세트로 살까 고민하다가 그냥 뒀는데 안에 블라우스 같은 소재 입고 입어도 포인트로 이쁘겠네요ㅎㅎ,5.0,"{""사이즈"": ""작음"", ""색상"": ""비슷함"", ""소재"": ""같음""}","[""https://media.wconcept.co.kr/review/308920266/308920266_1788440860114.jpeg?RS=300""]"
308920266,하우투러브미,[30%쿠폰] 하엘 보트넥 반팔 니트[black],https://www.wconcept.co.kr/Product/308920266,1,6,ch******,2026.09.03,BLACK_FREE,오픈하자마자 구매했어요 적당히 봉긋한 소매가 예뻐료,5.0,"{""사이즈"": ""적당함"", ""색상"": ""같음"", ""소재"": ""같음""}","[""https://media.wconcept.co.kr/review/308920266/308920266_1788431569798.jpeg?RS=300""]"
308880392,라운드트리코,[연우pick][울100]Classic Wholegarment V-neck _ 5Color,https://www.wconcept.co.kr/Product/308880392,1,1,li******,2026.09.13,Oatmeal,저는 소재도 맘에 드는데요~색상도 스타일도 고급스럽고 길이가 적당해서 치마에 바지에 너무 잘 어울리는데요. 블루도 사고 사고싶네요.,5.0,"{""사이즈"": ""적당함"", ""색상"": ""같음"", ""소재"": ""같음""}","[""https://media.wconcept.co.kr/review/308880392/308880392_1789287758178.jpg?RS=300""]"
308880392,라운드트리코,[연우pick][울100]Classic Wholegarment V-neck _ 5Color,https://www.wconcept.co.kr/Product/308880392,1,2,bo******,2026.09.12,Blue,소재가 부드럽지는 않지만 귀엽고 사이즈도 넉넉해요,5.0,"{""사이즈"": ""적당함"", ""색상"": ""비슷함"", ""소재"": ""비슷함""}","[""https://media.wconcept.co.kr/review/308880392/308880392_1789185448251.jpg?RS=300""]"
308880392,라운드트리코,[연우pick][울100]Classic Wholegarment V-neck _ 5Color,https://www.wconcept.co.kr/Product/308880392,1,3,no******,2026.09.11,Oatmeal,니트 사진하고 똑같아요 여름엔 덥고 간절기에 입으면 좋아요,5.0,"{""사이즈"": ""적당함"", ""색상"": ""같음"", ""소재"": ""같음""}",[]
308880392,라운드트리코,[연우pick][울100]Classic Wholegarment V-neck _ 5Color,https://www.wconcept.co.kr/Product/308880392,1,4,no******,2026.09.11,Gray,니트 사진하고 똑같아요 여름엔 덥고 간절기에 입으면 좋아요,5.0,"{""사이즈"": ""적당함"", ""색상"": ""같음"", ""소재"": ""같음""}",[]
308880392,라운드트리코,[연우pick][울100]Classic Wholegarment V-neck _ 5Color,https://www.wconcept.co.kr/Product/308880392,1,5,si******,2026.09.11,Gray,옷이 어깨가 좀 있어보이네요ㅎㅎ 색도 잘빠졌고 할인할때 사서 잘산것 같습니다 날씨 더추워지기전에 부지런히 입어야겠네요,5.0,"{""사이즈"": ""적당함"", ""색상"": ""같음"", ""소재"": ""같음""}","[""https://media.wconcept.co.kr/review/308880392/308880392_1789132407772.jpg?RS=300""]"
308880392,라운드트리코,[연우pick][울100]Classic Wholegarment V-neck _ 5Color,https://www.wconcept.co.kr/Product/308880392,1,6,rl******,2026.09.11,Blue,무채색인간이라 고민 많이했는데 너무 이쁨요!!,5.0,"{""사이즈"": ""적당함"", ""색상"": ""같음"", ""소재"": ""비슷함""}","[""https://media.wconcept.co.kr/review/308880392/308880392_1789108938281.jpeg?RS=300""]"
308880392,라운드트리코,[연우pick][울100]Classic Wholegarment V-neck _ 5Color,https://www.wconcept.co.kr/Product/308880392,2,7,sk******,2026.09.11,Gray,이뻐요 잘 입을께요. 이뻐요 잘 입을께요 간절기에 입기 좋아요.,5.0,"{""사이즈"": ""적당함"", ""색상"": ""같음"", ""소재"": ""같음""}",[]
308880392,라운드트리코,[연우pick][울100]Classic Wholegarment V-neck _ 5Color,https://www.wconcept.co.kr/Product/308880392,2,8,fl******,2026.09.11,Oatmeal,막 부드러운 건 아닌제 그렇다고 엄청 까칠한 건 아니고 막 귀여운 건 아닌데 막 여성스럽긴하고 또 막 하얗지도 막 베이지도 아니고 근데 예쁨,5.0,"{""사이즈"": ""큼"", ""색상"": ""같음"", ""소재"": ""같음""}","[""https://media.wconcept.co.kr/review/308880392/308880392_1789093710071.jpg?RS=300""]"
308880392,라운드트리코,[연우pick][울100]Classic Wholegarment V-neck _ 5Color,https://www.wconcept.co.kr/Product/308880392,2,9,wc******,2026.09.10,Oatmeal,딱! 맘에들어요 여름끝 가을시작일때 입기좋은...,5.0,"{""사이즈"": ""적당함"", ""색상"": ""같음"", ""소재"": ""비슷함""}","[""https://media.wconcept.co.kr/review/308880392/308880392_1789027840381.jpg?RS=300""]"
308880392,라운드트리코,[연우pick][울100]Classic Wholegarment V-neck _ 5Color,https://www.wconcept.co.kr/Product/308880392,2,10,tn******,2026.09.10,Gray,일단 입어보진 않았는데 보자마자 예쁘다!!고 외쳤어요 고급져 보이고 너무너무 예쁩니다!,5.0,"{""사이즈"": ""적당함"", ""색상"": ""같음"", ""소재"": ""같음""}","[""https://media.wconcept.co.kr/review/308880392/308880392_1788993446548.jpeg?RS=300""]"
308880392,라운드트리코,[연우pick][울100]Classic Wholegarment V-neck _ 5Color,https://www.wconcept.co.kr/Product/308880392,2,11,sf******,2026.09.10,Gray,고급스러워 보이고 어디에나 잘 매치 가능한거 같아요 마음에 듭니다!!,5.0,"{""사이즈"": ""적당함"", ""색상"": ""같음"", ""소재"": ""같음""}",[]
308880392,라운드트리코,[연우pick][울100]Classic Wholegarment V-neck _ 5Color,https://www.wconcept.co.kr/Product/308880392,2,12,yo******,2026.09.09,Gray,블루랑 그레이 ㄷ 컬러 샀는데 두개다 넘 이뻐요!!! 얼른 입고싶어용,5.0,"{""사이즈"": ""적당함"", ""색상"": ""같음"", ""소재"": ""같음""}",[]
308880392,라운드트리코,[연우pick][울100]Classic Wholegarment V-neck _ 5Color,https://www.wconcept.co.kr/Product/308880392,3,13,yo******,2026.09.09,Blue,실물이 훨 이뻐요!!!ㅠㅠㅠㅠ 아직 입기전이지만 얼른 외출할 때 입고싶어요,5.0,"{""사이즈"": ""적당함"", ""색상"": ""같음"", ""소재"": ""같음""}",[]
308880392,라운드트리코,[연우pick][울100]Classic Wholegarment V-neck _ 5Color,https://www.wconcept.co.kr/Product/308880392,3,14,ki******,2026.09.07,Oatmeal,몇년전에 이런 스타일의 옷을 마르고 닳도록 잘입다가 헤져서 버렸는데 막상 비슷한거 찾으려니 잘 없더라구용 그러다 보이길래 구매했는데 색감도 맘에들고 재질은 좀 따갑고 고급스럽진 않지만 무난하고 핏도 이뻐서 편하게 잘 입을것 같아요,5.0,"{""사이즈"": ""적당함"", ""색상"": ""비슷함"", ""소재"": ""비슷함""}","[""https://media.wconcept.co.kr/review/308880392/308880392_1788789579098.jpeg?RS=300""]"
308880392,라운드트리코,[연우pick][울100]Classic Wholegarment V-neck _ 5Color,https://www.wconcept.co.kr/Product/308880392,3,15,pr******,2026.09.03,Oatmeal,잘 받았어요~~넘 예쁘네요ㅎㅎ늦여름~초가을룩,5.0,"{""사이즈"": ""적당함"", ""색상"": ""비슷함"", ""소재"": ""비슷함""}","[""https://media.wconcept.co.kr/review/308880392/308880392_1788429411240.jpg?RS=300""]"
308880392,라운드트리코,[연우pick][울100]Classic Wholegarment V-neck _ 5Color,https://www.wconcept.co.kr/Product/308880392,3,16,wc******,2026.09.03,Gray,무난하고 부드러워서 바지 스커트 다 어울립니다.,5.0,"{""사이즈"": ""적당함"", ""색상"": ""같음"", ""소재"": ""같음""}","[""https://media.wconcept.co.kr/review/308880392/308880392_1788417675245.jpg?RS=300""]"
308880392,라운드트리코,[연우pick][울100]Classic Wholegarment V-neck _ 5Color,https://www.wconcept.co.kr/Product/308880392,3,17,wk******,2026.09.02,Blue,블루색감! 예뻐요! 포장도 깔끔하고 핏도 어벙해보일까 걱정했는데 전혀 아닙니다! 조금 더 선선해지면 입고다닐 수 있을듯!,5.0,"{""사이즈"": ""적당함"", ""색상"": ""같음"", ""소재"": ""같음""}",[]
308880392,라운드트리코,[연우pick][울100]Classic Wholegarment V-neck _ 5Color,https://www.wconcept.co.kr/Product/308880392,3,18,sa******,2026.09.02,Gray,사이즈도 디자인도 마음에 들어요 완전히 부드러운 재질이 아니라 조금 거칠고 따가운 감도 살짝 있으나 예뻐서 참을 수 있어요,5.0,"{""사이즈"": ""적당함"", ""색상"": ""같음"", ""소재"": ""같음""}",[]
308886953,틸아이다이,[단 하루!] [여울 Pick] Wool cashmere V neck knit set [TIFA05SW05]_Mint,https://www.wconcept.co.kr/Product/308886953,1,1,gu******,2026.09.05,MINT_FREE,엄청부드러워서 다음세일때 다른색도 살까싶어요 근데 나시는 좀끼네요 ㅜ,5.0,"{""사이즈"": ""작음"", ""색상"": ""같음"", ""소재"": ""같음""}","[""https://media.wconcept.co.kr/review/308886953/308886953_1788577623638.jpeg?RS=300""]"
308886953,틸아이다이,[단 하루!] [여울 Pick] Wool cashmere V neck knit set [TIFA05SW05]_Mint,https://www.wconcept.co.kr/Product/308886953,1,2,01******,2026.09.02,MINT_FREE,색상도 너무 마음에들고 일단 소재가요 너무 너무 부들부들 포곤해요 다른 색들도 같이 더 쟁이고싶어서 갈등하고있습니다 ㅎㅎ,5.0,"{""사이즈"": ""적당함"", ""색상"": ""같음"", ""소재"": ""같음""}","[""https://media.wconcept.co.kr/review/308886953/308886953_1788275455738.jpeg?RS=300""]"
306052657,로브로브,[9/13 단 하루!] [이환PICK][W컨셉 단독][19차 리오더] 마이 애티튜드 니트 가디건_(8color),https://www.wconcept.co.kr/Product/306052657,1,1,he******,2024.09.19,MELANGE GREY_FREE,와 이가디건 진짜 대박이에요..👍🏻👍🏻 쫀쫀하면서 촉감도 좋고~!! 색감도 너무 맘에듭니다~!! 기본 가디건으로 정말 최고!! 계속 여름이라 가디건 입을날이 짧아서 너무 아쉽지만~~ 간절기아이템으로도 좋을거구 나중에 코트안 레이어드용으로도 손색없을듯 해요~ 좋은 가격에 정말 굳퀄리티 가디건🙂,5.0,"{""사이즈"": ""적당함"", ""색상"": ""같음"", ""소재"": ""같음""}","[""https://media.wconcept.co.kr/review/306052657/306052657_1726713505599.jpeg?RS=300"", ""https://media.wconcept.co.kr/review/306052657/306052657_1726713505436.jpeg?RS=300""]"
306052657,로브로브,[9/13 단 하루!] [이환PICK][W컨셉 단독][19차 리오더] 마이 애티튜드 니트 가디건_(8color),https://www.wconcept.co.kr/Product/306052657,1,2,dk******,2026.09.13,RED_FREE,쨍한 컬러감이에요. 웜한 레드라 쿨톤 보다는 웜톤인 분들께 더 잘 어울릴것 같아요.,4.0,"{""사이즈"": ""큼"", ""색상"": ""같음"", ""소재"": ""같음""}","[""https://media.wconcept.co.kr/review/306052657/306052657_1789292681186.jpg?RS=300""]"
306052657,로브로브,[9/13 단 하루!] [이환PICK][W컨셉 단독][19차 리오더] 마이 애티튜드 니트 가디건_(8color),https://www.wconcept.co.kr/Product/306052657,1,3,he******,2026.09.13,MELANGE GREY_FREE,생각보다 부드럽고 도톰해요 소매가 긴편에 어깨가 막 날씬해보이는핏은 아닌데 제 기대가 컸던것같고 어쨌든 좋은 가격에 이리저리 잘 입을거같아 만족합니다 ~ 또 산다면 네이비 사고 싶네요,5.0,"{""사이즈"": ""큼"", ""색상"": ""같음"", ""소재"": ""같음""}",[]
306052657,로브로브,[9/13 단 하루!] [이환PICK][W컨셉 단독][19차 리오더] 마이 애티튜드 니트 가디건_(8color),https://www.wconcept.co.kr/Product/306052657,1,4,da******,2026.09.11,WINE_FREE,가을이라 버건디 색상 가디건 구입 했어요 니트 소재 부드럽고 색상 이쁘고 너무 마음에 들어요ㅎ,5.0,"{""사이즈"": ""적당함"", ""색상"": ""같음"", ""소재"": ""같음""}","[""https://media.wconcept.co.kr/review/306052657/306052657_1789125615770.jpg?RS=300""]"
306052657,로브로브,[9/13 단 하루!] [이환PICK][W컨셉 단독][19차 리오더] 마이 애티튜드 니트 가디건_(8color),https://www.wconcept.co.kr/Product/306052657,1,5,li******,2026.09.11,RED_FREE,작년가을 이어 재구매 입니다^^ 이번엔 쨍한 레드로!너무 이뻐요~,5.0,"{""사이즈"": ""적당함"", ""색상"": ""비슷함"", ""소재"": ""같음""}",[]
306052657,로브로브,[9/13 단 하루!] [이환PICK][W컨셉 단독][19차 리오더] 마이 애티튜드 니트 가디건_(8color),https://www.wconcept.co.kr/Product/306052657,1,6,wc******,2026.09.11,WINE_FREE,생각했던거보다 도톰해서 가을부터 겨울까지 입을수 있을거같아요 색상도 너무 밝지 않아서 좋아요 요즘 아침 저녁으로 쌀쌀해져서 입고 있는데 딱 입기 좋아요,5.0,"{""사이즈"": ""적당함"", ""색상"": ""같음"", ""소재"": ""같음""}","[""https://media.wconcept.co.kr/review/306052657/306052657_1789094260790.jpeg?RS=300""]"
306052657,로브로브,[9/13 단 하루!] [이환PICK][W컨셉 단독][19차 리오더] 마이 애티튜드 니트 가디건_(8color),https://www.wconcept.co.kr/Product/306052657,2,7,wc******,2026.09.10,WINE_FREE,생각보다 짧은데 두께감도 조금 있고 하지만 색상도 괜찮고 잘입을게용,5.0,"{""사이즈"": ""적당함"", ""색상"": ""같음"", ""소재"": ""같음""}",[]
306052657,로브로브,[9/13 단 하루!] [이환PICK][W컨셉 단독][19차 리오더] 마이 애티튜드 니트 가디건_(8color),https://www.wconcept.co.kr/Product/306052657,2,8,ks******,2026.09.09,WINE_FREE,부드러워요 와인 버건디 색 사고 싶어서 샀어요 사이즈 여유있고 좋아요 추천합니다,5.0,"{""사이즈"": ""적당함"", ""색상"": ""같음"", ""소재"": ""같음""}","[""https://media.wconcept.co.kr/review/306052657/306052657_1788961491841.jpeg?RS=300""]"
306052657,로브로브,[9/13 단 하루!] [이환PICK][W컨셉 단독][19차 리오더] 마이 애티튜드 니트 가디건_(8color),https://www.wconcept.co.kr/Product/306052657,2,9,wc******,2026.09.09,BLACK_FREE,무게감이 있어요 무난한 가디건 원했는데 딱 무난해요. 단추가 흰색인줄은 몰랐어요 그게 살짝 별로긴 한데 디자인이 무난해서 편하게 입기 좋아서 괜찮은듯 해요,5.0,"{""사이즈"": ""적당함"", ""색상"": ""비슷함"", ""소재"": ""비슷함""}","[""https://media.wconcept.co.kr/review/306052657/306052657_1788949766984.jpeg?RS=300""]"
306052657,로브로브,[9/13 단 하루!] [이환PICK][W컨셉 단독][19차 리오더] 마이 애티튜드 니트 가디건_(8color),https://www.wconcept.co.kr/Product/306052657,2,10,co******,2026.09.09,BLACK_FREE,편하게 입기좋을거같아요 두툼하고 부드러워요,5.0,"{""사이즈"": ""적당함"", ""색상"": ""같음"", ""소재"": ""같음""}",[]
306052657,로브로브,[9/13 단 하루!] [이환PICK][W컨셉 단독][19차 리오더] 마이 애티튜드 니트 가디건_(8color),https://www.wconcept.co.kr/Product/306052657,2,11,wc******,2026.09.08,MELANGE GREY_FREE,리뷰처럼 탄탄하고 소재.촉감좋아요. 보풀만 안나면 최고일듯,5.0,"{""사이즈"": ""큼"", ""색상"": ""같음"", ""소재"": ""같음""}","[""https://media.wconcept.co.kr/review/306052657/306052657_1788869201198.jpeg?RS=300""]"
306052657,로브로브,[9/13 단 하루!] [이환PICK][W컨셉 단독][19차 리오더] 마이 애티튜드 니트 가디건_(8color),https://www.wconcept.co.kr/Product/306052657,2,12,kh******,2026.09.08,BLACK_FREE,후기가 좋아서 샀는데 역시 괜찮네요 좀더 시원해지면 입으려구요 ㅎㅎ,5.0,"{""사이즈"": ""적당함"", ""색상"": ""비슷함"", ""소재"": ""비슷함""}","[""https://media.wconcept.co.kr/review/306052657/306052657_1788862477023.jpeg?RS=300""]"
306052657,로브로브,[9/13 단 하루!] [이환PICK][W컨셉 단독][19차 리오더] 마이 애티튜드 니트 가디건_(8color),https://www.wconcept.co.kr/Product/306052657,3,13,sr******,2026.09.06,WINE_FREE,톡톡하고 예뻐요 짙은버건디라 가을겨울에 잘입을것같아요 팔길이도 넉넉하고 보풀걱정없는 타입이에요,5.0,"{""사이즈"": ""적당함"", ""색상"": ""같음"", ""소재"": ""같음""}","[""https://media.wconcept.co.kr/review/306052657/306052657_1788692951066.jpeg?RS=300"", ""https://media.wconcept.co.kr/review/306052657/306052657_1788692950949.jpeg?RS=300""]"
306052657,로브로브,[9/13 단 하루!] [이환PICK][W컨셉 단독][19차 리오더] 마이 애티튜드 니트 가디건_(8color),https://www.wconcept.co.kr/Product/306052657,3,14,za******,2026.09.05,MELANGE GREY_FREE,소매가 길고 약간 루즈핏이에요. 도톰해 한 겨울에도 잘 입을것 같네요.,3.0,"{""사이즈"": ""적당함"", ""색상"": ""같음"", ""소재"": ""같음""}","[""https://media.wconcept.co.kr/review/306052657/306052657_1788617562221.jpg?RS=300""]"
306052657,로브로브,[9/13 단 하루!] [이환PICK][W컨셉 단독][19차 리오더] 마이 애티튜드 니트 가디건_(8color),https://www.wconcept.co.kr/Product/306052657,3,15,wc******,2026.09.05,MELANGE GREY_FREE,사진과 똑같아요 싸게 잘 샀네요 잘입을께요💕💕,5.0,"{""사이즈"": ""적당함"", ""색상"": ""같음"", ""소재"": ""같음""}",[]
306052657,로브로브,[9/13 단 하루!] [이환PICK][W컨셉 단독][19차 리오더] 마이 애티튜드 니트 가디건_(8color),https://www.wconcept.co.kr/Product/306052657,3,16,wc******,2026.09.05,RED_FREE,도톰하고 부드럽네요. 가을에 포인트로 잘 입을 듯 합니다. 여유로운 핏에 팔이 약간 더 길어요.,4.0,"{""사이즈"": ""큼"", ""색상"": ""같음"", ""소재"": ""비슷함""}","[""https://media.wconcept.co.kr/review/306052657/306052657_1788585799924.jpg?RS=300""]"
306052657,로브로브,[9/13 단 하루!] [이환PICK][W컨셉 단독][19차 리오더] 마이 애티튜드 니트 가디건_(8color),https://www.wconcept.co.kr/Product/306052657,3,17,pr******,2026.09.05,MELANGE GREY_FREE,생각보다 두께가 엄청 있네요 겨울까지 입을 수 있겠네요,5.0,"{""사이즈"": ""큼"", ""색상"": ""비슷함"", ""소재"": ""비슷함""}",[]
306052657,로브로브,[9/13 단 하루!] [이환PICK][W컨셉 단독][19차 리오더] 마이 애티튜드 니트 가디건_(8color),https://www.wconcept.co.kr/Product/306052657,3,18,sy******,2026.09.04,BLACK_FREE,좋네오 좋네요 좋네요 즇네요 좋네오 좋네요 좋네요 즇네요,5.0,"{""사이즈"": ""적당함"", ""색상"": ""같음"", ""소재"": ""같음""}","[""https://media.wconcept.co.kr/review/306052657/306052657_1788485668569.jpeg?RS=300""]"
308229643,모노로우,[30%쿠폰] [단독]NOA BAG 2COLORS,https://www.wconcept.co.kr/Product/308229643,1,1,wc******,2026.09.12,BLACK,가방 크고 막 담기 좋아요 가을겨울에 출근할때 매일들고 다닐거예요,5.0,"{""사이즈"": ""적당함"", ""색상"": ""같음"", ""착용감"": ""좋음""}",[]
308229643,모노로우,[30%쿠폰] [단독]NOA BAG 2COLORS,https://www.wconcept.co.kr/Product/308229643,1,2,hy******,2026.09.12,CHOCO BROWN,가방이 생각보다 엄청커요. 체구 작으신분들에게는 더 크게 느껴질듯하지만 넘 이뻐용 가죽도 부드럽구 만족합니다,4.0,"{""사이즈"": ""큼"", ""색상"": ""같음"", ""착용감"": ""좋음""}","[""https://media.wconcept.co.kr/review/308229643/308229643_1789180083314.jpeg?RS=300""]"
308229643,모노로우,[30%쿠폰] [단독]NOA BAG 2COLORS,https://www.wconcept.co.kr/Product/308229643,1,3,ve******,2026.09.11,BLACK,출근가방으로 샀는데 너무 이뻐요 오히려 페이크레더라 편하게들수 있어요 물튀어도 상관없고 물티슈로 슥 닦아도 되구요. 자연스럽게 잡히는 모양이 예뻐요. 어깨끈이 둥근 모양이라 무거울때 어깨가 아프기도 하지만 감수 가능합니다.. 내부 중간을 가로지르는 포켓이 밑에가 뚫려있어 불편하다는 리뷰가 많았는데요 저도 공감합니다. 칸막이역할을 하지는 못해요,5.0,"{""사이즈"": ""큼"", ""색상"": ""같음"", ""착용감"": ""보통""}","[""https://media.wconcept.co.kr/review/308229643/308229643_1789109914037.jpg?RS=300""]"
308229643,모노로우,[30%쿠폰] [단독]NOA BAG 2COLORS,https://www.wconcept.co.kr/Product/308229643,1,4,wc******,2026.09.10,BLACK,이거맞아요? ㅋㅋㅋ 아니 아무리 싸구려라해도 가방걸어놓고 가방내려놨던 자리에 이거맞나요?^^,5.0,"{""사이즈"": ""큼"", ""색상"": ""같음"", ""착용감"": ""좋음""}","[""https://media.wconcept.co.kr/review/308229643/308229643_1789105078731.jpeg?RS=300"", ""https://media.wconcept.co.kr/review/308229643/308229643_1789105078616.jpeg?RS=300""]"
308229643,모노로우,[30%쿠폰] [단독]NOA BAG 2COLORS,https://www.wconcept.co.kr/Product/308229643,1,5,is******,2026.09.10,CHOCO BROWN,예쁘게 모양 잡혀서 좋어요 되게부드럽고 어디든 잘어울릴거같아요 청바지에도 오피스룩에도 딱 좋어요 패드도들어가고 양산도들어가고 코트입고도 예쁠거같아요 먼족,5.0,"{""사이즈"": ""큼"", ""색상"": ""같음"", ""착용감"": ""좋음""}","[""https://media.wconcept.co.kr/review/308229643/308229643_1789046189789.jpeg?RS=300""]"
308229643,모노로우,[30%쿠폰] [단독]NOA BAG 2COLORS,https://www.wconcept.co.kr/Product/308229643,1,6,wc******,2026.09.10,BLACK,데일리백으로 사용하기 좋은 디자인으로 소재도 괜찮고 쓰다 싫증나도 부담없이 사용할 수 있는 가격대라 좋은 것 같습니다.,5.0,"{""사이즈"": ""큼"", ""색상"": ""같음"", ""착용감"": ""좋음""}","[""https://media.wconcept.co.kr/review/308229643/308229643_1789045681523.jpg?RS=300""]"
308229643,모노로우,[30%쿠폰] [단독]NOA BAG 2COLORS,https://www.wconcept.co.kr/Product/308229643,2,7,is******,2026.09.10,BLACK,휘뚜루마뚜루 막 들수있는 가방 찾다가 구매했어요 굿입니다,5.0,"{""사이즈"": ""적당함"", ""색상"": ""같음"", ""착용감"": ""좋음""}","[""https://media.wconcept.co.kr/review/308229643/308229643_1789038692479.jpeg?RS=300""]"
308229643,모노로우,[30%쿠폰] [단독]NOA BAG 2COLORS,https://www.wconcept.co.kr/Product/308229643,2,8,wc******,2026.09.10,CHOCO BROWN,고급스럽고 이뻐요. 다만 어깨끈 면적이 좁아 어깨가 살짝 아파요. 그러나 스타일리쉬하고 넘 이뻐요,5.0,"{""사이즈"": ""큼"", ""색상"": ""같음"", ""착용감"": ""보통""}","[""https://media.wconcept.co.kr/review/308229643/308229643_1789030709182.jpg?RS=300""]"
308229643,모노로우,[30%쿠폰] [단독]NOA BAG 2COLORS,https://www.wconcept.co.kr/Product/308229643,2,9,ev******,2026.09.10,BLACK,조금 무거운데 예쁘네용 ㅎㅎ 잘 매고 다닐게요~ 똑딱이로 닫는게 조금 불편하긴 해요,5.0,"{""사이즈"": ""큼"", ""색상"": ""같음"", ""착용감"": ""좋음""}",[]
308229643,모노로우,[30%쿠폰] [단독]NOA BAG 2COLORS,https://www.wconcept.co.kr/Product/308229643,2,10,gp******,2026.09.10,CHOCO BROWN,큰 가방 필요했는데 예쁘게 잘 사용할것같아요 완져니 가을가을 하네욤 🍂,5.0,"{""사이즈"": ""큼"", ""색상"": ""비슷함"", ""착용감"": ""좋음""}",[]
308229643,모노로우,[30%쿠폰] [단독]NOA BAG 2COLORS,https://www.wconcept.co.kr/Product/308229643,2,11,wc******,2026.09.10,BLACK,아이패드도 잘들어가고 a4용지도 안구겨질정도로 넉넉하게 들어감,5.0,"{""사이즈"": ""적당함"", ""색상"": ""비슷함"", ""착용감"": ""보통""}",[]
308229643,모노로우,[30%쿠폰] [단독]NOA BAG 2COLORS,https://www.wconcept.co.kr/Product/308229643,2,12,wc******,2026.09.09,BLACK,디자인도 이뿌고 보부상에 딱맞는 가방이라 너무 좋은데 가운데 나눠있는곳이 딱 안붙어 있어서 물건들이 이리저리 움직이는게 아쉽긴해요ㅠ,5.0,"{""사이즈"": ""큼"", ""색상"": ""같음"", ""착용감"": ""좋음""}","[""https://media.wconcept.co.kr/review/308229643/308229643_1788957971148.jpeg?RS=300""]"
308229643,모노로우,[30%쿠폰] [단독]NOA BAG 2COLORS,https://www.wconcept.co.kr/Product/308229643,3,13,vv******,2026.09.09,BLACK,사진보다 실제로 매면 더 예뻐요 수납력도 장난아니라서 넣고싶은거 다 들어갑니다 ㅎㅎ,5.0,"{""사이즈"": ""적당함"", ""색상"": ""같음"", ""착용감"": ""좋음""}",[]
308229643,모노로우,[30%쿠폰] [단독]NOA BAG 2COLORS,https://www.wconcept.co.kr/Product/308229643,3,14,ck******,2026.09.09,BLACK,가볍고 이뻐요~~ 매우 마음에 듭니다. 크기도 적당해요,5.0,"{""사이즈"": ""적당함"", ""색상"": ""같음"", ""착용감"": ""좋음""}","[""https://media.wconcept.co.kr/review/308229643/308229643_1788947580160.jpg?RS=300""]"
308229643,모노로우,[30%쿠폰] [단독]NOA BAG 2COLORS,https://www.wconcept.co.kr/Product/308229643,3,15,wc******,2026.09.09,CHOCO BROWN,가방이 예상보다 크지만 삭상과 품질이 맘에 들어요,5.0,"{""사이즈"": ""큼"", ""색상"": ""비슷함"", ""착용감"": ""좋음""}",[]
308229643,모노로우,[30%쿠폰] [단독]NOA BAG 2COLORS,https://www.wconcept.co.kr/Product/308229643,3,16,wc******,2026.09.09,BLACK,무게가 약간 무겁긴 한데 디자인이 예쁘고 물건이 상당히 많이 들어가서 좋아요!,5.0,"{""사이즈"": ""큼"", ""색상"": ""같음"", ""착용감"": ""보통""}",[]
308229643,모노로우,[30%쿠폰] [단독]NOA BAG 2COLORS,https://www.wconcept.co.kr/Product/308229643,3,17,lc******,2026.09.09,BLACK,가격대비 퀄리티 좋고요 쉐입도 자연스럽네요 데일리로 좋아요,5.0,"{""사이즈"": ""적당함"", ""색상"": ""같음"", ""착용감"": ""좋음""}","[""https://media.wconcept.co.kr/review/308229643/308229643_1788897865324.jpg?RS=300""]"
308229643,모노로우,[30%쿠폰] [단독]NOA BAG 2COLORS,https://www.wconcept.co.kr/Product/308229643,3,18,wc******,2026.09.08,CHOCO BROWN,명품보다 명품같네요 가죽 질도 좋고.. 다른 제품들도 사고싶어요,5.0,"{""사이즈"": ""적당함"", ""색상"": ""비슷함"", ""착용감"": ""좋음""}",[]
308920375,하우투러브미,[30%쿠폰] 앨리 주름 티셔츠[charcoal],https://www.wconcept.co.kr/Product/308920375,1,1,kc******,2026.09.13,CHARCOAL_FREE,실제로 받아보니 생각했던 것보다 더 예쁘고 핏도 마음에 들어요 소재도 부드럽고 착용감이 편해서 자주 손이 갈 것 같아요 만족합니다,5.0,"{""사이즈"": ""적당함"", ""색상"": ""같음"", ""소재"": ""같음""}","[""https://media.wconcept.co.kr/review/308920375/308920375_1789297840055.jpeg?RS=300""]"
308920375,하우투러브미,[30%쿠폰] 앨리 주름 티셔츠[charcoal],https://www.wconcept.co.kr/Product/308920375,1,2,ai******,2026.09.12,CHARCOAL_FREE,너무 이쁨니다... 더 추워지기전에 단독으로 자주 입고 이너로 입기에도 딱이에요,5.0,"{""사이즈"": ""적당함"", ""색상"": ""같음"", ""소재"": ""같음""}","[""https://media.wconcept.co.kr/review/308920375/308920375_1789208568947.jpeg?RS=300""]"
308920375,하우투러브미,[30%쿠폰] 앨리 주름 티셔츠[charcoal],https://www.wconcept.co.kr/Product/308920375,1,3,lh******,2026.09.12,CHARCOAL_FREE,이런스타일사고싶었는데 너무너무 예뻐요.. 하이넥으로 올라오는 것도 핏도 완벽 ㅠ,5.0,"{""사이즈"": ""적당함"", ""색상"": ""같음"", ""소재"": ""같음""}",[]
308920375,하우투러브미,[30%쿠폰] 앨리 주름 티셔츠[charcoal],https://www.wconcept.co.kr/Product/308920375,1,4,si******,2026.09.12,CHARCOAL_FREE,재질이 부드러워서 입고벗기 편해요 그리고 팔뚝이 슬림해보이는 옷이예요,5.0,"{""사이즈"": ""적당함"", ""색상"": ""비슷함"", ""소재"": ""비슷함""}","[""https://media.wconcept.co.kr/review/308920375/308920375_1789205253310.jpeg?RS=300""]"
308920375,하우투러브미,[30%쿠폰] 앨리 주름 티셔츠[charcoal],https://www.wconcept.co.kr/Product/308920375,1,5,bo******,2026.09.11,CHARCOAL_FREE,몸에 핏되게는 하지만 고급스럽고 날씬해보여요! 가을 내내 아주 잘 입을거 같습니다,5.0,"{""사이즈"": ""적당함"", ""색상"": ""같음"", ""소재"": ""같음""}","[""https://media.wconcept.co.kr/review/308920375/308920375_1789103342925.jpeg?RS=300""]"
308920375,하우투러브미,[30%쿠폰] 앨리 주름 티셔츠[charcoal],https://www.wconcept.co.kr/Product/308920375,1,6,yo******,2026.09.10,CHARCOAL_FREE,정말 너무 예쁩니다 ! 옷 받고 기분 좋은 게 너무 오랜만이에요 블랙데님이랑 같이 구매했는데 너무 잘 어울리고 일반 슬렉스에도 스커트에도 예뻐요 -! 단품으로 입다가 이너로도 활용하기 좋은 너무 예쁜 휘뚜루마뚜루 템이에요 !!,5.0,"{""사이즈"": ""적당함"", ""색상"": ""같음"", ""소재"": ""같음""}",[]
308920375,하우투러브미,[30%쿠폰] 앨리 주름 티셔츠[charcoal],https://www.wconcept.co.kr/Product/308920375,2,7,ph******,2026.09.09,CHARCOAL_FREE,팝업가서 입어보고 너무 예뻐서 주문했어요! 티셔츠 진짜 말라보이고 싼데 고급져보이고 다합니다! 마음에들어용~~,5.0,"{""사이즈"": ""적당함"", ""색상"": ""같음"", ""소재"": ""같음""}","[""https://media.wconcept.co.kr/review/308920375/308920375_1788944541422.jpeg?RS=300""]"
308920375,하우투러브미,[30%쿠폰] 앨리 주름 티셔츠[charcoal],https://www.wconcept.co.kr/Product/308920375,2,8,wc******,2026.09.09,CHARCOAL_FREE,딱 보자마자 너무 제 스타일이라서 오픈하기를 기다렸어요 스카프릉 세트로 샀는데 너무 이뻐요 대만족입니다 팔뚝도 얇아보이고 지금입기 딱이에요 하우투러브미 최고 🤍🍀,5.0,"{""사이즈"": ""적당함"", ""색상"": ""같음"", ""소재"": ""비슷함""}","[""https://media.wconcept.co.kr/review/308920375/308920375_1788933616645.jpeg?RS=300""]"
308920375,하우투러브미,[30%쿠폰] 앨리 주름 티셔츠[charcoal],https://www.wconcept.co.kr/Product/308920375,2,9,01******,2026.09.08,CHARCOAL_FREE,생각보다 스판끼가 덜하고 몸에 붙어요(팔뚝부분)여기서 살이 더 찌면 안될것 같네요 냄새가 너무 심하게 나는데 제껏만 그런걸까요? 다른 분들은 칭찬일색이네요 일단 냄새는 빼고 입어야 될것같아요,5.0,"{""사이즈"": ""작음"", ""색상"": ""같음"", ""소재"": ""비슷함""}","[""https://media.wconcept.co.kr/review/308920375/308920375_1788877985996.jpeg?RS=300""]"
308920375,하우투러브미,[30%쿠폰] 앨리 주름 티셔츠[charcoal],https://www.wconcept.co.kr/Product/308920375,2,10,ji******,2026.09.04,CHARCOAL_FREE,배송이 정말 빠르고 상품이 매우 좋아요! 간절기에 잘 입을것 같습니다! 아이보리도 구매하고 싶어요!,5.0,"{""사이즈"": ""적당함"", ""색상"": ""같음"", ""소재"": ""같음""}",[]
308920375,하우투러브미,[30%쿠폰] 앨리 주름 티셔츠[charcoal],https://www.wconcept.co.kr/Product/308920375,2,11,sa******,2026.09.04,CHARCOAL_FREE,"팝업에 가지못해서 아쉬워하다가 오픈날만 기다렸어요!! 오픈과 동시에 구매하고 어제 받아서 ,, 오늘 출근룩으로 입었습니다🖤 블랙펜슬스커트에 입고싶었는데,, 드디어 입었어요! 아주아주 마음에 들어요🖤🤍 보드러운 원단에 링클모양까지 완벽합니다. 입기에 정말 편안한대 갖춰입은것 같고 좋네요! 자주자주 입어질것같습니다^^",5.0,"{""사이즈"": ""적당함"", ""색상"": ""같음"", ""소재"": ""같음""}","[""https://media.wconcept.co.kr/review/308920375/thumbnail/11001489_308920375_1788667789241.jpg?RS=300"", ""https://media.wconcept.co.kr/review/308920375/308920375_1788505322204.jpeg?RS=300""]"
308920375,하우투러브미,[30%쿠폰] 앨리 주름 티셔츠[charcoal],https://www.wconcept.co.kr/Product/308920375,2,12,lh******,2026.09.04,CHARCOAL_FREE,가을 하객룩으로 입고싶어서 오픈하자마자 바로 주무했어요 이런 스타일 처음입어봐서 걱정했는데 너무 마음에 듭니다ㅠㅠ아이보리색도 구매하려구여!!,5.0,"{""사이즈"": ""적당함"", ""색상"": ""같음"", ""소재"": ""같음""}","[""https://media.wconcept.co.kr/review/308920375/308920375_1788499690332.jpeg?RS=300""]"
308838705,무니드,[20%쿠폰] NOEN CUPRA SHIRT - CHARCOAL,https://www.wconcept.co.kr/Product/308838705,1,1,rh******,2026.09.13,CHARCOAL O.S,이뻐요~ 보들보들 소재가 좋아요~여성스러워요 무니드 넘 좋아하는데 이번에도 감동입니다,5.0,"{""사이즈"": ""적당함"", ""색상"": ""같음"", ""소재"": ""같음""}","[""https://media.wconcept.co.kr/review/308838705/308838705_1789299170365.jpg?RS=300""]"
308838705,무니드,[20%쿠폰] NOEN CUPRA SHIRT - CHARCOAL,https://www.wconcept.co.kr/Product/308838705,1,2,yr******,2026.09.13,CHARCOAL O.S,치마를 먼저 구입하고 색상맞추기가 힘들어서 코디대로 구입. 남방이 활용도가 더 좋은거 같아요 부드럽고 가벼운 세무재질,5.0,"{""사이즈"": ""적당함"", ""색상"": ""같음"", ""소재"": ""같음""}","[""https://media.wconcept.co.kr/review/308838705/308838705_1789283577686.jpg?RS=300""]"
308838705,무니드,[20%쿠폰] NOEN CUPRA SHIRT - CHARCOAL,https://www.wconcept.co.kr/Product/308838705,1,3,da******,2026.09.13,CHARCOAL O.S,부들부들한 재질이라 촉감이 좋고 색상도 사진과 같아 맘에 듭니다.,5.0,"{""사이즈"": ""적당함"", ""색상"": ""같음"", ""소재"": ""같음""}",[]
308838705,무니드,[20%쿠폰] NOEN CUPRA SHIRT - CHARCOAL,https://www.wconcept.co.kr/Product/308838705,1,4,ch******,2026.09.13,CHARCOAL O.S,실제 제품이 화면보다 디자인도 소재 너무 고급지고 예뻐요.,5.0,"{""사이즈"": ""적당함"", ""색상"": ""같음"", ""소재"": ""같음""}","[""https://media.wconcept.co.kr/review/308838705/308838705_1789226387977.jpg?RS=300""]"
308838705,무니드,[20%쿠폰] NOEN CUPRA SHIRT - CHARCOAL,https://www.wconcept.co.kr/Product/308838705,1,5,su******,2026.09.12,CHARCOAL O.S,무니드 셔츠만 몇개째인지 너무 맘에 들어요. 컬러가 진짜 잘 나온거 같아요. 두께도 이제부터 입을수 있게 너무 두껍지도 얇지도 않은. 암튼 맘에 들어요,5.0,"{""사이즈"": ""큼"", ""색상"": ""비슷함"", ""소재"": ""비슷함""}","[""https://media.wconcept.co.kr/review/308838705/308838705_1789179814603.jpg?RS=300""]"
308838705,무니드,[20%쿠폰] NOEN CUPRA SHIRT - CHARCOAL,https://www.wconcept.co.kr/Product/308838705,1,6,ur******,2026.09.11,CHARCOAL O.S,핏이 너무 취향이라 다른색도 구입 스커트 팬츠 모두 어울림 적당히 차려입은 효과,5.0,"{""사이즈"": ""적당함"", ""색상"": ""같음"", ""소재"": ""같음""}",[]
308838705,무니드,[20%쿠폰] NOEN CUPRA SHIRT - CHARCOAL,https://www.wconcept.co.kr/Product/308838705,2,7,ra******,2026.09.10,CHARCOAL O.S,예뻐요! 근데 바느질이 조금 엉성합니다. 의도한건지는 모르겠지만 주머니가 울어요.. 입으면 상관없어서 그냥 입긴 하는데 ???하긴 했습니다,5.0,"{""사이즈"": ""큼"", ""색상"": ""같음"", ""소재"": ""같음""}","[""https://media.wconcept.co.kr/review/308838705/308838705_1789049229280.jpeg?RS=300""]"
308838705,무니드,[20%쿠폰] NOEN CUPRA SHIRT - CHARCOAL,https://www.wconcept.co.kr/Product/308838705,2,8,ro******,2026.09.10,CHARCOAL O.S,소재가 조금 특이하고 빈티지 스럽고 이뻐요. 할인할때 서둘러 구입하길 잘 했어요. 무니드 옷이 갈수록 늘어나네요.,5.0,"{""사이즈"": ""적당함"", ""색상"": ""같음"", ""소재"": ""같음""}","[""https://media.wconcept.co.kr/review/308838705/308838705_1789047305453.jpg?RS=300""]"
308838705,무니드,[20%쿠폰] NOEN CUPRA SHIRT - CHARCOAL,https://www.wconcept.co.kr/Product/308838705,2,9,ki******,2026.09.10,CHARCOAL O.S,리뷰처럼 어깨끝 봉제 부분이 뾰족해서 아쉽네요ㅜㅜ 소재랑 디자인이랑 다른부분은 모두 맘에 들어서 품습니당 촤르르하면서 자켓처럼 걸쳐 입어도 예쁠것 같아용,5.0,"{""사이즈"": ""적당함"", ""색상"": ""같음"", ""소재"": ""같음""}","[""https://media.wconcept.co.kr/review/308838705/308838705_1789039565443.jpg?RS=300"", ""https://media.wconcept.co.kr/review/308838705/308838705_1789039565312.jpg?RS=300""]"
308838705,무니드,[20%쿠폰] NOEN CUPRA SHIRT - CHARCOAL,https://www.wconcept.co.kr/Product/308838705,2,10,mi******,2026.09.10,CHARCOAL O.S,"소재,컬러,디자인 너무 맘에 드는데 진짜 어깨 끝이 툭 튀어나와서 아쉬워요ㅜ",5.0,"{""사이즈"": ""큼"", ""색상"": ""같음"", ""소재"": ""같음""}","[""https://media.wconcept.co.kr/review/308838705/308838705_1789019113433.jpeg?RS=300""]"
308838705,무니드,[20%쿠폰] NOEN CUPRA SHIRT - CHARCOAL,https://www.wconcept.co.kr/Product/308838705,2,11,pr******,2026.09.10,CHARCOAL O.S,너무 고급스러워요 자켓같은 분위기도 나면서 찰랑찰랑,5.0,"{""사이즈"": ""적당함"", ""색상"": ""같음"", ""소재"": ""같음""}",[]
308838705,무니드,[20%쿠폰] NOEN CUPRA SHIRT - CHARCOAL,https://www.wconcept.co.kr/Product/308838705,2,12,qh******,2026.09.10,CHARCOAL O.S,후들후들거리는 재질이 맘에 드네요 어깨선이 한쪽이 재봉에 문제기 있는지 조슴 삐뚤거리는데 귀찮아서 걍 입습니다,5.0,"{""사이즈"": ""적당함"", ""색상"": ""비슷함"", ""소재"": ""비슷함""}","[""https://media.wconcept.co.kr/review/308838705/308838705_1788968399807.jpeg?RS=300""]"
308838705,무니드,[20%쿠폰] NOEN CUPRA SHIRT - CHARCOAL,https://www.wconcept.co.kr/Product/308838705,3,13,01******,2026.09.09,CHARCOAL O.S,후기에서처럼 어깨 밑 부분이 봉긋하네요 반품을 고민하다 지금 입기에 좋은 두께감이라 입는데 아쉽긴 하네요… 재질도 생각한거랑 달랐지만 지금 계절에 입기엔 괜찮아요 흐끗한게 은근 많아요,5.0,"{""사이즈"": ""적당함"", ""색상"": ""비슷함"", ""소재"": ""비슷함""}","[""https://media.wconcept.co.kr/review/308838705/308838705_1788958806889.jpeg?RS=300""]"
308838705,무니드,[20%쿠폰] NOEN CUPRA SHIRT - CHARCOAL,https://www.wconcept.co.kr/Product/308838705,3,14,go******,2026.09.09,CHARCOAL O.S,삭상 이미지와 똑같고 소재는 넘 아음에 들어요. 스웨이드 같지만 스웨이드 같은 어깨선이 어중간하지만 잘입어 보롑니다 이뻐요,5.0,"{""사이즈"": ""적당함"", ""색상"": ""같음"", ""소재"": ""같음""}",[]
308838705,무니드,[20%쿠폰] NOEN CUPRA SHIRT - CHARCOAL,https://www.wconcept.co.kr/Product/308838705,3,15,yu******,2026.09.09,CHARCOAL O.S,크면 어쩌지 했는데 루즈핏 정말 예쁘게 잘 맞아요 당분간 반바지에 입고다니려구요,5.0,"{""사이즈"": ""적당함"", ""색상"": ""같음"", ""소재"": ""같음""}",[]
308838705,무니드,[20%쿠폰] NOEN CUPRA SHIRT - CHARCOAL,https://www.wconcept.co.kr/Product/308838705,3,16,wc******,2026.09.09,CHARCOAL O.S,새옷인데 좀 구깃해와서 다림질를 해야 하는 게 슬프지만 사랑에 빠진 무니드이기에 용서할랍니다. 꽤 기다려서 받았지만 만족하네요. 어서 자카드 스커트가 와서 함께 입고파요,5.0,"{""사이즈"": ""큼"", ""색상"": ""같음"", ""소재"": ""비슷함""}","[""https://media.wconcept.co.kr/review/308838705/308838705_1788931645595.jpg?RS=300""]"
308838705,무니드,[20%쿠폰] NOEN CUPRA SHIRT - CHARCOAL,https://www.wconcept.co.kr/Product/308838705,3,17,se******,2026.09.09,CHARCOAL O.S,소재도 색상도 너무 마음에 들고 예뻐요 가을 겨울에 잘 입겠습니다,5.0,"{""사이즈"": ""적당함"", ""색상"": ""같음"", ""소재"": ""같음""}",[]
308838705,무니드,[20%쿠폰] NOEN CUPRA SHIRT - CHARCOAL,https://www.wconcept.co.kr/Product/308838705,3,18,wc******,2026.09.09,CHARCOAL O.S,소재 핏 예상대로 이뻐요! 색감도 챠콜인데 거의동일해요,5.0,"{""사이즈"": ""적당함"", ""색상"": ""같음"", ""소재"": ""같음""}","[""https://media.wconcept.co.kr/review/308838705/308838705_1788930195890.jpeg?RS=300""]"
305715992,파사드패턴,빈티지 캐빈 백_black,https://www.wconcept.co.kr/Product/305715992,1,1,wc******,2026.09.13,ONE,일단 자연스러운 가죽 질감 같아서 좋아요. 빳빳한 느낌보다 네추럴하게 떨어지는 핏감. 그냥 심플하니 이뻐요. 어느 옷에나 무난히 잘 어울리는듯요.,5.0,"{""사이즈"": ""적당함"", ""색상"": ""같음"", ""착용감"": ""좋음""}","[""https://media.wconcept.co.kr/review/305715992/305715992_1789301289143.jpg?RS=300""]"
305715992,파사드패턴,빈티지 캐빈 백_black,https://www.wconcept.co.kr/Product/305715992,1,2,jj******,2026.09.13,ONE,데일리로 들고 다니기 좋아요 : ) 무난무난...,5.0,"{""사이즈"": ""적당함"", ""색상"": ""같음"", ""착용감"": ""좋음""}",[]
305715992,파사드패턴,빈티지 캐빈 백_black,https://www.wconcept.co.kr/Product/305715992,1,3,yo******,2026.09.12,ONE,생각보다 너무 이뻐요 깔끔해서 어디에나 어울리고 가죽도 부드러워서 싼티 안나요 수납공간도 넉넉합니다 봄 가을 가볍게 메기엔 딱 이에요 다른 색도 구매하고싶어요,5.0,"{""사이즈"": ""적당함"", ""색상"": ""같음"", ""착용감"": ""좋음""}","[""https://media.wconcept.co.kr/review/305715992/305715992_1789218010461.jpeg?RS=300""]"
305715992,파사드패턴,빈티지 캐빈 백_black,https://www.wconcept.co.kr/Product/305715992,1,4,Kh******,2026.09.12,ONE,귀얍고 예쁨 기분 좋음! 처음에 가죽 냄새 좀 나지만 괜찮음!,5.0,"{""사이즈"": ""적당함"", ""색상"": ""같음"", ""착용감"": ""좋음""}","[""https://media.wconcept.co.kr/review/305715992/305715992_1789215274235.jpeg?RS=300""]"
305715992,파사드패턴,빈티지 캐빈 백_black,https://www.wconcept.co.kr/Product/305715992,1,5,db******,2026.09.12,ONE,가죽이 보들보들하고 마감도 깔끔해서 좋아요. 줄이 잘 안 끼워진다는 리뷰가 꽤 있던데 부드럽게 잘 들어갔어요. 다만 사진보다는 차르르한 광이 덜하고 살짝 냄새가 나요. 어디든 잘 들고 다닐 수 있는 가방이라 만족합니다.,5.0,"{""사이즈"": ""적당함"", ""색상"": ""같음"", ""착용감"": ""좋음""}",[]
305715992,파사드패턴,빈티지 캐빈 백_black,https://www.wconcept.co.kr/Product/305715992,1,6,to******,2026.09.12,ONE,소재가 부드럽고 가벼워요 이너백 넣어야 모양이 유지될지 같아요,5.0,"{""사이즈"": ""작음"", ""색상"": ""비슷함"", ""착용감"": ""좋음""}","[""https://media.wconcept.co.kr/review/305715992/305715992_1789171414880.jpg?RS=300""]"
305715992,파사드패턴,빈티지 캐빈 백_black,https://www.wconcept.co.kr/Product/305715992,2,7,co******,2026.09.11,ONE,좋은하는 심플한 스타일이라 장바구니에 담아두고 계속 고민했는데 그냥 빨리 살 걸 그랬네요. 너무 예뻐요. 캐주얼 포멀 어디에든 잘 어울려요.,5.0,"{""사이즈"": ""적당함"", ""색상"": ""같음"", ""착용감"": ""좋음""}",[]
305715992,파사드패턴,빈티지 캐빈 백_black,https://www.wconcept.co.kr/Product/305715992,2,8,es******,2026.09.10,ONE,양가죽이라 부들부들하ㅐ요 고리 끼울때 버거웠는데 어지저찌 잘 해냈습니다. 가죽에 줄이 찌익하고 잇능데 신경 앙스고 휘뚤마뚤로 씁니다.,5.0,"{""사이즈"": ""적당함"", ""색상"": ""같음"", ""착용감"": ""좋음""}","[""https://media.wconcept.co.kr/review/305715992/305715992_1789014263648.jpeg?RS=300"", ""https://media.wconcept.co.kr/review/305715992/305715992_1789014263509.jpeg?RS=300""]"
305715992,파사드패턴,빈티지 캐빈 백_black,https://www.wconcept.co.kr/Product/305715992,2,9,bb******,2026.09.10,ONE,선물받은 친구가 너무 만족해 합니다 생각보다 크기도 작지 않고 수납도 넉넉합니다,5.0,"{""사이즈"": ""적당함"", ""색상"": ""같음"", ""착용감"": ""좋음""}","[""https://media.wconcept.co.kr/review/305715992/305715992_1789000035651.jpeg?RS=300""]"
305715992,파사드패턴,빈티지 캐빈 백_black,https://www.wconcept.co.kr/Product/305715992,2,10,ba******,2026.09.09,ONE,고민고민 하다 샀는데 진작에 살껄 그랬어요 넘예빠요~ 유행템이 아니라서 더 만족합니다. 가방에 관련해 세심한 문자도 주시고 좋아요. 가볍고 가죽재질이 부드러워서 좋습니다.,5.0,"{""사이즈"": ""적당함"", ""색상"": ""같음"", ""착용감"": ""좋음""}","[""https://media.wconcept.co.kr/review/305715992/305715992_1788943324138.jpeg?RS=300""]"
305715992,파사드패턴,빈티지 캐빈 백_black,https://www.wconcept.co.kr/Product/305715992,2,11,sm******,2026.09.09,ONE,너무예뻐요 언제나 믿고 구매해요 데일리 백이 될듯싶어요,5.0,"{""사이즈"": ""적당함"", ""색상"": ""같음"", ""착용감"": ""좋음""}","[""https://media.wconcept.co.kr/review/305715992/305715992_1788909494713.jpg?RS=300""]"
305715992,파사드패턴,빈티지 캐빈 백_black,https://www.wconcept.co.kr/Product/305715992,2,12,am******,2026.09.08,ONE,미니멀해서 요즘 스타일과 잘 맞아요~~~더로우스타일 좋아하는데 로고 티안나고 단순한 느낌이 좋아요. 레드도 예쁠거같아요.,5.0,"{""사이즈"": ""작음"", ""색상"": ""비슷함"", ""착용감"": ""좋음""}","[""https://media.wconcept.co.kr/review/305715992/305715992_1788865613628.jpg?RS=300""]"
305715992,파사드패턴,빈티지 캐빈 백_black,https://www.wconcept.co.kr/Product/305715992,3,13,wc******,2026.09.08,ONE,캐빈 백 갖고 싶었는데... 장바구니에 담아 놓고만 있다가... 드디어 샀네요...^^ 너무 맘에 들어요... 가죽 질도 괜찮고... 여기저기 다 어울리네요... 매일 들고 다닐 것 같아요,5.0,"{""사이즈"": ""작음"", ""색상"": ""같음"", ""착용감"": ""좋음""}",[]
305715992,파사드패턴,빈티지 캐빈 백_black,https://www.wconcept.co.kr/Product/305715992,3,14,kk******,2026.09.06,ONE,빠른 배송 좋아요! 사진과 똑같아서 더 마음에 들어요!,5.0,"{""사이즈"": ""적당함"", ""색상"": ""같음"", ""착용감"": ""좋음""}",[]
305715992,파사드패턴,빈티지 캐빈 백_black,https://www.wconcept.co.kr/Product/305715992,3,15,qk******,2026.09.06,ONE,"부들부들 최고에요! 가볍게 들고다녀도 좋고 꾸꾸, 꾸안꾸에 모두 들고다니기 좋을 것 같아요!",5.0,"{""사이즈"": ""적당함"", ""색상"": ""같음"", ""착용감"": ""좋음""}",[]
305715992,파사드패턴,빈티지 캐빈 백_black,https://www.wconcept.co.kr/Product/305715992,3,16,gj******,2026.09.05,ONE,데일리로 들고 다니기 넘 좋으네요 고민 많이 했는데 사길 잘했네요,5.0,"{""사이즈"": ""적당함"", ""색상"": ""같음"", ""착용감"": ""좋음""}",[]
305715992,파사드패턴,빈티지 캐빈 백_black,https://www.wconcept.co.kr/Product/305715992,3,17,wc******,2026.09.05,ONE,"파사드패턴에서 가방 구매는 처음이고, w컨셉에서도 첫 구매입니다. 평소 파시드패턴 옷은 타사에서 자주 구매했어요. 가장 리뷰가 많은 상품이라 계속 눈여겨 보고 있다가 드디어 구매했습니다. 캐주얼한 의상에 더 잘 어울려서 잘 들고 다닐 것 겉아요.",5.0,"{""사이즈"": ""적당함"", ""색상"": ""비슷함"", ""착용감"": ""좋음""}","[""https://media.wconcept.co.kr/review/305715992/305715992_1788594890660.jpeg?RS=300""]"
305715992,파사드패턴,빈티지 캐빈 백_black,https://www.wconcept.co.kr/Product/305715992,3,18,ss******,2026.09.04,ONE,가죽이 부드럽고 딱 손에 들고 다니기 좋은 사이즈네요,5.0,"{""사이즈"": ""작음"", ""색상"": ""같음"", ""착용감"": ""좋음""}",[]
305612236,프론트로우,[앵콜 세일] [Drama Signature] Slim Button Blazer_3color,https://www.wconcept.co.kr/Product/305612236,1,1,wc******,2026.09.13,"S, BLACK",받자마자 정성스런 포장에 한번 감동받고 실착해보고는 너무 맘에 들어서 감동. 디자인이 여성스러워보여서 코디의 폭이 좀 좁겠다 생각했는데 막상 입어보니 그러지않아요. 세일할때 좋은 가격에 사서 대만족이지만 조금 더 일찍 샀어도 너무 좋았을거같아요.,5.0,"{""사이즈"": ""적당함"", ""색상"": ""같음"", ""소재"": ""같음""}",[]
305612236,프론트로우,[앵콜 세일] [Drama Signature] Slim Button Blazer_3color,https://www.wconcept.co.kr/Product/305612236,1,2,hh******,2026.09.09,"S, BLACK","처음에 S 했다가, M으로 교환했어요. 핏이 여유로운게 더 이쁘네요.",5.0,"{""사이즈"": ""적당함"", ""색상"": ""같음"", ""소재"": ""같음""}",[]
305612236,프론트로우,[앵콜 세일] [Drama Signature] Slim Button Blazer_3color,https://www.wconcept.co.kr/Product/305612236,1,3,iy******,2026.09.06,"M, BLACK",자켓은 한사이즈 크게 입는편이 편해서 주문햇는데 재질이며 핏이며 다 좋네요,5.0,"{""사이즈"": ""적당함"", ""색상"": ""같음"", ""소재"": ""같음""}",[]
305612236,프론트로우,[앵콜 세일] [Drama Signature] Slim Button Blazer_3color,https://www.wconcept.co.kr/Product/305612236,1,4,he******,2026.09.01,"M, BLACK",마음에들어요! 사이즈도 좋고~ 출근룩에도 차려입어야 할때도 좋을듯 합니다!!,5.0,"{""사이즈"": ""적당함"", ""색상"": ""비슷함"", ""소재"": ""비슷함""}","[""https://media.wconcept.co.kr/review/305612236/305612236_1788262209981.jpg?RS=300""]"
305612236,프론트로우,[앵콜 세일] [Drama Signature] Slim Button Blazer_3color,https://www.wconcept.co.kr/Product/305612236,1,5,cu******,2026.08.28,"S, BLACK",막 넉넉하지는 않고 사이즈가 두꺼운 이너랑 같이 입기는 어려울 것 같아요! 벙벙하지않고 몸에 딱 맞아서 예뻐요,5.0,"{""사이즈"": ""적당함"", ""색상"": ""같음"", ""소재"": ""같음""}","[""https://media.wconcept.co.kr/review/305612236/305612236_1787905498084.jpeg?RS=300""]"
305612236,프론트로우,[앵콜 세일] [Drama Signature] Slim Button Blazer_3color,https://www.wconcept.co.kr/Product/305612236,1,6,wc******,2026.08.27,"XS, BLACK",팔이 좀 짧고 넘 정장틱해서별론가 싶었는데 다시 입어보니 핏이 예쁘긴 해서 품으려고요 ㅎㅎ 연청에 입으니 넘 정장같지 않고 예뻐요,5.0,"{""사이즈"": ""적당함"", ""색상"": ""같음"", ""소재"": ""같음""}","[""https://media.wconcept.co.kr/review/305612236/305612236_1787837145842.jpeg?RS=300""]"
305612236,프론트로우,[앵콜 세일] [Drama Signature] Slim Button Blazer_3color,https://www.wconcept.co.kr/Product/305612236,2,7,so******,2026.08.19,"M, BLACK",살짝 크긴 했지만 허리 라인이 들어가서 이쁘게 맞았어요 면접용으로 구매했는데 만족합니다,5.0,"{""사이즈"": ""적당함"", ""색상"": ""같음"", ""소재"": ""같음""}","[""https://media.wconcept.co.kr/review/305612236/305612236_1787112325829.jpeg?RS=300""]"
305612236,프론트로우,[앵콜 세일] [Drama Signature] Slim Button Blazer_3color,https://www.wconcept.co.kr/Product/305612236,2,8,hy******,2026.08.18,"S, BLACK",평소에 정장 입을 일이 많지 않아 면접용으로 구매했어요 리뷰에 평들처럼 기본에 충실하고 예쁘네요~,5.0,"{""사이즈"": ""적당함"", ""색상"": ""같음"", ""소재"": ""같음""}","[""https://media.wconcept.co.kr/review/305612236/305612236_1787024782879.jpg?RS=300"", ""https://media.wconcept.co.kr/review/305612236/305612236_1787024782796.jpg?RS=300""]"
305612236,프론트로우,[앵콜 세일] [Drama Signature] Slim Button Blazer_3color,https://www.wconcept.co.kr/Product/305612236,2,9,en******,2026.08.15,"S, BROWN",오래전에 장바구니에 담아두었는데 행사해서 좋은 가격에 구입했어요^^ 상의는 정55사이즈인데 여유있게 잘 맞고 소재가 정말 편하고 고급스러워요~ 검정색도 살까 합니다^^,5.0,"{""사이즈"": ""적당함"", ""색상"": ""같음"", ""소재"": ""같음""}","[""https://media.wconcept.co.kr/review/305612236/305612236_1786767033110.jpeg?RS=300""]"
305612236,프론트로우,[앵콜 세일] [Drama Signature] Slim Button Blazer_3color,https://www.wconcept.co.kr/Product/305612236,2,10,rj******,2026.07.08,"BEIGE, M",기본 클래식 디자인이지만 이런게 또 은근 고급미 넘치죠,5.0,"{""사이즈"": ""적당함"", ""색상"": ""같음"", ""소재"": ""같음""}","[""https://media.wconcept.co.kr/review/305612236/305612236_1783487679815.jpeg?RS=300""]"
305612236,프론트로우,[앵콜 세일] [Drama Signature] Slim Button Blazer_3color,https://www.wconcept.co.kr/Product/305612236,2,11,co******,2026.06.30,"XS, BLACK",간절기 쟈켓이 필요했는데 너무 이쁜 쟈켓을 찾았어요^^ 프론트로우는 코트면 코트 바지면 바지 스타일 너무 좋아여♡,5.0,"{""사이즈"": ""적당함"", ""색상"": ""같음"", ""소재"": ""같음""}","[""https://media.wconcept.co.kr/review/305612236/305612236_1782782598330.jpg?RS=300""]"
305612236,프론트로우,[앵콜 세일] [Drama Signature] Slim Button Blazer_3color,https://www.wconcept.co.kr/Product/305612236,2,12,kj******,2026.06.30,"M, BROWN",모브브라운 계열 처음 입어봤는데 흔히들 팥죽색이라고들 하잖아요. 그치만 그거보단 좀 화사해서 저는 모브핑크계열 같아요. 여쿨인데 찰떡입니다. 승진 면접 때 입었는데 좋은 기운 불어넣어줬어요. 아주 단정하고 굿!,5.0,"{""사이즈"": ""적당함"", ""색상"": ""같음"", ""소재"": ""같음""}","[""https://media.wconcept.co.kr/review/305612236/305612236_1782747222301.jpg?RS=300""]"
305612236,프론트로우,[앵콜 세일] [Drama Signature] Slim Button Blazer_3color,https://www.wconcept.co.kr/Product/305612236,3,13,kb******,2026.06.21,"XS, BLACK",여름에 경조사때문에 구매했는데 핏이넘좋아서 이너도 사려구요,5.0,"{""사이즈"": ""적당함"", ""색상"": ""같음"", ""소재"": ""같음""}",[]
305612236,프론트로우,[앵콜 세일] [Drama Signature] Slim Button Blazer_3color,https://www.wconcept.co.kr/Product/305612236,3,14,nr******,2026.06.17,"XS, BLACK","키도 작고 체구도 작아서 요즘 나오는 옷들을 소화하기가 힘들어서 재킷은 진땀을 좀 빼야하는데 프론트로우는 항상 맞춤처럼 진짜 딱 맞아 포멀한 옷을 찾을 땐 늘 좋아요ㅠㅠ 깔끔하고 단정한 스타일이에요, 블라우스만 잘 골라입으면 세련되게 입을 수 있을 것 같아요-",5.0,"{""사이즈"": ""적당함"", ""색상"": ""같음"", ""소재"": ""같음""}","[""https://media.wconcept.co.kr/review/305612236/305612236_1781706650473.jpeg?RS=300"", ""https://media.wconcept.co.kr/review/305612236/305612236_1781706650396.jpeg?RS=300""]"
305612236,프론트로우,[앵콜 세일] [Drama Signature] Slim Button Blazer_3color,https://www.wconcept.co.kr/Product/305612236,3,15,gy******,2026.06.14,"S, BLACK",고민했는데 진짜 이뻐요! 추천합니다 ㅎㅎ ~~~,5.0,"{""사이즈"": ""적당함"", ""색상"": ""같음"", ""소재"": ""같음""}",[]
305612236,프론트로우,[앵콜 세일] [Drama Signature] Slim Button Blazer_3color,https://www.wconcept.co.kr/Product/305612236,3,16,by******,2026.06.11,"XS, BROWN",프론트로우 자켓 맛집이네요♡ 큼지막한 자켓 안좋아하는데 정말 저스트핏 그 자체예요! 컬러도 판매페이지와 같아서 좋아요♡,5.0,"{""사이즈"": ""적당함"", ""색상"": ""같음"", ""소재"": ""같음""}","[""https://media.wconcept.co.kr/review/305612236/305612236_1781168062478.jpg?RS=300""]"
305612236,프론트로우,[앵콜 세일] [Drama Signature] Slim Button Blazer_3color,https://www.wconcept.co.kr/Product/305612236,3,17,wc******,2026.05.30,"M, BLACK",보자마자 너무 예쁜 기본 자켓이라 구매했습니다! 바지랑 같이 셋업으로 구매했는데 날씬하고 다리가 길어보여서 대만족이에요!,5.0,"{""사이즈"": ""적당함"", ""색상"": ""같음"", ""소재"": ""같음""}",[]
305612236,프론트로우,[앵콜 세일] [Drama Signature] Slim Button Blazer_3color,https://www.wconcept.co.kr/Product/305612236,3,18,li******,2026.05.27,"XS, BLACK",옷감도 나쁘지 않고 잘 입을것 같아요. 구김도 잘 안가는 소재입니다.,5.0,"{""사이즈"": ""적당함"", ""색상"": ""같음"", ""소재"": ""같음""}",[]
307394153,르세지엠,[한정특가] Basic Suede Long Skirt - KhakiBrown,https://www.wconcept.co.kr/Product/307394153,1,1,a-******,2026.09.13,M,가을 분위기 듬뿍나는 스커트에요. 멋스럽고 좋아요. 주머니 있는 옷을 좋아하는데.. 너무 딱이에요.,5.0,"{""사이즈"": ""적당함"", ""색상"": ""같음"", ""소재"": ""같음""}","[""https://media.wconcept.co.kr/review/307394153/307394153_1789281211736.jpeg?RS=300""]"
307394153,르세지엠,[한정특가] Basic Suede Long Skirt - KhakiBrown,https://www.wconcept.co.kr/Product/307394153,1,2,pc******,2026.09.13,M,스커트가 일단 편하네요 활동하기도 좋고~~약간 톡톡한 느낌이라 지금부터 입기 좋아요 요즘 요런 컬러에 스웨이드 재질 필수인데 착한 가격에 잘 구매한듯합니다 사이즈도 정사이즈 구매하면 여유있게 잘 맞을듯 하네요,5.0,"{""사이즈"": ""적당함"", ""색상"": ""같음"", ""소재"": ""같음""}","[""https://media.wconcept.co.kr/review/307394153/307394153_1789274804753.jpg?RS=300""]"
307394153,르세지엠,[한정특가] Basic Suede Long Skirt - KhakiBrown,https://www.wconcept.co.kr/Product/307394153,1,3,uk******,2026.09.13,M,도톰하고 이뻐요 가을에 스웨이드나 가죽에 입기 딱 좋을것 같아요,5.0,"{""사이즈"": ""적당함"", ""색상"": ""같음"", ""소재"": ""같음""}",[]
307394153,르세지엠,[한정특가] Basic Suede Long Skirt - KhakiBrown,https://www.wconcept.co.kr/Product/307394153,1,4,wc******,2026.09.12,M,소재가 너무 맘에 들어요. 이가격이라고 하니 다들 믿지 않음♡ 너무 이뻐요♡♡♡역쉬 w컨셉입니다!!,5.0,"{""사이즈"": ""큼"", ""색상"": ""같음"", ""소재"": ""같음""}","[""https://media.wconcept.co.kr/review/307394153/307394153_1789167248022.jpg?RS=300""]"
307394153,르세지엠,[한정특가] Basic Suede Long Skirt - KhakiBrown,https://www.wconcept.co.kr/Product/307394153,1,5,sl******,2026.09.11,S,배송빠르고 단추가 뒤에 달려있는게 조금 특이해요 H라인 스커트라 날씬해보이고 따뜻합니당,5.0,"{""사이즈"": ""적당함"", ""색상"": ""같음"", ""소재"": ""같음""}","[""https://media.wconcept.co.kr/review/307394153/307394153_1789125783295.jpeg?RS=300""]"
307394153,르세지엠,[한정특가] Basic Suede Long Skirt - KhakiBrown,https://www.wconcept.co.kr/Product/307394153,1,6,wc******,2026.09.10,S,색감 고급지고 넘 예뻐요 얼른 입고 나가고 싶어요 허린 살짝 커요,5.0,"{""사이즈"": ""큼"", ""색상"": ""비슷함"", ""소재"": ""비슷함""}","[""https://media.wconcept.co.kr/review/307394153/307394153_1789033015877.jpg?RS=300""]"
307394153,르세지엠,[한정특가] Basic Suede Long Skirt - KhakiBrown,https://www.wconcept.co.kr/Product/307394153,2,7,wc******,2026.09.09,M,재질이 탄탄하고 고급스럽고 예쁘네요. 도톰해서 겨울에도 잘 입을수있겠어요 사이즈도 딱이예요 ㅎ 뱃살이 좀 거슬리긴한데.. 잘 가려봐야죠 감사합니다,5.0,"{""사이즈"": ""적당함"", ""색상"": ""같음"", ""소재"": ""같음""}","[""https://media.wconcept.co.kr/review/307394153/307394153_1788938940908.jpg?RS=300""]"
307394153,르세지엠,[한정특가] Basic Suede Long Skirt - KhakiBrown,https://www.wconcept.co.kr/Product/307394153,2,8,gr******,2026.09.09,M,27편하게 입는데 잘 맞아요. 사고나서 할인해서 아쉽지만 가을에 잘 있을께요 .,5.0,"{""사이즈"": ""적당함"", ""색상"": ""같음"", ""소재"": ""같음""}","[""https://media.wconcept.co.kr/review/307394153/307394153_1788923941126.jpg?RS=300""]"
307394153,르세지엠,[한정특가] Basic Suede Long Skirt - KhakiBrown,https://www.wconcept.co.kr/Product/307394153,2,9,ny******,2026.09.09,S,소재 좋고 컬러도 이쁘고 일자핏으로 잘 입을것 같아요,5.0,"{""사이즈"": ""적당함"", ""색상"": ""같음"", ""소재"": ""같음""}","[""https://media.wconcept.co.kr/review/307394153/307394153_1788918144587.jpg?RS=300""]"
307394153,르세지엠,[한정특가] Basic Suede Long Skirt - KhakiBrown,https://www.wconcept.co.kr/Product/307394153,2,10,su******,2026.09.09,M,"살짝 크긴 한데, 겨울에 또 살 찔거니까 생각하며 그냥 입으려구요. 생각보다 더 도톰해서 아직은 좀 더울 거 같구요. 날씨가 좀 더 쌀쌀해지면 괜찮을 것 같아요. 길이, 색감 다 좋아요",5.0,"{""사이즈"": ""적당함"", ""색상"": ""같음"", ""소재"": ""같음""}",[]
307394153,르세지엠,[한정특가] Basic Suede Long Skirt - KhakiBrown,https://www.wconcept.co.kr/Product/307394153,2,11,en******,2026.09.08,S,좋은 가격에 구매했어요. 컬러도 길이감도 좋아요 가을에 딱 어울리는 분위기를 연출할수 있겠네요. 빨리 날씨가 선선해지면 좋겠어요,5.0,"{""사이즈"": ""적당함"", ""색상"": ""비슷함"", ""소재"": ""비슷함""}","[""https://media.wconcept.co.kr/review/307394153/307394153_1788875987055.jpg?RS=300""]"
307394153,르세지엠,[한정특가] Basic Suede Long Skirt - KhakiBrown,https://www.wconcept.co.kr/Product/307394153,2,12,ic******,2026.09.08,M,실물이 훨씬 예쁘고 사이즈도 딱 맞아서 마음에 들어요,5.0,"{""사이즈"": ""적당함"", ""색상"": ""같음"", ""소재"": ""같음""}",[]
307394153,르세지엠,[한정특가] Basic Suede Long Skirt - KhakiBrown,https://www.wconcept.co.kr/Product/307394153,3,13,fr******,2026.09.07,M,생각했던 색깔과 조금 다르네요 앞에 주름도 심하게 잡혀있는데 다림질하면 펴지겠죠 그래도 H라인 스커트 좋아해서 잘 입어질것 같아요,5.0,"{""사이즈"": ""적당함"", ""색상"": ""비슷함"", ""소재"": ""같음""}","[""https://media.wconcept.co.kr/review/307394153/307394153_1788756589603.jpg?RS=300""]"
307394153,르세지엠,[한정특가] Basic Suede Long Skirt - KhakiBrown,https://www.wconcept.co.kr/Product/307394153,3,14,tt******,2026.09.05,M,기본탬이라 컬러별로 가지고 있어도 될듯 합니다ㆍ 가격도 넘 착하구요,5.0,"{""사이즈"": ""적당함"", ""색상"": ""같음"", ""소재"": ""같음""}",[]
307394153,르세지엠,[한정특가] Basic Suede Long Skirt - KhakiBrown,https://www.wconcept.co.kr/Product/307394153,3,15,wc******,2026.09.04,M,제가 소재를 제대로 안봣나봐요. 소재는 벨벳이더라구요 그래서 환불할까하다가 걍 입습니당 옷은 이뽀서ㅎㅎ 근데 뒤에 지퍼쪽이좀 맘에 안들긴하지만 가디건 길게해서 가려야할듯요,4.0,"{""사이즈"": ""적당함"", ""색상"": ""비슷함"", ""소재"": ""비슷함""}",[]
307394153,르세지엠,[한정특가] Basic Suede Long Skirt - KhakiBrown,https://www.wconcept.co.kr/Product/307394153,3,16,li******,2026.09.04,S,고급스럽고 탄탄해요 키가 작은데 핏도 예쁘고 길이도 적당해서 잘 입을 것 같습니다.,5.0,"{""사이즈"": ""적당함"", ""색상"": ""같음"", ""소재"": ""같음""}","[""https://media.wconcept.co.kr/review/307394153/307394153_1788497039852.jpeg?RS=300""]"
307394153,르세지엠,[한정특가] Basic Suede Long Skirt - KhakiBrown,https://www.wconcept.co.kr/Product/307394153,3,17,yh******,2026.09.04,M,소재도 보드랍고 길이감도 적당합니다. 가을부터 초겨울까지 입을수있어요. 마감처리도 깔끔합니다.,5.0,"{""사이즈"": ""적당함"", ""색상"": ""같음"", ""소재"": ""같음""}",[]
307394153,르세지엠,[한정특가] Basic Suede Long Skirt - KhakiBrown,https://www.wconcept.co.kr/Product/307394153,3,18,sh******,2026.09.03,M,보기엔 스웨이드 같고 입으면 편해요. 리얼이 아니라 가격도 합리적이고 관리도 편할거 같아요,5.0,"{""사이즈"": ""적당함"", ""색상"": ""같음"", ""소재"": ""같음""}","[""https://media.wconcept.co.kr/review/307394153/307394153_1788436543657.jpg?RS=300""]"
308886929,틸아이다이,[단 하루!] H-line belt set skirt [TIFA05SK01]_Charcoal,https://www.wconcept.co.kr/Product/308886929,1,1,ma******,2026.09.12,CHARCOAL_M,허리가좀큰데 흘러내리면 골반에걸쳐져서 자동으로 로우와이즈가 완성되요;;ㅋㅋ 예뻐요,5.0,"{""사이즈"": ""적당함"", ""색상"": ""같음"", ""소재"": ""같음""}","[""https://media.wconcept.co.kr/review/308886929/308886929_1789180823546.jpeg?RS=300""]"
308886929,틸아이다이,[단 하루!] H-line belt set skirt [TIFA05SK01]_Charcoal,https://www.wconcept.co.kr/Product/308886929,1,2,wc******,2026.08.21,CHARCOAL_S,재질좋고 핏도 예쁘네요 164인데 기장감 딱 좋아요 간절기에 유용하겠어요 스트라이프 치마 사고 싶었는데 세일할때 잘 구매했어요,5.0,"{""사이즈"": ""적당함"", ""색상"": ""비슷함"", ""소재"": ""비슷함""}","[""https://media.wconcept.co.kr/review/308886929/308886929_1787317859209.jpg?RS=300""]"
308931527,엔젤삭스,ARKVE 미우 골지 면 여성 여자 패션 양말 SOCKS,https://www.wconcept.co.kr/Product/308931527,1,1,kn******,2026.09.13,07블랙,적당한 길이에 배송도 빠르게 왔고 로퍼랑 신기에 좋은것 같아요,5.0,{},"[""https://media.wconcept.co.kr/review/308931527/308931527_1789282216683.jpg?RS=300""]"
308931527,엔젤삭스,ARKVE 미우 골지 면 여성 여자 패션 양말 SOCKS,https://www.wconcept.co.kr/Product/308931527,1,2,hs******,2026.09.13,05브라운,좋아요 재구매합니다 흘러내리지도않고 쫀쫀하고 색도 이뻐요,5.0,{},[]
308931527,엔젤삭스,ARKVE 미우 골지 면 여성 여자 패션 양말 SOCKS,https://www.wconcept.co.kr/Product/308931527,1,3,su******,2026.09.13,05브라운,착 발에 감겨서 너무 편하고 좋아요 심지어 이쁩니다 잘 신을께요 가을 겨울을 겨냥해 좀 진한 색상으로 구매했어요~~~~,5.0,{},"[""https://media.wconcept.co.kr/review/308931527/308931527_1789261731656.jpg?RS=300""]"
308931527,엔젤삭스,ARKVE 미우 골지 면 여성 여자 패션 양말 SOCKS,https://www.wconcept.co.kr/Product/308931527,1,4,ji******,2026.09.13,04차콜,양말 깔끔한 디자인 쟁여두고 신을라구 구입했어요,5.0,{},[]
308931527,엔젤삭스,ARKVE 미우 골지 면 여성 여자 패션 양말 SOCKS,https://www.wconcept.co.kr/Product/308931527,1,5,ji******,2026.09.13,07블랙,양말 깔끔한 디자인 쟁여두고 신을라구 구입했어요,5.0,{},[]
308931527,엔젤삭스,ARKVE 미우 골지 면 여성 여자 패션 양말 SOCKS,https://www.wconcept.co.kr/Product/308931527,1,6,ji******,2026.09.13,02그레이,양말 깔끔한 디자인 쟁여두고 신을라구 구입했어요,5.0,{},[]
308931527,엔젤삭스,ARKVE 미우 골지 면 여성 여자 패션 양말 SOCKS,https://www.wconcept.co.kr/Product/308931527,2,7,wc******,2026.09.12,02그레이,짱짱하고 보기보다 이쁘네요 이곳저곳 다잘어울려요. 추가구매합니다,5.0,{},[]
308931527,엔젤삭스,ARKVE 미우 골지 면 여성 여자 패션 양말 SOCKS,https://www.wconcept.co.kr/Product/308931527,2,8,wj******,2026.09.12,07블랙,ㄱ가을용으로 구매했어요 발목도 짱찡하고 이쁩니다,5.0,{},[]
308931527,엔젤삭스,ARKVE 미우 골지 면 여성 여자 패션 양말 SOCKS,https://www.wconcept.co.kr/Product/308931527,2,9,wj******,2026.09.12,05브라운,가을용으로 대량 구매했어요 치마에 입으면 이쁩니다,5.0,{},[]
308931527,엔젤삭스,ARKVE 미우 골지 면 여성 여자 패션 양말 SOCKS,https://www.wconcept.co.kr/Product/308931527,2,10,wj******,2026.09.12,04차콜,가을용으로 대량 구매했어요 치마에 입으면 이쁩니다,5.0,{},[]
308931527,엔젤삭스,ARKVE 미우 골지 면 여성 여자 패션 양말 SOCKS,https://www.wconcept.co.kr/Product/308931527,2,11,wj******,2026.09.12,03오트밀,가을용으로 대량 구매했어요 치마에 입으면 이쁩니다,5.0,{},[]
308931527,엔젤삭스,ARKVE 미우 골지 면 여성 여자 패션 양말 SOCKS,https://www.wconcept.co.kr/Product/308931527,2,12,ia******,2026.09.11,07블랙,블랙은 등록된거랑 다른너낌임.. 글두 조아요 ㅋ,5.0,{},"[""https://media.wconcept.co.kr/review/308931527/308931527_1789121314965.jpg?RS=300""]"
308931527,엔젤삭스,ARKVE 미우 골지 면 여성 여자 패션 양말 SOCKS,https://www.wconcept.co.kr/Product/308931527,3,13,ia******,2026.09.11,05브라운,바배로 왔구요 천이 너어무 조아요 가성비 쫭입니당 야르,5.0,{},"[""https://media.wconcept.co.kr/review/308931527/308931527_1789121268560.jpg?RS=300""]"
308931527,엔젤삭스,ARKVE 미우 골지 면 여성 여자 패션 양말 SOCKS,https://www.wconcept.co.kr/Product/308931527,3,14,ia******,2026.09.11,04차콜,저렴하게 삿어요 아직 착용전이지만 소재랑 넘 좋아요,5.0,{},"[""https://media.wconcept.co.kr/review/308931527/308931527_1789122020100.jpg?RS=300""]"
308931527,엔젤삭스,ARKVE 미우 골지 면 여성 여자 패션 양말 SOCKS,https://www.wconcept.co.kr/Product/308931527,3,15,ia******,2026.09.11,02그레이,너어무 만족합니다 세일가에 저렴하게 삿어요 아직 착용전이지만 소재랑 넘 좋아요,5.0,{},"[""https://media.wconcept.co.kr/review/308931527/308931527_1789121093863.jpeg?RS=300""]"
308931527,엔젤삭스,ARKVE 미우 골지 면 여성 여자 패션 양말 SOCKS,https://www.wconcept.co.kr/Product/308931527,3,16,as******,2026.09.11,05브라운,발에 땀이 많아서 좀 얇은 양말 좋아하는데 딱이에요 발목조임도 없는편이라 종아리 알도 부각없어서 만족해요,5.0,{},"[""https://media.wconcept.co.kr/review/308931527/308931527_1789097193066.jpeg?RS=300""]"
308931527,엔젤삭스,ARKVE 미우 골지 면 여성 여자 패션 양말 SOCKS,https://www.wconcept.co.kr/Product/308931527,3,17,as******,2026.09.11,06아이보리,발에 땀이 많아서 좀 얇은 양말 좋아하는데 딱이에요 발목조임도 없는편이라 종아리 알도 부각없어서 만족해요,5.0,{},"[""https://media.wconcept.co.kr/review/308931527/308931527_1789097169652.jpeg?RS=300""]"
308931527,엔젤삭스,ARKVE 미우 골지 면 여성 여자 패션 양말 SOCKS,https://www.wconcept.co.kr/Product/308931527,3,18,as******,2026.09.11,07블랙,발에 땀이 많아서 좀 얇은 양말 좋아하는데 딱이에요 발목조임도 없는편이라 종아리 알도 부각없어서 만족해요,5.0,{},"[""https://media.wconcept.co.kr/review/308931527/308931527_1789097138759.jpeg?RS=300""]"
302199664,자빈드서울,[월간뷰티] 윙크 아이 쉐이드 프라이머 15종 택1,https://www.wconcept.co.kr/Product/302199664,1,1,wc******,2026.09.13,05 Pale Rose,잘 쓰고 있습니다 좋아요!! 단종 안됐으면 좋겠어요,5.0,"{""발색력"": ""좋음"", ""발림성"": ""좋음"", ""지속력"": ""좋음""}",[]
302199664,자빈드서울,[월간뷰티] 윙크 아이 쉐이드 프라이머 15종 택1,https://www.wconcept.co.kr/Product/302199664,1,2,wc******,2026.09.11,11 Fog Grey,화장품 까다로운 편인데 잘 쓰고 있습니다~~~,5.0,"{""발색력"": ""좋음"", ""발림성"": ""좋음"", ""지속력"": ""좋음""}",[]
302199664,자빈드서울,[월간뷰티] 윙크 아이 쉐이드 프라이머 15종 택1,https://www.wconcept.co.kr/Product/302199664,1,3,co******,2026.09.09,10 Pale Coral,핏 예쁘고 컬러 딱 좋고 자주 입게 될것같아요~~ 추천합니당~~~,5.0,"{""발색력"": ""좋음"", ""발림성"": ""좋음"", ""지속력"": ""좋음""}","[""https://media.wconcept.co.kr/review/302199664/302199664_1788944732196.jpeg?RS=300""]"
302199664,자빈드서울,[월간뷰티] 윙크 아이 쉐이드 프라이머 15종 택1,https://www.wconcept.co.kr/Product/302199664,1,4,wc******,2026.09.09,05 Pale Rose,잘 가려지고 좋아요 피부트러블도 안나고 잘씁니다,5.0,"{""발색력"": ""좋음"", ""발림성"": ""좋음"", ""지속력"": ""좋음""}",[]
302199664,자빈드서울,[월간뷰티] 윙크 아이 쉐이드 프라이머 15종 택1,https://www.wconcept.co.kr/Product/302199664,1,5,wc******,2026.09.09,05 Pale Rose,잘 가려지고 좋아요 피부트러블도 안나고 잘씁니다,5.0,"{""발색력"": ""좋음"", ""발림성"": ""좋음"", ""지속력"": ""좋음""}",[]
302199664,자빈드서울,[월간뷰티] 윙크 아이 쉐이드 프라이머 15종 택1,https://www.wconcept.co.kr/Product/302199664,1,6,wc******,2026.09.09,10 Pale Coral,잘 가려지고 좋아요 피부트러블도 안나고 잘씁니다,5.0,"{""발색력"": ""좋음"", ""발림성"": ""좋음"", ""지속력"": ""좋음""}",[]
302199664,자빈드서울,[월간뷰티] 윙크 아이 쉐이드 프라이머 15종 택1,https://www.wconcept.co.kr/Product/302199664,2,7,my******,2026.09.09,09 Blur Nude,베이스 칼러로 너무 좋아요 발림성도 좋고 유지력도 굿,5.0,"{""발색력"": ""좋음"", ""발림성"": ""좋음"", ""지속력"": ""좋음""}",[]
302199664,자빈드서울,[월간뷰티] 윙크 아이 쉐이드 프라이머 15종 택1,https://www.wconcept.co.kr/Product/302199664,2,8,dm******,2026.09.08,10 Pale Coral,확실히 크리즈가 덜하네요 섀도우 올라가는 발색도 다르고 착색이 드라마틱하게 커버되는건아닌데 사용안한것보단 나아요,5.0,"{""발색력"": ""좋음"", ""발림성"": ""좋음"", ""지속력"": ""좋음""}",[]
302199664,자빈드서울,[월간뷰티] 윙크 아이 쉐이드 프라이머 15종 택1,https://www.wconcept.co.kr/Product/302199664,2,9,gp******,2026.09.03,05 Pale Rose,색상도 무난하고 이쁩니다! 데일리용이고 진짜 손 잘가네요! 너무 좋아요,5.0,"{""발색력"": ""좋음"", ""발림성"": ""좋음"", ""지속력"": ""좋음""}",[]
302199664,자빈드서울,[월간뷰티] 윙크 아이 쉐이드 프라이머 15종 택1,https://www.wconcept.co.kr/Product/302199664,2,10,wc******,2026.09.01,05 Pale Rose,재재재구매 !! 친구추천으로 샀느데 좋군여!,5.0,"{""발색력"": ""좋음"", ""발림성"": ""좋음"", ""지속력"": ""좋음""}",[]
302199664,자빈드서울,[월간뷰티] 윙크 아이 쉐이드 프라이머 15종 택1,https://www.wconcept.co.kr/Product/302199664,2,11,jj******,2026.08.30,09 Blur Nude,n번째 쓰는 프라이머에요! 보통 프라이머는 무색인데 여기 브랜드 프라이머는 색이 들어가있어서 섀도우 하기전에 눈두덩이 색 밝혀주기도하고 프라이머용도로도 쓰고 일석이조에요!,5.0,"{""발색력"": ""좋음"", ""발림성"": ""보통"", ""지속력"": ""좋음""}","[""https://media.wconcept.co.kr/review/302199664/302199664_1788050815492.jpeg?RS=300""]"
302199664,자빈드서울,[월간뷰티] 윙크 아이 쉐이드 프라이머 15종 택1,https://www.wconcept.co.kr/Product/302199664,2,12,sy******,2026.08.29,10 Pale Coral,몇년동안 너무 잘 사용했는데 유통기한 지나서 재구매 했어요 아무리 써도 용량이 잘 안 줄어요 ㅋㅋ,5.0,"{""발색력"": ""좋음"", ""발림성"": ""좋음"", ""지속력"": ""좋음""}","[""https://media.wconcept.co.kr/review/302199664/302199664_1787930805386.jpg?RS=300""]"
302199664,자빈드서울,[월간뷰티] 윙크 아이 쉐이드 프라이머 15종 택1,https://www.wconcept.co.kr/Product/302199664,3,13,pr******,2026.08.25,04 Deep Coral,자연스러운 음영이.넣어짐 눈이 조금 들어가는듯,5.0,"{""발색력"": ""좋음"", ""발림성"": ""좋음"", ""지속력"": ""좋음""}","[""https://media.wconcept.co.kr/review/302199664/302199664_1787647225977.jpg?RS=300""]"
302199664,자빈드서울,[월간뷰티] 윙크 아이 쉐이드 프라이머 15종 택1,https://www.wconcept.co.kr/Product/302199664,3,14,pr******,2026.08.25,19 Mellow Ruby,술톤을 구현할 수 있게됨 어쨌거나 스킬있게 쓰면 될 듯 양을 아주아주 조금.발라서 풀고 다시 또 쓰고 그래야 할 듯,5.0,"{""발색력"": ""좋음"", ""발림성"": ""좋음"", ""지속력"": ""좋음""}","[""https://media.wconcept.co.kr/review/302199664/302199664_1787647172883.jpg?RS=300""]"
302199664,자빈드서울,[월간뷰티] 윙크 아이 쉐이드 프라이머 15종 택1,https://www.wconcept.co.kr/Product/302199664,3,15,pr******,2026.08.25,13 Dawn Mauve,상품 좋아서 다른 과감한 색들도 사모으는.중 그냥 조금 발라서 번지듯이 바르면 자연스러움 눈에.바른지 한 다섯시간 지나서 표가 안남 그만치 자연스러움,5.0,"{""발색력"": ""좋음"", ""발림성"": ""좋음"", ""지속력"": ""좋음""}","[""https://media.wconcept.co.kr/review/302199664/302199664_1787645361058.jpg?RS=300""]"
302199664,자빈드서울,[월간뷰티] 윙크 아이 쉐이드 프라이머 15종 택1,https://www.wconcept.co.kr/Product/302199664,3,16,pr******,2026.08.25,05 Pale Rose,던모브랑 페일핑크랑 샀는데 둘다 눈에 그냥 맨눈에 발라도 착붙이고 피부 톤만 밝아짐 신기방기 바르고 한 네다섯 시간 지나서 지금.표가 거의 안나는데 처음 화장하면 투명함,5.0,"{""발색력"": ""좋음"", ""발림성"": ""좋음"", ""지속력"": ""좋음""}","[""https://media.wconcept.co.kr/review/302199664/302199664_1787645286276.jpg?RS=300""]"
302199664,자빈드서울,[월간뷰티] 윙크 아이 쉐이드 프라이머 15종 택1,https://www.wconcept.co.kr/Product/302199664,3,17,wc******,2026.08.25,05 Pale Rose,전체적으로 제품 퀄리티가 만족스럽습니다..,5.0,"{""발색력"": ""좋음"", ""발림성"": ""좋음"", ""지속력"": ""좋음""}",[]
302199664,자빈드서울,[월간뷰티] 윙크 아이 쉐이드 프라이머 15종 택1,https://www.wconcept.co.kr/Product/302199664,3,18,wc******,2026.08.25,05 Pale Rose,만족스럽고 부담 없이 데일리로 사용하기 좋아요.,5.0,"{""발색력"": ""좋음"", ""발림성"": ""좋음"", ""지속력"": ""좋음""}",[]
308284404,무니드,[단 하루!30%쿠폰] LEATHER BLOUSON JUMPER - BLACK,https://www.wconcept.co.kr/Product/308284404,1,1,bl******,2026.09.12,BLACK O.S,소재도 부드럽고 가벼워서 자주 입을 것 같아요! 디자인도 예뻐요 :),5.0,"{""사이즈"": ""적당함"", ""색상"": ""같음"", ""소재"": ""같음""}","[""https://media.wconcept.co.kr/review/308284404/308284404_1789141278694.jpeg?RS=300""]"
308284404,무니드,[단 하루!30%쿠폰] LEATHER BLOUSON JUMPER - BLACK,https://www.wconcept.co.kr/Product/308284404,1,2,mu******,2026.09.10,BLACK O.S,오버핏으로 실물이 더예뻐요~~원단도 너무 부드럽고 가벼워요~~멋있게 잘입을게요~~,5.0,"{""사이즈"": ""적당함"", ""색상"": ""같음"", ""소재"": ""같음""}",[]
308284404,무니드,[단 하루!30%쿠폰] LEATHER BLOUSON JUMPER - BLACK,https://www.wconcept.co.kr/Product/308284404,1,3,wc******,2026.09.10,BLACK O.S,올해이런스타일옷이유행인듯 사고싶었는데좋은가격으로멋스럽게입을것같아요 이쁜옷팔아주셔서감사합니다,5.0,"{""사이즈"": ""적당함"", ""색상"": ""같음"", ""소재"": ""같음""}","[""https://media.wconcept.co.kr/review/308284404/308284404_1789014630175.jpg?RS=300""]"
308284404,무니드,[단 하루!30%쿠폰] LEATHER BLOUSON JUMPER - BLACK,https://www.wconcept.co.kr/Product/308284404,1,4,ke******,2026.09.05,BLACK O.S,디자인도 좋고 예쁘고 질감도좋아서 넘 맘에 들어요 .,5.0,"{""사이즈"": ""적당함"", ""색상"": ""같음"", ""소재"": ""같음""}","[""https://media.wconcept.co.kr/review/308284404/308284404_1788596080109.jpg?RS=300""]"
308284404,무니드,[단 하루!30%쿠폰] LEATHER BLOUSON JUMPER - BLACK,https://www.wconcept.co.kr/Product/308284404,1,5,wc******,2026.09.05,BLACK O.S,부드럽고 가벼워요! 생각보다 많이 크거나 길지 않았어요 너무 마음에 들어요~!,5.0,"{""사이즈"": ""적당함"", ""색상"": ""같음"", ""소재"": ""같음""}","[""https://media.wconcept.co.kr/review/308284404/308284404_1788573827231.jpeg?RS=300""]"
308284404,무니드,[단 하루!30%쿠폰] LEATHER BLOUSON JUMPER - BLACK,https://www.wconcept.co.kr/Product/308284404,1,6,sn******,2026.09.04,BLACK O.S,일단 너무 가볍고 부드러워요 사아즈넉넉해서 레이어드하기에도 좋아요 가을이 기다려집니다,5.0,"{""사이즈"": ""적당함"", ""색상"": ""같음"", ""소재"": ""같음""}",[]
308284404,무니드,[단 하루!30%쿠폰] LEATHER BLOUSON JUMPER - BLACK,https://www.wconcept.co.kr/Product/308284404,2,7,97******,2026.09.04,BLACK O.S,소재 완전 부들부들해서 좋고 핏이 너무 예쁩니다🩶 날씨가 언능 추워져서 입고 다니고파요~,5.0,"{""사이즈"": ""큼"", ""색상"": ""같음"", ""소재"": ""같음""}","[""https://media.wconcept.co.kr/review/308284404/308284404_1788447858739.jpeg?RS=300""]"
308284404,무니드,[단 하루!30%쿠폰] LEATHER BLOUSON JUMPER - BLACK,https://www.wconcept.co.kr/Product/308284404,2,8,he******,2026.09.03,BLACK O.S,이거 고민 많이 하다가 샀는데요.왜 고민했을까요.넘 이뻐요.소재도 부드럽고 핏도 예쁘고 좋네요.55.66다 맞구요.77도 가능할지도.무니드 제품 처음 사보는데 신뢰도 팍팍 올라갑니다.같이 산 바지도 괜찮네요.,5.0,"{""사이즈"": ""큼"", ""색상"": ""비슷함"", ""소재"": ""비슷함""}","[""https://media.wconcept.co.kr/review/308284404/308284404_1788426838632.jpg?RS=300""]"
308284404,무니드,[단 하루!30%쿠폰] LEATHER BLOUSON JUMPER - BLACK,https://www.wconcept.co.kr/Product/308284404,2,9,ch******,2026.09.03,BLACK O.S,생각보다 이뻐서 소리지름 ㅎㅎ 정말 가볍고 디테일도 넘나 이쁜거 ㅎ 올해 산 옷중에 가장마음에 들어요 날씨 빨리 서늘해졌으면 좋겠네요 일본여행갈때 입고 가야지 ㄹㄹㅎ,5.0,"{""사이즈"": ""적당함"", ""색상"": ""같음"", ""소재"": ""같음""}","[""https://media.wconcept.co.kr/review/308284404/308284404_1788419420291.jpg?RS=300""]"
308284404,무니드,[단 하루!30%쿠폰] LEATHER BLOUSON JUMPER - BLACK,https://www.wconcept.co.kr/Product/308284404,2,10,ju******,2026.09.03,BLACK O.S,일단 너무 가벼워서 좋음. 적당한 오버사이즈로 간절기마다 입기 좋을템. 배송도 빠름. 가죽결이 있어서 비싸보임. 냄새는 좀 나서 빼는중요.,5.0,"{""사이즈"": ""적당함"", ""색상"": ""같음"", ""소재"": ""같음""}","[""https://media.wconcept.co.kr/review/308284404/308284404_1788362244395.jpg?RS=300""]"
308284404,무니드,[단 하루!30%쿠폰] LEATHER BLOUSON JUMPER - BLACK,https://www.wconcept.co.kr/Product/308284404,2,11,pg******,2026.09.02,BLACK O.S,"잠옷주의 * 키 162에 팔 짧은편 아닌데 소매 여유있구 적당한 오버사이즈 입니다 택배받자마자 되게 가벼워서 놀랐고 부들부들하게 양가죽느낌 낸거같아요 근데 너무 부드러워서 손톱에 긁히거나 하면 찢어질까봐 주의해야할듯오 그리고 고가 의류는 아니지만 그래도 안주머니 정도는 만들어 주셨으면 좋았지 않을까 하는 아쉬움이 있습니다,,,그래도 핏 괜찮아서 품어요",5.0,"{""사이즈"": ""적당함"", ""색상"": ""같음"", ""소재"": ""비슷함""}","[""https://media.wconcept.co.kr/review/308284404/308284404_1788311773170.jpeg?RS=300""]"
308284404,무니드,[단 하루!30%쿠폰] LEATHER BLOUSON JUMPER - BLACK,https://www.wconcept.co.kr/Product/308284404,2,12,so******,2026.09.02,BLACK O.S,마음에들어요 ㅎ 광택이 좀 잇는편이고 사이드는 오버핏 적당한 크랙. 리얼레더느낌을 내려고 노력한듯 재질은 엄청부드러운편,5.0,"{""사이즈"": ""큼"", ""색상"": ""같음"", ""소재"": ""같음""}","[""https://media.wconcept.co.kr/review/308284404/308284404_1788309506869.jpeg?RS=300""]"
308284404,무니드,[단 하루!30%쿠폰] LEATHER BLOUSON JUMPER - BLACK,https://www.wconcept.co.kr/Product/308284404,3,13,ra******,2026.09.01,BLACK O.S,스웨이드자켓이랑 디자인이 같아요~~ 가볍고 부드럽고 디자인이 딱 이고 근데 절개된부분 팔안쪽 안감을 뚫고 까실거려서 반팔엔 가끔씩 따끔거리네요.. 제 제품만 이런건지. .,5.0,"{""사이즈"": ""적당함"", ""색상"": ""같음"", ""소재"": ""같음""}","[""https://media.wconcept.co.kr/review/308284404/308284404_1788269579967.jpg?RS=300""]"
308284404,무니드,[단 하루!30%쿠폰] LEATHER BLOUSON JUMPER - BLACK,https://www.wconcept.co.kr/Product/308284404,3,14,pu******,2026.09.01,BLACK O.S,아주 부드럽고 얇아서 싼티안나요 핏도 너무이뻐요,5.0,"{""사이즈"": ""큼"", ""색상"": ""같음"", ""소재"": ""같음""}","[""https://media.wconcept.co.kr/review/308284404/308284404_1788241047940.jpg?RS=300""]"
308284404,무니드,[단 하루!30%쿠폰] LEATHER BLOUSON JUMPER - BLACK,https://www.wconcept.co.kr/Product/308284404,3,15,rm******,2026.08.30,BLACK O.S,편하고 가볍고 맘에 들어요 너무 오버핏이 아니라서 좋습니다,5.0,"{""사이즈"": ""적당함"", ""색상"": ""같음"", ""소재"": ""같음""}",[]
308284404,무니드,[단 하루!30%쿠폰] LEATHER BLOUSON JUMPER - BLACK,https://www.wconcept.co.kr/Product/308284404,3,16,ho******,2026.08.28,BLACK O.S,오 진짜 예뻐요 심플한데 심심하지 않아요 소재 덕인지 옷이 정말 가볍네요 안주머니는 없지만 그래서 더 핏이 깔끔한 거 같아요 광택이 좀 과한가 싶기는 한데 디자인이 심플해서 괜찮은 거 같아요 사이즈는 정사이즈보다 약간 오버한 느낌이고 충전재가 좀 있는지 살짝 부피감이 느껴지는데 딱 가을 환절기 용으로 두께감 있는 건 아니에요 냄새가 좀 나고 옷 겉에 씌인 비닐이 재활용인지 옷이 반품 상품이었는지 입구 부분이 좀 찢어져 있어서 좀 기분 상했었는데 막상 입어보니 너무 만족합니다 추천합니다,5.0,"{""사이즈"": ""적당함"", ""색상"": ""같음"", ""소재"": ""같음""}","[""https://media.wconcept.co.kr/review/308284404/thumbnail/10921354_308284404_1787911384396.jpg?RS=300"", ""https://media.wconcept.co.kr/review/308284404/308284404_1787911420421.jpeg?RS=300"", ""https://media.wconcept.co.kr/review/308284404/308284404_1787911384216.jpeg?RS=300""]"
308284404,무니드,[단 하루!30%쿠폰] LEATHER BLOUSON JUMPER - BLACK,https://www.wconcept.co.kr/Product/308284404,3,17,pu******,2026.08.28,BLACK O.S,상세페이지랑 똑같고 실제로 보면 더 이쁘고 맘에들어요 굿,5.0,"{""사이즈"": ""적당함"", ""색상"": ""같음"", ""소재"": ""같음""}",[]
308284404,무니드,[단 하루!30%쿠폰] LEATHER BLOUSON JUMPER - BLACK,https://www.wconcept.co.kr/Product/308284404,3,18,ga******,2026.08.26,BLACK O.S,가볍고 스타일 좋고 냄새 거의 안나고 질감도 좋고 리뷰가 좋은 이유가 있습니다. 비싸서 고민하다가 샀는데 몇만원 더 줄 가치가 있어요. 66사이즈인데 적당히 오버핏입니다.,5.0,"{""사이즈"": ""큼"", ""색상"": ""같음"", ""소재"": ""같음""}",[]
308897840,더라우스트,"[문경, 주미니 PI] 투웨이 버튼 가디건 PURPLE",https://www.wconcept.co.kr/Product/308897840,1,1,km******,2026.09.13,F,"퍼플 컬러가 너무 쨍하지 않고 분위기 있는 색감이라 실제로 입었을 때 더 예뻐요!! 화이트 스커트와 함께 입으니 포인트가 되면서도 부담스럽지 않았고, 바지랑도 잘어울리더라구요 핏도 적당히 슬림해서 깔끔해 보였구 단독으로 입어도 좋고 가볍게 걸치기에도 좋아서 요즘처럼 일교차가 있는 날 자주 손이 갈 것 같아요 !!",5.0,"{""사이즈"": ""적당함"", ""색상"": ""같음"", ""소재"": ""같음""}","[""https://media.wconcept.co.kr/review/308897840/308897840_1789302854045.jpeg?RS=300"", ""https://media.wconcept.co.kr/review/308897840/308897840_1789302853957.jpeg?RS=300"", ""https://media.wconcept.co.kr/review/308897840/308897840_1789302853872.jpeg?RS=300""]"
308897840,더라우스트,"[문경, 주미니 PI] 투웨이 버튼 가디건 PURPLE",https://www.wconcept.co.kr/Product/308897840,1,2,ye******,2026.09.13,F,색깔이 쨍하게 넘 예뻐요 사진이랑 똑같아요~빨리 쫌만 더 추워지면 좋겠네오,5.0,"{""사이즈"": ""적당함"", ""색상"": ""같음"", ""소재"": ""같음""}","[""https://media.wconcept.co.kr/review/308897840/308897840_1789299482181.jpg?RS=300""]"
308897840,더라우스트,"[문경, 주미니 PI] 투웨이 버튼 가디건 PURPLE",https://www.wconcept.co.kr/Product/308897840,1,3,am******,2026.09.13,F,핏 좋고 컬러 무난하고 이쁜 보라색입니다 휘뚜루마뚜루 걸치기 좋은 소재인 것같아요 핏이 저한테 잘 맞아서 다른 컬러도 구매 고민 중!!!!,5.0,"{""사이즈"": ""적당함"", ""색상"": ""같음"", ""소재"": ""같음""}",[]
308897840,더라우스트,"[문경, 주미니 PI] 투웨이 버튼 가디건 PURPLE",https://www.wconcept.co.kr/Product/308897840,1,4,sl******,2026.09.13,F,소대 괜찮고 무엇보다 색김이 예뻐요 보라돌인데 딱 맘에 듭니다,5.0,"{""사이즈"": ""적당함"", ""색상"": ""같음"", ""소재"": ""같음""}","[""https://media.wconcept.co.kr/review/308897840/308897840_1789269922811.jpeg?RS=300""]"
308897840,더라우스트,"[문경, 주미니 PI] 투웨이 버튼 가디건 PURPLE",https://www.wconcept.co.kr/Product/308897840,1,5,Ky******,2026.09.12,F,무채색인간인데 컬러 포인트로 보라색 구매했어요~ 무채색이랑 잘 어울리는 보라컬러고 소재 쫀쫀해서 지금부터 입기 좋을 듯합니다 164키에 기장 사이즈 딱좋아요,5.0,"{""사이즈"": ""적당함"", ""색상"": ""같음"", ""소재"": ""같음""}",[]
308897840,더라우스트,"[문경, 주미니 PI] 투웨이 버튼 가디건 PURPLE",https://www.wconcept.co.kr/Product/308897840,1,6,al******,2026.09.12,F,늦게 와서 좀 기다렸는데 색상 이쁘네요 품도 적당하고 이뻐요 다만 오픈했더니 두번째 단추구멍이 너무 벌어져있고 바느질이 엉망이라 좀 거슬려요 보풀만 빨리 안일어나면 좋을듯,4.0,"{""사이즈"": ""적당함"", ""색상"": ""비슷함"", ""소재"": ""비슷함""}","[""https://media.wconcept.co.kr/review/308897840/308897840_1789207517966.jpg?RS=300""]"
308897840,더라우스트,"[문경, 주미니 PI] 투웨이 버튼 가디건 PURPLE",https://www.wconcept.co.kr/Product/308897840,2,7,hj******,2026.09.12,F,화면보다 보랏빛이 강해요. 독특한 색감이네요. 맘에 들어요. 근데 얼굴이 환해 보이지는 않아요. 적당히 핏되서 좋아요. 마감처리도 깔끔한 편이에요. 지금 입기엔 덥겠고 좀 서늘해지면 꺼내 입어야 겠어요. 데일리로 편하게 입기에 좋아요.,5.0,"{""사이즈"": ""적당함"", ""색상"": ""비슷함"", ""소재"": ""같음""}","[""https://media.wconcept.co.kr/review/308897840/308897840_1789183921911.jpg?RS=300""]"
308897840,더라우스트,"[문경, 주미니 PI] 투웨이 버튼 가디건 PURPLE",https://www.wconcept.co.kr/Product/308897840,2,8,wc******,2026.09.11,F,더 라우스트 첫 구매했어요~우연히 라방보다가 할인 혜택도 받았네요 ㅎㅎ가을에 딱 어울리는 컬러 투웨이 디자인이라 더 맘에 들더라고요 소재도 부드럽고 마음에 드네요,5.0,"{""사이즈"": ""적당함"", ""색상"": ""같음"", ""소재"": ""같음""}","[""https://media.wconcept.co.kr/review/308897840/308897840_1789107610616.jpeg?RS=300""]"
308897840,더라우스트,"[문경, 주미니 PI] 투웨이 버튼 가디건 PURPLE",https://www.wconcept.co.kr/Product/308897840,2,9,ln******,2026.09.09,F,역시 좋아요편하고 이쁘네요 많이파세요~~~~,5.0,"{""사이즈"": ""적당함"", ""색상"": ""같음"", ""소재"": ""같음""}",[]
308897840,더라우스트,"[문경, 주미니 PI] 투웨이 버튼 가디건 PURPLE",https://www.wconcept.co.kr/Product/308897840,2,10,vl******,2026.09.08,F,"보라색 컬러가 실물로 보니까 훨씬 예뻐요! 라운드넥 디자인이라 단정하고, 단추를 다 잠그거나 풀어서 가디건처럼 걸치기도 좋습니다. 짜임도 촘촘하고 부드러운 소재라 피부 자극 없이 편안하게 입기 딱이에요. 포인트 가디건으로 데일리하게 자주 활용할 것 같습니다. 만족스럽네요!",5.0,"{""사이즈"": ""적당함"", ""색상"": ""같음"", ""소재"": ""같음""}","[""https://media.wconcept.co.kr/review/308897840/308897840_1788856506086.jpeg?RS=300""]"
308897840,더라우스트,"[문경, 주미니 PI] 투웨이 버튼 가디건 PURPLE",https://www.wconcept.co.kr/Product/308897840,2,11,wc******,2026.09.07,F,"색감이 정말 예쁜 가디건이에요 퍼플 컬러가 너무 쨍하거나 부담스러운 보라색이 아니라 은은하면서도 포인트가 되어 데일리로 입기 좋았어요 기본 가디건처럼 단정하게 입을 수도 있고, 버튼을 활용해서 분위기를 다르게 연출할 수 있는 투웨이 디자인이라 활용도가 높은 점도 마음에 드네요 단독으로 입어도 예쁘고 안에 이너를 받쳐 입어도 잘 어울려서 계절에 따라 다양하게 코디할 수 있을 것 같아요~~ 과하게 부해 보이지 않으면서 자연스럽게 떨어져서 편하게 입기 좋았고, 손이 자주 갈 것 같아요!ㅎㅎ",5.0,"{""사이즈"": ""적당함"", ""색상"": ""같음"", ""소재"": ""같음""}","[""https://media.wconcept.co.kr/review/308897840/308897840_1788770698542.jpeg?RS=300"", ""https://media.wconcept.co.kr/review/308897840/308897840_1788770698489.jpeg?RS=300"", ""https://media.wconcept.co.kr/review/308897840/308897840_1788770698396.jpeg?RS=300""]"
308897840,더라우스트,"[문경, 주미니 PI] 투웨이 버튼 가디건 PURPLE",https://www.wconcept.co.kr/Product/308897840,2,12,so******,2026.09.07,F,가을에 보라색이 유행하기에 사봤어요. 톤다운되고 깊은 느낌의 색감이라서 단정하니 예쁘네요.,5.0,"{""사이즈"": ""적당함"", ""색상"": ""같음"", ""소재"": ""같음""}",[]
308897840,더라우스트,"[문경, 주미니 PI] 투웨이 버튼 가디건 PURPLE",https://www.wconcept.co.kr/Product/308897840,3,13,ya******,2026.09.07,F,색너무 예뻐요 웜톤 쿨톤 다될것 같은 톤다운 퍼플이예요 되게 잘입을것 같아요~~~ 다만 질은 조금 아쉽긴해요,5.0,"{""사이즈"": ""적당함"", ""색상"": ""같음"", ""소재"": ""비슷함""}",[]
308897840,더라우스트,"[문경, 주미니 PI] 투웨이 버튼 가디건 PURPLE",https://www.wconcept.co.kr/Product/308897840,3,14,tj******,2026.09.06,F,보라랑 검정 중에 많이 고민하다가 이번 유행 색깔이 보라나고 해서 구매해봤어요! 허리 라인 잡아줘서 너무 좋고 다만 제가 진짜 피부가 예매해서 까슬한거 못 입는 편인데 후기가 보들하다고 해서 기대했는데 완전 보들한건 아니고 맨살에 입으면 좀 까스럽기는해요,5.0,"{""사이즈"": ""적당함"", ""색상"": ""같음"", ""소재"": ""같음""}","[""https://media.wconcept.co.kr/review/308897840/308897840_1788668886281.jpg?RS=300""]"
308897840,더라우스트,"[문경, 주미니 PI] 투웨이 버튼 가디건 PURPLE",https://www.wconcept.co.kr/Product/308897840,3,15,Oh******,2026.09.04,F,상체가 좀 있는 편인데 착용감 편하고 좋아요👍 데일리룩으로 딱입니다,5.0,"{""사이즈"": ""적당함"", ""색상"": ""같음"", ""소재"": ""같음""}",[]
308897840,더라우스트,"[문경, 주미니 PI] 투웨이 버튼 가디건 PURPLE",https://www.wconcept.co.kr/Product/308897840,3,16,il******,2026.09.04,F,예뻐요. 사실 약간 버건디 컬러일까 생각했지만 보라색 컬러에 훨씬 가깝고 딥한 색상인데 너무 예뻐요. 선명한 색이라 얼굴도 살고 가을에 딱 맞는 컬러네요. 여러모로 잘 코디 할듯요 게다가 보들보들 촉감도 좋아요,5.0,"{""사이즈"": ""적당함"", ""색상"": ""같음"", ""소재"": ""같음""}","[""https://media.wconcept.co.kr/review/308897840/308897840_1788513242936.jpg?RS=300""]"
308897840,더라우스트,"[문경, 주미니 PI] 투웨이 버튼 가디건 PURPLE",https://www.wconcept.co.kr/Product/308897840,3,17,hy******,2026.09.04,F,"퍼플 컬러 가디건은 처음엔 살짝 튀지 않을까 했는데 막상 입어보니 생각보다 코디가 너무 예쁘더라고요💜 버튼을 어디까지 잠그느냐에 따라 분위기도 달라지고, 셔츠에 숄처럼 걸쳐입어도 너무 마음에 들더라구요ㅎ 저는 기본 흰 셔츠에 데님 팬츠랑 매치했는데 컬러 포인트가 딱 살아서 심심하지 않았어요. 핏도 부담스럽지 않고 요즘 날씨에 가볍게 걸치기 좋아서 데일리로 잘 입고 있습니다",5.0,"{""사이즈"": ""적당함"", ""색상"": ""같음"", ""소재"": ""같음""}","[""https://media.wconcept.co.kr/review/308897840/308897840_1788489575121.jpg?RS=300"", ""https://media.wconcept.co.kr/review/308897840/308897840_1788489575068.jpg?RS=300"", ""https://media.wconcept.co.kr/review/308897840/308897840_1788489574978.jpg?RS=300""]"
308897840,더라우스트,"[문경, 주미니 PI] 투웨이 버튼 가디건 PURPLE",https://www.wconcept.co.kr/Product/308897840,3,18,ji******,2026.09.04,F,색감 너무 이쁘구 피부 예민한편인디 부드러워요!!얼른 날씨 선선해지면 입고 나가고싶어용,5.0,"{""사이즈"": ""적당함"", ""색상"": ""같음"", ""소재"": ""같음""}","[""https://media.wconcept.co.kr/review/308897840/308897840_1788473212251.jpeg?RS=300""]"
308837868,마인드브릿지 우먼,"[주미니pick] [단독] 레이어드 나시 카라 가디건 세트_2colors / 브라운,라이트 그레이",https://www.wconcept.co.kr/Product/308837868,1,1,my******,2026.09.13,라이트 그레이_00M,"평소 상의 55(s)사이즈 입으나, 모델핏 보니 작을거 같아서 m사이즈 구매햇더니 어깨선도 잘맞고 이뻐요~ 소재도 부들부들하니 너무 맘에 들어요 그레이.브라운 고민했엇는데 브라운도 구매할까봐요~",5.0,"{""사이즈"": ""적당함"", ""색상"": ""같음"", ""소재"": ""같음""}","[""https://media.wconcept.co.kr/review/308837868/308837868_1789302665007.jpg?RS=300"", ""https://media.wconcept.co.kr/review/308837868/308837868_1789302664896.jpg?RS=300""]"
308837868,마인드브릿지 우먼,"[주미니pick] [단독] 레이어드 나시 카라 가디건 세트_2colors / 브라운,라이트 그레이",https://www.wconcept.co.kr/Product/308837868,1,2,wc******,2026.09.11,라이트 그레이_00S,너무 마음에 들어요. 일단 소재가 엄청엄청 좋고 라인도 예쁘게 빠졌습니다. 가디건만 따로 입어도 예뻐요.,5.0,"{""사이즈"": ""적당함"", ""색상"": ""같음"", ""소재"": ""같음""}","[""https://media.wconcept.co.kr/review/308837868/308837868_1789118272639.jpg?RS=300""]"
308893291,엘리자베스 스튜어트,[30%쿠폰] [한소진 PICK] 미뇽 발레 제니 펌프스 EBAL165513,https://www.wconcept.co.kr/Product/308893291,1,1,kk******,2026.09.13,레드_235,디자인 너무 사진 그대로 예쁘고 어느 착장에나 포인트 확실하고요 무엇보다 소재가 너무 부드러워서 맨발에도 괜찮아요,5.0,"{""사이즈"": ""적당함"", ""색상"": ""같음"", ""발볼"": ""적당함""}",[]
308893291,엘리자베스 스튜어트,[30%쿠폰] [한소진 PICK] 미뇽 발레 제니 펌프스 EBAL165513,https://www.wconcept.co.kr/Product/308893291,1,2,bp******,2026.09.11,블랙_245,평소에 닥터마틴 240 운동화 240-245 신어서 245 선택했는데 240했으면 작았을 것 같아여! 굽도 별로 안 높아서 편하고 사이즈도 딱이에용,5.0,"{""사이즈"": ""적당함"", ""색상"": ""같음"", ""발볼"": ""적당함""}","[""https://media.wconcept.co.kr/review/308893291/308893291_1789113844894.jpeg?RS=300""]"
308893291,엘리자베스 스튜어트,[30%쿠폰] [한소진 PICK] 미뇽 발레 제니 펌프스 EBAL165513,https://www.wconcept.co.kr/Product/308893291,1,3,di******,2026.09.10,블랙_245,신다보면 늘어날 거 같은데 정사이즈 하면 될거 같아요.,5.0,"{""사이즈"": ""적당함"", ""색상"": ""같음"", ""발볼"": ""적당함""}","[""https://media.wconcept.co.kr/review/308893291/308893291_1789021227795.jpeg?RS=300""]"
308893291,엘리자베스 스튜어트,[30%쿠폰] [한소진 PICK] 미뇽 발레 제니 펌프스 EBAL165513,https://www.wconcept.co.kr/Product/308893291,1,4,f0******,2026.09.02,레드_250,요즘 많이 보이는 제니 펌프스 스타일이라 보자마자 눈에 들어왔어요! 딥한 레드 컬러가 더해져서 신었을 때 확실히 포인트가 되네요ㅎㅎ 컬러가 생각보다 부담스럽지 않아서 너무 좋습니다! 요즘 유행하는 제니 펌프스 무드에 편한 착화감 찾으셨다면 완전 강추합니다~! 발볼 있으신 분들은 반업 하셔도 좋을 것 같아요!,5.0,"{""사이즈"": ""적당함"", ""색상"": ""같음"", ""발볼"": ""적당함""}","[""https://media.wconcept.co.kr/review/308893291/308893291_1788321388790.jpg?RS=300"", ""https://media.wconcept.co.kr/review/308893291/308893291_1788321388681.jpg?RS=300""]"
308893291,엘리자베스 스튜어트,[30%쿠폰] [한소진 PICK] 미뇽 발레 제니 펌프스 EBAL165513,https://www.wconcept.co.kr/Product/308893291,1,5,mr******,2026.09.02,블랙_240,더블유컨셉에서 샀던 신발 중에 제 최애가 되어버렸어요 플랫 처돌이라 진짜 많이 가지고 있는데 역대급으로 이쁘고 편해요 플랫이라고 하기보단 굽이 있어서 다리 길어보이는게 미쳤고 쿠션감 너무 좋아서 그냥 신고 전국일주 가능ㅋ 사이즈는 235-240 신는데 240사니까 딱 좋아요 진짜 나만 신고 싶다요,5.0,"{""사이즈"": ""적당함"", ""색상"": ""같음"", ""발볼"": ""적당함""}","[""https://media.wconcept.co.kr/review/308893291/308893291_1788320639266.jpeg?RS=300"", ""https://media.wconcept.co.kr/review/308893291/308893291_1788320639183.jpeg?RS=300"", ""https://media.wconcept.co.kr/review/308893291/308893291_1788320638993.jpeg?RS=300""]"
308833692,메무아,[30%쿠폰] 에끌로 새틴 레이스 블라우스,https://www.wconcept.co.kr/Product/308833692,1,1,o7******,2026.09.13,브라운_M,리뷰처럼 생각보다 어마하게 두꺼운 재질이여서 지금 입으면 더울거같아요,5.0,"{""사이즈"": ""적당함"", ""색상"": ""비슷함"", ""소재"": ""비슷함""}","[""https://media.wconcept.co.kr/review/308833692/308833692_1789285197826.jpg?RS=300""]"
308833692,메무아,[30%쿠폰] 에끌로 새틴 레이스 블라우스,https://www.wconcept.co.kr/Product/308833692,1,2,wl******,2026.09.13,클라우드그레이_S,이뻐요. 오늘당장 입고 착샷남김. 다들이쁘다고 해줘요,5.0,"{""사이즈"": ""적당함"", ""색상"": ""비슷함"", ""소재"": ""같음""}","[""https://media.wconcept.co.kr/review/308833692/308833692_1789279355127.jpeg?RS=300""]"
308833692,메무아,[30%쿠폰] 에끌로 새틴 레이스 블라우스,https://www.wconcept.co.kr/Product/308833692,1,3,ne******,2026.09.12,클라우드그레이_S,예뻐요 근데 올이하나나가있네요 택배포장비닐을 이미 뜯어버려서 교환은 못하네요 검수잘해야될거같아요,5.0,"{""사이즈"": ""적당함"", ""색상"": ""같음"", ""소재"": ""같음""}","[""https://media.wconcept.co.kr/review/308833692/308833692_1789217156892.jpg?RS=300""]"
308833692,메무아,[30%쿠폰] 에끌로 새틴 레이스 블라우스,https://www.wconcept.co.kr/Product/308833692,1,4,wc******,2026.09.12,클라우드그레이_S,니트랑 세트로 예뻐보여서 세트로 구매했어요~ 크긴한데 이너로 입을꺼니까 하의에따라 분위기있게 입을수있을듯~,5.0,"{""사이즈"": ""큼"", ""색상"": ""같음"", ""소재"": ""같음""}","[""https://media.wconcept.co.kr/review/308833692/308833692_1789211545854.jpg?RS=300""]"
308833692,메무아,[30%쿠폰] 에끌로 새틴 레이스 블라우스,https://www.wconcept.co.kr/Product/308833692,1,5,wo******,2026.09.12,클라우드그레이_S,낙낙하게 옆트임이 있어 입고 벗기 편해요 모델처럼 딥브이넥에 레이어드해서 입고싶어서 구매했어요.^^,5.0,"{""사이즈"": ""적당함"", ""색상"": ""같음"", ""소재"": ""같음""}","[""https://media.wconcept.co.kr/review/308833692/308833692_1789200494482.jpg?RS=300""]"
308833692,메무아,[30%쿠폰] 에끌로 새틴 레이스 블라우스,https://www.wconcept.co.kr/Product/308833692,1,6,so******,2026.09.12,클라우드그레이_S,요즘 유행하는 슬리브스 이면서 이뻐요 얇은니트에 같이 레이어드하면 이쁘답니다,5.0,"{""사이즈"": ""적당함"", ""색상"": ""같음"", ""소재"": ""같음""}",[]
308833692,메무아,[30%쿠폰] 에끌로 새틴 레이스 블라우스,https://www.wconcept.co.kr/Product/308833692,2,7,no******,2026.09.12,클라우드그레이_M,사진의 색깔이 살짝 밝게 나왔는데 베이지 한 방울 섞인 그레이 느낌입니다 조금 더 부드럽고 레이스도 괜찮아요 안감이 있다는 거는 상품평 보고 알고는 있었는데 생각보다는 살짝 두껍네요 어깨끈 조절 가능한 점도 좋은데 모델 입은 것처럼 좀 많이 내려간 느낌이에요. 어깨끈 자체가 길어서 조절을 완전 앞으로 당겨야 유교걸한테 적당한 길이감이 되긴 합니다,5.0,"{""사이즈"": ""큼"", ""색상"": ""비슷함"", ""소재"": ""비슷함""}","[""https://media.wconcept.co.kr/review/308833692/308833692_1789194025207.jpg?RS=300""]"
308833692,메무아,[30%쿠폰] 에끌로 새틴 레이스 블라우스,https://www.wconcept.co.kr/Product/308833692,2,8,sw******,2026.09.12,클라우드그레이_S,레이스 위치가 무슨 일인가요 아랫단도 아니고 전면에.. 이게 속옷으로 입는것도 아니고 레이스 보이게 입는 옷인데 레이스를 이렇게 비대칭으로 만들면 어쩌라는거죠? 싼가격도 아니고 어깨끈이 비뚤어졌나 해서 다시맞추고 조정해도 원래 이렇게 달린게 맞네요ㅠ 배송도 오래걸려서 받았는데..너무 실망스러워요 봉제 이런것만 보고 택 제거했는데.. 보니까 저랑 같은 리뷰가 있네요 모델컷 다시보니 비뚤게 달려있고 상세컷은 맞고.. 속상해요,2.0,"{""사이즈"": ""큼"", ""색상"": ""비슷함"", ""소재"": ""비슷함""}","[""https://media.wconcept.co.kr/review/308833692/308833692_1789190997968.jpg?RS=300""]"
308833692,메무아,[30%쿠폰] 에끌로 새틴 레이스 블라우스,https://www.wconcept.co.kr/Product/308833692,2,9,yh******,2026.09.12,클라우드그레이_S,배송은 오래 기다려서 받았는데 마음에 들어요. 소재도 보드랍고 길이감도 적당합니다. 마감처리 깔끔합니다.,5.0,"{""사이즈"": ""적당함"", ""색상"": ""같음"", ""소재"": ""같음""}","[""https://media.wconcept.co.kr/review/308833692/308833692_1789177076651.jpg?RS=300""]"
308833692,메무아,[30%쿠폰] 에끌로 새틴 레이스 블라우스,https://www.wconcept.co.kr/Product/308833692,2,10,hu******,2026.09.12,블랙_S,아니 레이스 위치를 적당히라도 맞춰야죠ㅜㅜ 믿고 텍부터 떼서 반품도 못하고 너무 속상하네요! 오래 기다렸는데,1.0,"{""사이즈"": ""적당함"", ""색상"": ""같음"", ""소재"": ""같음""}","[""https://media.wconcept.co.kr/review/308833692/308833692_1789166652300.jpeg?RS=300""]"
308833692,메무아,[30%쿠폰] 에끌로 새틴 레이스 블라우스,https://www.wconcept.co.kr/Product/308833692,2,11,dh******,2026.09.12,블랙_S,역시 고민은 배송만 늦어질뿐 ㅜㅜ 그래도 생각보다 빨리 받았네요! 새틴 소재라 은은하게 광택이 나서 고급스러워 보여요. 레이스 디테일도 과하지 않고 여성스러운 느낌이라 마음에 들었고 핏도 너무 타이트하지 않아 편하게 입기 좋을 거 같아요,5.0,"{""사이즈"": ""적당함"", ""색상"": ""같음"", ""소재"": ""같음""}","[""https://media.wconcept.co.kr/review/308833692/308833692_1789166151414.jpg?RS=300""]"
308833692,메무아,[30%쿠폰] 에끌로 새틴 레이스 블라우스,https://www.wconcept.co.kr/Product/308833692,2,12,ha******,2026.09.11,브라운_M,"고급스럽고 예뻐요! 소재톡톡해서 가을에 이너로 레이어드해서 입기좋을거같아요.마감,디테일 좋은상품으로 잘와서 대만족^^ 추천합니다.",5.0,"{""사이즈"": ""적당함"", ""색상"": ""같음"", ""소재"": ""같음""}","[""https://media.wconcept.co.kr/review/308833692/308833692_1789138642911.jpg?RS=300"", ""https://media.wconcept.co.kr/review/308833692/308833692_1789138642752.jpg?RS=300""]"
308833692,메무아,[30%쿠폰] 에끌로 새틴 레이스 블라우스,https://www.wconcept.co.kr/Product/308833692,3,13,wc******,2026.09.11,브라운_M,175에 66사이즈인데 m낙낙히 잘 맞아요.두겹이라 두께감이 있지만 지금부터 잘 입을거 같아요.스커트도 구입하고 싶네요^^,5.0,"{""사이즈"": ""적당함"", ""색상"": ""같음"", ""소재"": ""같음""}","[""https://media.wconcept.co.kr/review/308833692/308833692_1789123706608.jpg?RS=300""]"
308833692,메무아,[30%쿠폰] 에끌로 새틴 레이스 블라우스,https://www.wconcept.co.kr/Product/308833692,3,14,lg******,2026.09.11,브라운_M,사이즈 여유있고 새틴 소재로 부들부들하면서 레이스 와 잘 어울려요,5.0,"{""사이즈"": ""적당함"", ""색상"": ""비슷함"", ""소재"": ""비슷함""}","[""https://media.wconcept.co.kr/review/308833692/308833692_1789122704301.jpg?RS=300""]"
308833692,메무아,[30%쿠폰] 에끌로 새틴 레이스 블라우스,https://www.wconcept.co.kr/Product/308833692,3,15,sd******,2026.09.11,블랙_S,이뻐요 배송은 좀 ㅜ 오래걸렷지만 탄탄하네툐 재질두 ㅎ ㅎ,5.0,"{""사이즈"": ""큼"", ""색상"": ""같음"", ""소재"": ""같음""}","[""https://media.wconcept.co.kr/review/308833692/308833692_1789121680395.jpeg?RS=300""]"
308833692,메무아,[30%쿠폰] 에끌로 새틴 레이스 블라우스,https://www.wconcept.co.kr/Product/308833692,3,16,wc******,2026.09.11,클라우드그레이_S,너무 마음에 들어요~ 블랙도 사고 싶지만 배송이 오래걸려서...,5.0,"{""사이즈"": ""큼"", ""색상"": ""비슷함"", ""소재"": ""같음""}",[]
308833692,메무아,[30%쿠폰] 에끌로 새틴 레이스 블라우스,https://www.wconcept.co.kr/Product/308833692,3,17,wc******,2026.09.11,클라우드그레이_S,S 주문하길 잘 한거 같아요. 생각보다 두껍고 사이즈 넉넉해요. 니트에 이너로 입으니 예쁘네요.,5.0,"{""사이즈"": ""적당함"", ""색상"": ""같음"", ""소재"": ""같음""}","[""https://media.wconcept.co.kr/review/308833692/308833692_1789110539409.jpg?RS=300""]"
308833692,메무아,[30%쿠폰] 에끌로 새틴 레이스 블라우스,https://www.wconcept.co.kr/Product/308833692,3,18,at******,2026.09.11,클라우드그레이_S,이뻐요 천도 두껍고 기다린 보람이 잇어요 니트랑 같이 세트로 삿는데 빨리 더 선선 해져서 입고 나가고 싶네요,5.0,"{""사이즈"": ""적당함"", ""색상"": ""같음"", ""소재"": ""같음""}","[""https://media.wconcept.co.kr/review/308833692/308833692_1789109836087.jpeg?RS=300""]"
308948727,꼼파뇨 키즈,[키즈원더랜드] KIDS 캣스티치 피그먼트 롱슬리브 고스트그레이,https://www.wconcept.co.kr/Product/308948727,1,1,so******,2026.09.11,120,아들이랑 커플템으로 입음 귀엽고 가을에 찰떡!,5.0,{},"[""https://media.wconcept.co.kr/review/308948727/308948727_1789086848807.jpeg?RS=300""]"
308920521,하우투러브미,[30%쿠폰] 카엘리 누벅 레더 자켓[brown],https://www.wconcept.co.kr/Product/308920521,1,1,wc******,2026.09.12,BROWN_FREE,"진짜 너무 너무 예뻐요! 제 키에 너무 길지도 않고 딱 예쁜 기장이에요. 데님, 슬랙스, 치마 여기저기 입기 좋아요👍🏻👍🏻",5.0,"{""사이즈"": ""적당함"", ""색상"": ""같음"", ""소재"": ""같음""}","[""https://media.wconcept.co.kr/review/308920521/308920521_1789187732498.jpeg?RS=300""]"
308920521,하우투러브미,[30%쿠폰] 카엘리 누벅 레더 자켓[brown],https://www.wconcept.co.kr/Product/308920521,1,2,fr******,2026.09.08,BROWN_S,색상도 너무 맘에 들고 흔하지 않아 너무 맘에 들어요,5.0,"{""사이즈"": ""적당함"", ""색상"": ""같음"", ""소재"": ""같음""}",[]
308920521,하우투러브미,[30%쿠폰] 카엘리 누벅 레더 자켓[brown],https://www.wconcept.co.kr/Product/308920521,1,3,sh******,2026.09.03,BROWN_FREE,이 자켓만 기다림요 겉은 스웨이드 느낌인데 안이 레더자켓이어서 소매 걷고 입으니까 완전 느낌있어요 품 클까 걱정했는데 오히려 안에 껴입고 더 오래 입을 듯?,5.0,"{""사이즈"": ""작음"", ""색상"": ""비슷함"", ""소재"": ""같음""}","[""https://media.wconcept.co.kr/review/308920521/308920521_1788440790895.jpeg?RS=300""]"
308920521,하우투러브미,[30%쿠폰] 카엘리 누벅 레더 자켓[brown],https://www.wconcept.co.kr/Product/308920521,1,4,wc******,2026.09.03,BROWN_S,진짜 이뻐요!!! 사진보다 실물이 더 예쁜 것 같아요ㅠㅠㅠ갈웜톤인 저에게는 찰떡입니다.. 소재가 스웨이드인 줄 알았는데 스웨이드가 아니네요?! 가죽과 스웨이드 중간 그 어디쯤 느낌... 근데 그게 더 고급스럽고 예뻐요! 이 외투의 매력! 옷걸이가 부러진 채로 와서 좀 아쉬워요ㅠ 옷 자체로는 대만족❤️,5.0,"{""사이즈"": ""적당함"", ""색상"": ""같음"", ""소재"": ""같음""}","[""https://media.wconcept.co.kr/review/308920521/308920521_1788437583113.jpeg?RS=300"", ""https://media.wconcept.co.kr/review/308920521/308920521_1788437583046.jpeg?RS=300"", ""https://media.wconcept.co.kr/review/308920521/308920521_1788437582946.jpeg?RS=300""]"
308920521,하우투러브미,[30%쿠폰] 카엘리 누벅 레더 자켓[brown],https://www.wconcept.co.kr/Product/308920521,1,5,se******,2026.09.03,BROWN_S,미쳤쟈냐 이쁘쟈냐 가을이 왔쟈냐 가을 내내 주구장창 입을거쟈냐ㅜㅜ,5.0,"{""사이즈"": ""적당함"", ""색상"": ""같음"", ""소재"": ""같음""}","[""https://media.wconcept.co.kr/review/308920521/308920521_1788433738884.jpeg?RS=300""]"
305966267,마인드브릿지 우먼,[주미니pick] [소가죽][스웨이드/스퀘어] 카우레더 버클 벨트_5colors,https://www.wconcept.co.kr/Product/305966267,1,1,to******,2026.09.13,스퀘어(24MM)_블랙_ MABT00A3_BK000,왜 내가 사고나면 늘 더 할인하능.. 이상한 현상 ㅋ 캐쥬얼한 무드에 하고 싶어서 사각 프레임 샀어요 ~ 아직 가죽 부분이 빠빳해서 느낌이 안사는데 쓰다보면 좋아지겠죠.,2.0,{},"[""https://media.wconcept.co.kr/review/305966267/305966267_1789303257641.jpg?RS=300""]"
305966267,마인드브릿지 우먼,[주미니pick] [소가죽][스웨이드/스퀘어] 카우레더 버클 벨트_5colors,https://www.wconcept.co.kr/Product/305966267,1,2,ys******,2026.09.13,기본(20MM)_블랙(실버버클)_MABT00A2_BK000,후기보고 샀는데 맘에 들어요!! 마감도 깔끔하고 할인가에 저렴하게 사서 좋아요,5.0,{},"[""https://media.wconcept.co.kr/review/305966267/305966267_1789299269005.jpeg?RS=300""]"
305966267,마인드브릿지 우먼,[주미니pick] [소가죽][스웨이드/스퀘어] 카우레더 버클 벨트_5colors,https://www.wconcept.co.kr/Product/305966267,1,3,kh******,2026.09.13,기본(20MM)_블랙(실버버클)_MABT00A2_BK000,넘 예빠용 기본인데 잘 쓸거 같흡니다!!!---,5.0,{},[]
305966267,마인드브릿지 우먼,[주미니pick] [소가죽][스웨이드/스퀘어] 카우레더 버클 벨트_5colors,https://www.wconcept.co.kr/Product/305966267,1,4,mi******,2026.09.13,기본(20MM)_블랙(실버버클)_MABT00A2_BK000,딴딴하고 좋아요. 사거 가격이 더떨어저서 슬프긴한데 맘에들어요,5.0,{},"[""https://media.wconcept.co.kr/review/305966267/305966267_1789291992267.jpeg?RS=300""]"
305966267,마인드브릿지 우먼,[주미니pick] [소가죽][스웨이드/스퀘어] 카우레더 버클 벨트_5colors,https://www.wconcept.co.kr/Product/305966267,1,5,wc******,2026.09.13,기본(20MM)_블랙(실버버클)_MABT00A2_BK000,청바지에 하려고 급하게 주문했는데 가격도 적당하고 배송도 다음날 와서 좋았습니디. 청바지에 잘어울려요.,5.0,{},[]
305966267,마인드브릿지 우먼,[주미니pick] [소가죽][스웨이드/스퀘어] 카우레더 버클 벨트_5colors,https://www.wconcept.co.kr/Product/305966267,1,6,wc******,2026.09.13,스퀘어(24MM)_브라운_MABT00A3_BR000,가격대비 괜찮습니다 십만원짜리 벨트와 비교해도 무난,4.0,{},"[""https://media.wconcept.co.kr/review/305966267/305966267_1789258508317.jpg?RS=300""]"
305966267,마인드브릿지 우먼,[주미니pick] [소가죽][스웨이드/스퀘어] 카우레더 버클 벨트_5colors,https://www.wconcept.co.kr/Product/305966267,2,7,na******,2026.09.13,스퀘어(24MM)_브라운_MABT00A3_BR000,벨트 종류별로 모으게 됐네용! 너무 이뻐요!!,5.0,{},"[""https://media.wconcept.co.kr/review/305966267/305966267_1789253931807.jpeg?RS=300""]"
305966267,마인드브릿지 우먼,[주미니pick] [소가죽][스웨이드/스퀘어] 카우레더 버클 벨트_5colors,https://www.wconcept.co.kr/Product/305966267,2,8,ya******,2026.09.12,기본(20MM)_블랙(실버버클)_MABT00A2_BK000,예뻐요ᆢ추천합니다 ᆢ고급스러워요ㆍ추천합니다,5.0,{},[]
305966267,마인드브릿지 우먼,[주미니pick] [소가죽][스웨이드/스퀘어] 카우레더 버클 벨트_5colors,https://www.wconcept.co.kr/Product/305966267,2,9,ch******,2026.09.12,기본(20MM)_블랙(실버버클)_MABT00A2_BK000,기본템으로 사용하기 좋아요~~맘에듭니다~~,5.0,{},"[""https://media.wconcept.co.kr/review/305966267/305966267_1789192107442.jpg?RS=300""]"
305966267,마인드브릿지 우먼,[주미니pick] [소가죽][스웨이드/스퀘어] 카우레더 버클 벨트_5colors,https://www.wconcept.co.kr/Product/305966267,2,10,ga******,2026.09.12,기본(20MM)_블랙(실버버클)_MABT00A2_BK000,탄탄하고 예뻐요 벨트 잘 안하게 되는데 정장 캐주얼 다 잘 맞을듯합니다 구멍을 더 뚫어야하나? 했는데 마지막 부분에 딱 맞습니다 브라운도 사고싶어졌어요,5.0,{},"[""https://media.wconcept.co.kr/review/305966267/305966267_1789188654062.jpg?RS=300""]"
305966267,마인드브릿지 우먼,[주미니pick] [소가죽][스웨이드/스퀘어] 카우레더 버클 벨트_5colors,https://www.wconcept.co.kr/Product/305966267,2,11,li******,2026.09.12,스퀘어(24MM)_블랙_ MABT00A3_BK000,예뻐요 사진과 똑같습니다 길고 좋아요 잘쓸게요,5.0,{},"[""https://media.wconcept.co.kr/review/305966267/305966267_1789188383340.jpeg?RS=300""]"
305966267,마인드브릿지 우먼,[주미니pick] [소가죽][스웨이드/스퀘어] 카우레더 버클 벨트_5colors,https://www.wconcept.co.kr/Product/305966267,2,12,pi******,2026.09.12,스퀘어(24MM)_블랙_ MABT00A3_BK000,여기저기 편하기 매치하기 딱 좋아요~ 품질도 두께도 만족입니다,5.0,{},"[""https://media.wconcept.co.kr/review/305966267/305966267_1789173836775.jpg?RS=300""]"
305966267,마인드브릿지 우먼,[주미니pick] [소가죽][스웨이드/스퀘어] 카우레더 버클 벨트_5colors,https://www.wconcept.co.kr/Product/305966267,3,13,se******,2026.09.12,기본(20MM)_브라운(골드버클)_MABT00A2_BR000,이쁘고 좋아요 근데 구멍하나 더 뚫고싶네요 저한테는 다 커서요,5.0,{},"[""https://media.wconcept.co.kr/review/305966267/305966267_1789173777514.jpeg?RS=300""]"
305966267,마인드브릿지 우먼,[주미니pick] [소가죽][스웨이드/스퀘어] 카우레더 버클 벨트_5colors,https://www.wconcept.co.kr/Product/305966267,3,14,tn******,2026.09.12,기본(20MM)_브라운(골드버클)_MABT00A2_BR000,이뻐요 두가지 같이 주문 만족 합니다. 마감처리 좋고 가죽이라 튼튼하고 깔끔합니다,5.0,{},[]
305966267,마인드브릿지 우먼,[주미니pick] [소가죽][스웨이드/스퀘어] 카우레더 버클 벨트_5colors,https://www.wconcept.co.kr/Product/305966267,3,15,tn******,2026.09.12,기본(20MM)_블랙(실버버클)_MABT00A2_BK000,이뻐요. 마감처리 좋고 버클크기도 너무 만족합니다. 튼튼힐 가죽 벨트 싸게 잘 산것 같아요,5.0,{},[]
305966267,마인드브릿지 우먼,[주미니pick] [소가죽][스웨이드/스퀘어] 카우레더 버클 벨트_5colors,https://www.wconcept.co.kr/Product/305966267,3,16,mi******,2026.09.11,스웨이드_MABT00A4_BK000,이거 어디든 너무 잘어울려요 스웨이드소재라 가죽이랑은 느낌 달라요 블랙 브라운 둘다 구매추천,5.0,{},[]
305966267,마인드브릿지 우먼,[주미니pick] [소가죽][스웨이드/스퀘어] 카우레더 버클 벨트_5colors,https://www.wconcept.co.kr/Product/305966267,3,17,ki******,2026.09.11,기본_MABT00A2_BK000,데일리 사용하기 좋아여 ㅎㅎ다음에도 주문할게요!!ㅎㅎ,5.0,{},[]
305966267,마인드브릿지 우먼,[주미니pick] [소가죽][스웨이드/스퀘어] 카우레더 버클 벨트_5colors,https://www.wconcept.co.kr/Product/305966267,3,18,na******,2026.09.11,통가죽(29MM)_브라운(라운드버클)_MABT00A1_GN000,상품 포장이 좋습니다. 벨트 길이와 재질도 맘에 듭니다. 색상도 맘에 듭니다. 배송도 만족합니다. 감사합니다.,5.0,{},[]
305682540,시티브리즈,[주말특가] [리뉴얼 ver] 루즈핏 사선 절개 싱글 자켓_3COLORS,https://www.wconcept.co.kr/Product/305682540,1,1,av******,2026.09.11,"BLACK, M(FREE)",리뷰처럼 핏이 정말 예쁩니다 제 체형에 넉넉하게 맞아요 어디에나 잘 어울릴것 같고 날씨가 더 선선해져서 빨리 입고 싶어요~,5.0,"{""사이즈"": ""적당함"", ""색상"": ""같음"", ""소재"": ""같음""}",[]
305682540,시티브리즈,[주말특가] [리뉴얼 ver] 루즈핏 사선 절개 싱글 자켓_3COLORS,https://www.wconcept.co.kr/Product/305682540,1,2,so******,2026.09.10,"GREY, M(FREE)",원단좋고 간절기에입기좋은 자켓입니다 오버핏으로 편하게입을것같아요,5.0,"{""사이즈"": ""큼"", ""색상"": ""비슷함"", ""소재"": ""비슷함""}",[]
305682540,시티브리즈,[주말특가] [리뉴얼 ver] 루즈핏 사선 절개 싱글 자켓_3COLORS,https://www.wconcept.co.kr/Product/305682540,1,3,jo******,2026.09.10,"GREY, M(FREE)","전 부터 보기만 하다가 뒤 패치 없어진거 보고 바로 구매했습니다 ㅋㅋ 스타일, 옷감 모두 마음이 듭니다!~",5.0,"{""사이즈"": ""적당함"", ""색상"": ""같음"", ""소재"": ""같음""}","[""https://media.wconcept.co.kr/review/305682540/305682540_1789008275598.jpg?RS=300""]"
305682540,시티브리즈,[주말특가] [리뉴얼 ver] 루즈핏 사선 절개 싱글 자켓_3COLORS,https://www.wconcept.co.kr/Product/305682540,1,4,wl******,2026.09.10,"BLACK, M(FREE)",넘넘 이쁘고 뒤에 디자인이 포인트여서 스타일리쉬해보여 좋아요 굿굿굿,5.0,"{""사이즈"": ""적당함"", ""색상"": ""같음"", ""소재"": ""같음""}",[]
305682540,시티브리즈,[주말특가] [리뉴얼 ver] 루즈핏 사선 절개 싱글 자켓_3COLORS,https://www.wconcept.co.kr/Product/305682540,1,5,wc******,2026.09.05,"GREY, M(FREE)",핏 좋고~ 가성비 좋아요 가을에 편하게 잘 입을것같아오,5.0,"{""사이즈"": ""적당함"", ""색상"": ""같음"", ""소재"": ""같음""}",[]
305682540,시티브리즈,[주말특가] [리뉴얼 ver] 루즈핏 사선 절개 싱글 자켓_3COLORS,https://www.wconcept.co.kr/Product/305682540,1,6,wc******,2026.09.05,"GREY, M(FREE)",그레이색 좋아해서 구매했어요 마음에 듭니다 감사,5.0,"{""사이즈"": ""적당함"", ""색상"": ""비슷함"", ""소재"": ""같음""}","[""https://media.wconcept.co.kr/review/305682540/305682540_1788569819723.jpg?RS=300""]"
305682540,시티브리즈,[주말특가] [리뉴얼 ver] 루즈핏 사선 절개 싱글 자켓_3COLORS,https://www.wconcept.co.kr/Product/305682540,2,7,pu******,2026.09.05,"BLACK, S",마음에 쏙 드는 디자인이라서 색상 별로 구매했어요. 베이지 색상은 품절이라 못 산 게 아쉽네요. 뒤 절개라인이 독특해서 눈이 가요. 앞만 봤을 때는 멋스러운 자켓 정도인데 뒤돌면 절개라인이 포인트 되면서 한껏 패셔너블하게 변해요. 개인적으로 이런 반전 매력을 좋아하는 터라 너무 마음에 드는 디자인이에요. 그리고 어깨가 넓은 편인데도 불구하고 스몰도 어깨가 넉넉해요. 그래서 더 멋스럽긴 하지만요. 아무튼 정말 마음에 들어서 얼른 가을 되면 입고 싶네요. 봄가을 간절기에 입기에 딱이에요.,5.0,"{""사이즈"": ""적당함"", ""색상"": ""같음"", ""소재"": ""같음""}","[""https://media.wconcept.co.kr/review/305682540/305682540_1788543661084.jpg?RS=300""]"
305682540,시티브리즈,[주말특가] [리뉴얼 ver] 루즈핏 사선 절개 싱글 자켓_3COLORS,https://www.wconcept.co.kr/Product/305682540,2,8,pu******,2026.09.05,"GREY, S",뒤 절개라인이 독특해서 눈이 가요. 앞만 봤을 때는 멋스러운 자켓 정도인데 뒤돌면 절개라인이 포인트 되면서 한껏 패셔너블하게 변해요. 개인적으로 이런 반전 매력을 좋아하는 터라 너무 마음에 드는 디자인이에요. 그리고 어깨가 넓은 편인데도 불구하고 스몰도 어깨가 넉넉해요. 그래서 더 멋스럽긴 하지만요. 아무튼 정말 마음에 들어서 얼른 가을 되면 입고 싶네요. 봄가을 간절기에 입기에 딱이에요.,5.0,"{""사이즈"": ""적당함"", ""색상"": ""같음"", ""소재"": ""같음""}","[""https://media.wconcept.co.kr/review/305682540/305682540_1788543543828.jpg?RS=300""]"
305682540,시티브리즈,[주말특가] [리뉴얼 ver] 루즈핏 사선 절개 싱글 자켓_3COLORS,https://www.wconcept.co.kr/Product/305682540,2,9,sp******,2026.09.04,"GREY, S",리뷰대로 진짜 핏이 이쁘고 좋네요~~ 좀 크게 나온듯해 66인데 S로 샀어요,5.0,"{""사이즈"": ""적당함"", ""색상"": ""비슷함"", ""소재"": ""비슷함""}","[""https://media.wconcept.co.kr/review/305682540/305682540_1788486150146.jpg?RS=300""]"
305682540,시티브리즈,[주말특가] [리뉴얼 ver] 루즈핏 사선 절개 싱글 자켓_3COLORS,https://www.wconcept.co.kr/Product/305682540,2,10,fi******,2026.08.25,BLACK_S,곧 가을이 다가 오는데 청바지에도 슬랙스에도 포멀하게 나 캐주얼하게 잘 입을 수 있을 것 같아요 뒷면이 포인트고 은근 멋 스러워요 예뻐요. 잘해 볼 수 있을 것 같습니다.,5.0,"{""사이즈"": ""적당함"", ""색상"": ""같음"", ""소재"": ""같음""}","[""https://media.wconcept.co.kr/review/305682540/305682540_1787669649438.jpeg?RS=300""]"
305682540,시티브리즈,[주말특가] [리뉴얼 ver] 루즈핏 사선 절개 싱글 자켓_3COLORS,https://www.wconcept.co.kr/Product/305682540,2,11,pa******,2026.08.09,GREY_S,진짜 촤르르 핏으로 너무 예뻐요! 사선 절개가 유니크하고 뒤에로고도 없애주셔서 더 예쁩니다!,5.0,"{""사이즈"": ""적당함"", ""색상"": ""같음"", ""소재"": ""같음""}","[""https://media.wconcept.co.kr/review/305682540/305682540_1786250869788.jpeg?RS=300""]"
305682540,시티브리즈,[주말특가] [리뉴얼 ver] 루즈핏 사선 절개 싱글 자켓_3COLORS,https://www.wconcept.co.kr/Product/305682540,2,12,yi******,2026.08.06,GREY_MFREE,예전부터 사고 싶었는데 재고가 없어서 못사다가 이번에 구매해요!! 너무 이쁘고 기본템인데 뒤가 또 포인트라 자주 입을거같아요,5.0,"{""사이즈"": ""적당함"", ""색상"": ""같음"", ""소재"": ""같음""}","[""https://media.wconcept.co.kr/review/305682540/305682540_1785989375720.jpeg?RS=300""]"
305682540,시티브리즈,[주말특가] [리뉴얼 ver] 루즈핏 사선 절개 싱글 자켓_3COLORS,https://www.wconcept.co.kr/Product/305682540,3,13,gu******,2026.07.31,"BLACK, S",출근용으로 입으려고 샀습니다. 사이즈 고민을 했는데 잘 산 것 같습니다.,5.0,"{""사이즈"": ""적당함"", ""색상"": ""같음"", ""소재"": ""같음""}",[]
305682540,시티브리즈,[주말특가] [리뉴얼 ver] 루즈핏 사선 절개 싱글 자켓_3COLORS,https://www.wconcept.co.kr/Product/305682540,3,14,da******,2026.07.29,GREY_S,소재 부드럽고 디자인 고급스럽네요 컬러도 마음에 듭니다!,5.0,"{""사이즈"": ""적당함"", ""색상"": ""같음"", ""소재"": ""같음""}","[""https://media.wconcept.co.kr/review/305682540/305682540_1785315742617.jpg?RS=300""]"
305682540,시티브리즈,[주말특가] [리뉴얼 ver] 루즈핏 사선 절개 싱글 자켓_3COLORS,https://www.wconcept.co.kr/Product/305682540,3,15,wc******,2026.07.25,"BLACK, M(FREE)",쌀쌀해지기민 기다립니다. 원하는 스타일의 자켓입니다.,5.0,"{""사이즈"": ""적당함"", ""색상"": ""같음"", ""소재"": ""같음""}",[]
305682540,시티브리즈,[주말특가] [리뉴얼 ver] 루즈핏 사선 절개 싱글 자켓_3COLORS,https://www.wconcept.co.kr/Product/305682540,3,16,wc******,2026.07.18,BEIGE_S,생각보다 더 오버핏이네요 상체에 볼륨 있으신 분들은 구매하시면 안될듯,2.0,"{""사이즈"": ""큼"", ""색상"": ""비슷함"", ""소재"": ""비슷함""}",[]
305682540,시티브리즈,[주말특가] [리뉴얼 ver] 루즈핏 사선 절개 싱글 자켓_3COLORS,https://www.wconcept.co.kr/Product/305682540,3,17,w_******,2026.07.17,BLACK_S,사선절개 그레이 컬러 만족해서 블랙도 구매했어요 역시 예쁘네요,5.0,"{""사이즈"": ""적당함"", ""색상"": ""같음"", ""소재"": ""같음""}","[""https://media.wconcept.co.kr/review/305682540/305682540_1784289333243.jpeg?RS=300""]"
305682540,시티브리즈,[주말특가] [리뉴얼 ver] 루즈핏 사선 절개 싱글 자켓_3COLORS,https://www.wconcept.co.kr/Product/305682540,3,18,sm******,2026.07.05,"BLACK, S",s샀다가 더 오버핏으로 입고싶어 m으로 교환했어요. 평소 s입는데 적당한 오버핏으로 여리해보이고 예뻐요. 뒷절개 포인트도 넘 예뻐요.,5.0,"{""사이즈"": ""적당함"", ""색상"": ""같음"", ""소재"": ""같음""}","[""https://media.wconcept.co.kr/review/305682540/305682540_1783184779413.jpg?RS=300""]"
305685774,뉴발란스,뉴발란스 1906 남여공용 운동화 하버 M1906REH,https://www.wconcept.co.kr/Product/305685774,1,1,po******,2026.09.13,라이트그레이_270,배송도 빠르고 신발도 이쁘고 편합니다. 재구매했어요.,5.0,"{""사이즈"": ""적당함"", ""색상"": ""같음"", ""발볼"": ""적당함""}",[]
305685774,뉴발란스,뉴발란스 1906 남여공용 운동화 하버 M1906REH,https://www.wconcept.co.kr/Product/305685774,1,2,wc******,2026.09.11,라이트그레이_230,발도 편하고 색상도 너무 마음에 들어요 잘신고 다닐거같아요,5.0,"{""사이즈"": ""적당함"", ""색상"": ""같음"", ""발볼"": ""적당함""}","[""https://media.wconcept.co.kr/review/305685774/305685774_1789119050446.jpg?RS=300""]"
305685774,뉴발란스,뉴발란스 1906 남여공용 운동화 하버 M1906REH,https://www.wconcept.co.kr/Product/305685774,1,3,hy******,2026.09.11,라이트그레이_235,완전 편해용 예전에 동일모델 검정 사구 또 싰어용,5.0,"{""사이즈"": ""적당함"", ""색상"": ""같음"", ""발볼"": ""적당함""}","[""https://media.wconcept.co.kr/review/305685774/305685774_1789105044421.jpeg?RS=300""]"
305685774,뉴발란스,뉴발란스 1906 남여공용 운동화 하버 M1906REH,https://www.wconcept.co.kr/Product/305685774,1,4,wc******,2026.09.11,라이트그레이_245,"발볼없는 칼발, 정사이즈 했는데 정말 편해요. 요즘 뉴발만 신어요!",5.0,"{""사이즈"": ""적당함"", ""색상"": ""같음"", ""발볼"": ""적당함""}","[""https://media.wconcept.co.kr/review/305685774/305685774_1789097015405.jpg?RS=300""]"
305685774,뉴발란스,뉴발란스 1906 남여공용 운동화 하버 M1906REH,https://www.wconcept.co.kr/Product/305685774,1,5,yu******,2026.09.09,라이트그레이_255,보통 250 운동화를 신는데 사이즈업 추천하셔서 55로 샀는데 약간 여유있고 편안하게 잘 맞아요 색도 맘에 듭니다!!,5.0,"{""사이즈"": ""적당함"", ""색상"": ""같음"", ""발볼"": ""좁음""}","[""https://media.wconcept.co.kr/review/305685774/305685774_1788926031380.jpeg?RS=300""]"
305685774,뉴발란스,뉴발란스 1906 남여공용 운동화 하버 M1906REH,https://www.wconcept.co.kr/Product/305685774,1,6,ky******,2026.09.09,라이트그레이_250,뉴발란스는 정말 편하고 기벼운 착용감 이쁘네요,5.0,"{""사이즈"": ""적당함"", ""색상"": ""같음"", ""발볼"": ""적당함""}",[]
305685774,뉴발란스,뉴발란스 1906 남여공용 운동화 하버 M1906REH,https://www.wconcept.co.kr/Product/305685774,2,7,gu******,2026.09.08,라이트그레이_240,실버라서 고민하다가 산건데 역시 너무 예쁘고 편해서 맘에듭니다..,5.0,"{""사이즈"": ""적당함"", ""색상"": ""같음"", ""발볼"": ""적당함""}",[]
305685774,뉴발란스,뉴발란스 1906 남여공용 운동화 하버 M1906REH,https://www.wconcept.co.kr/Product/305685774,2,8,ki******,2026.09.08,라이트그레이_235,매장에서 신어보고 여기서 구매하니까 훨씬 저렴해요 실물 넘 이뻐요,5.0,"{""사이즈"": ""적당함"", ""색상"": ""같음"", ""발볼"": ""적당함""}","[""https://media.wconcept.co.kr/review/305685774/305685774_1788848374090.jpeg?RS=300""]"
305685774,뉴발란스,뉴발란스 1906 남여공용 운동화 하버 M1906REH,https://www.wconcept.co.kr/Product/305685774,2,9,go******,2026.09.04,라이트그레이_240,배송은아주빨랐습니다..매장가서신어보고서치해본결과 W가젤루저렴해서바로구매했습니다.. 오늘바다서많이걸어보지않아서잘은몰겠지만리뷰가워낙조아서저두편하게신을듯합니다 240구매했는데발이엄청작아보입니다,5.0,"{""사이즈"": ""작음"", ""색상"": ""같음"", ""발볼"": ""넓음""}","[""https://media.wconcept.co.kr/review/305685774/305685774_1788527410670.jpg?RS=300"", ""https://media.wconcept.co.kr/review/305685774/305685774_1788527410572.jpg?RS=300""]"
305685774,뉴발란스,뉴발란스 1906 남여공용 운동화 하버 M1906REH,https://www.wconcept.co.kr/Product/305685774,2,10,sg******,2026.09.03,라이트그레이_235,신발 편하고 좋네요..뉴발 230 신는데 요즘엔 235를 신어야 편하네요..운동할때 딱 좋네요,5.0,"{""사이즈"": ""적당함"", ""색상"": ""같음"", ""발볼"": ""적당함""}","[""https://media.wconcept.co.kr/review/305685774/305685774_1788388466408.jpg?RS=300""]"
305685774,뉴발란스,뉴발란스 1906 남여공용 운동화 하버 M1906REH,https://www.wconcept.co.kr/Product/305685774,2,11,ca******,2026.09.02,라이트그레이_240,신발이뻐요.. 발볼이 있어서 항상 뉴발만 신는데.. 편하고 이쁘고 만족합니당~,5.0,"{""사이즈"": ""적당함"", ""색상"": ""같음"", ""발볼"": ""적당함""}","[""https://media.wconcept.co.kr/review/305685774/305685774_1788325354828.jpg?RS=300""]"
305685774,뉴발란스,뉴발란스 1906 남여공용 운동화 하버 M1906REH,https://www.wconcept.co.kr/Product/305685774,2,12,Kc******,2026.08.27,라이트그레이_255,뉴발란스치고 크게 안나왔어요..발벌있으면 업하는게 좋을듯합니다.. 디잔은 청바지에 잘어울리는 힙합이 있어요.. 와이드한 볼은 아니라서 나이가 있는사람도 잘 어울립닏다.,4.0,"{""사이즈"": ""적당함"", ""색상"": ""같음"", ""발볼"": ""좁음""}","[""https://media.wconcept.co.kr/review/305685774/305685774_1787819306122.jpg?RS=300""]"
305685774,뉴발란스,뉴발란스 1906 남여공용 운동화 하버 M1906REH,https://www.wconcept.co.kr/Product/305685774,3,13,pl******,2026.08.24,라이트그레이_250,화이트컬러 운동화만 고집하는데 처음 접하는 컬러인데 은근 다 잘 어울리네요,5.0,"{""사이즈"": ""적당함"", ""색상"": ""비슷함"", ""발볼"": ""좁음""}","[""https://media.wconcept.co.kr/review/305685774/305685774_1787522393517.jpg?RS=300""]"
305685774,뉴발란스,뉴발란스 1906 남여공용 운동화 하버 M1906REH,https://www.wconcept.co.kr/Product/305685774,3,14,wh******,2026.08.22,라이트그레이_240,신발 이쁩니다. 사이즈 색상 만족합니다😆😆😆,5.0,"{""사이즈"": ""적당함"", ""색상"": ""같음"", ""발볼"": ""적당함""}","[""https://media.wconcept.co.kr/review/305685774/305685774_1787380572472.jpg?RS=300""]"
305685774,뉴발란스,뉴발란스 1906 남여공용 운동화 하버 M1906REH,https://www.wconcept.co.kr/Product/305685774,3,15,mu******,2026.08.22,라이트그레이_265,"신발 멋스럽네요. 고1아들용으로 구매했습니다 적당히 튀면서,,발편하네요. 작은 싸이즈로 재구매 하려구요.",5.0,"{""사이즈"": ""적당함"", ""색상"": ""같음"", ""발볼"": ""적당함""}","[""https://media.wconcept.co.kr/review/305685774/305685774_1787379942283.jpg?RS=300""]"
305685774,뉴발란스,뉴발란스 1906 남여공용 운동화 하버 M1906REH,https://www.wconcept.co.kr/Product/305685774,3,16,ne******,2026.08.22,라이트그레이_230,배송도 빠르고 신발 예뻐요 . 아이가 좋아합니다.,5.0,"{""사이즈"": ""적당함"", ""색상"": ""같음"", ""발볼"": ""적당함""}","[""https://media.wconcept.co.kr/review/305685774/305685774_1787379812691.jpeg?RS=300""]"
305685774,뉴발란스,뉴발란스 1906 남여공용 운동화 하버 M1906REH,https://www.wconcept.co.kr/Product/305685774,3,17,ej******,2026.08.21,라이트그레이_245,공홈에서 블랙사서 너무 편하게 잘 신고있는데 w컨셉에 실버 저렴하게떠서 제가 살까하다 운동화가 너무 많아서 언니사라고 추천해줬어요! 발볼도 넉넉하고 진짜 오래걸었는데 가지고 있는 운동화중 제일편해요,5.0,"{""사이즈"": ""적당함"", ""색상"": ""비슷함"", ""발볼"": ""적당함""}","[""https://media.wconcept.co.kr/review/305685774/305685774_1787304671819.jpg?RS=300""]"
305685774,뉴발란스,뉴발란스 1906 남여공용 운동화 하버 M1906REH,https://www.wconcept.co.kr/Product/305685774,3,18,yi******,2026.08.21,라이트그레이_235,나이키 데이브레이크는 240 신었습니다. 사이즈 참고하시면 돼요.,5.0,"{""사이즈"": ""적당함"", ""색상"": ""같음"", ""발볼"": ""적당함""}","[""https://media.wconcept.co.kr/review/305685774/305685774_1787303430534.jpeg?RS=300""]"
308868252,아비스파,[30%쿠폰] [단독]Rosevil 로즈빌 메리제인 라운드토 플랫슈즈_F212_2colors_1cm,https://www.wconcept.co.kr/Product/308868252,1,1,an******,2026.09.13,"black, 245",배송도 빠르고 신발이 말랑해서 편하게 신을수 있어서 맘에 들어요~~,5.0,"{""사이즈"": ""적당함"", ""색상"": ""같음"", ""발볼"": ""적당함""}","[""https://media.wconcept.co.kr/review/308868252/308868252_1789296034716.jpg?RS=300""]"
308868252,아비스파,[30%쿠폰] [단독]Rosevil 로즈빌 메리제인 라운드토 플랫슈즈_F212_2colors_1cm,https://www.wconcept.co.kr/Product/308868252,1,2,js******,2026.09.12,"240, wine","검정색 담고 와인색 계속 눈에 밟혀서 또 샀어요~ 편하고 예뻐요 바지,치마 다 어울릴 것 같아요 잘 신겠습니다.~!",5.0,"{""사이즈"": ""적당함"", ""색상"": ""같음"", ""발볼"": ""적당함""}","[""https://media.wconcept.co.kr/review/308868252/308868252_1789211699658.jpg?RS=300"", ""https://media.wconcept.co.kr/review/308868252/308868252_1789211699552.jpg?RS=300""]"
308868252,아비스파,[30%쿠폰] [단독]Rosevil 로즈빌 메리제인 라운드토 플랫슈즈_F212_2colors_1cm,https://www.wconcept.co.kr/Product/308868252,1,3,js******,2026.09.12,"black, 240",정~말 편해요 포장도 깔끔하게 잘 왔습니다. 검정구두 필요했는데. 잘 산것 같아요. 단정하고 메리제인 은근 포인트도 있고 두루두루 잘 신을것 같습니다. 검정예뻐서 와인색도 같이 주문^^,5.0,"{""사이즈"": ""적당함"", ""색상"": ""같음"", ""발볼"": ""적당함""}","[""https://media.wconcept.co.kr/review/308868252/308868252_1789211606115.jpg?RS=300""]"
308868252,아비스파,[30%쿠폰] [단독]Rosevil 로즈빌 메리제인 라운드토 플랫슈즈_F212_2colors_1cm,https://www.wconcept.co.kr/Product/308868252,1,4,er******,2026.09.12,"black, 245",신발이 사진처럼 귀여워요! 240-245mm사이의 발 사이즈인데 약간 커요!,5.0,"{""사이즈"": ""적당함"", ""색상"": ""비슷함"", ""발볼"": ""적당함""}","[""https://media.wconcept.co.kr/review/308868252/308868252_1789195868110.jpeg?RS=300""]"
308868252,아비스파,[30%쿠폰] [단독]Rosevil 로즈빌 메리제인 라운드토 플랫슈즈_F212_2colors_1cm,https://www.wconcept.co.kr/Product/308868252,1,5,hl******,2026.09.11,"black, 235",기대 안하고 구매했는데 배송도 진짜 빠르고 가볍고 이쁘고 편해요 이 브랜드 다른 제품도 구매해야겠어요,5.0,"{""사이즈"": ""적당함"", ""색상"": ""같음"", ""발볼"": ""넓음""}","[""https://media.wconcept.co.kr/review/308868252/308868252_1789118537217.jpeg?RS=300""]"
308868252,아비스파,[30%쿠폰] [단독]Rosevil 로즈빌 메리제인 라운드토 플랫슈즈_F212_2colors_1cm,https://www.wconcept.co.kr/Product/308868252,1,6,kc******,2026.09.11,"black, 245",저 진짜 왕 발볼러인데요 다른 단화들 볼 찡기고 난리도 아닌데 이거는 그래도 괜찮아요 .. 앞코도 둥글거려서 너무 단정하지 않고 좋습니다,5.0,"{""사이즈"": ""적당함"", ""색상"": ""같음"", ""발볼"": ""적당함""}","[""https://media.wconcept.co.kr/review/308868252/308868252_1789075367311.jpeg?RS=300""]"
308868252,아비스파,[30%쿠폰] [단독]Rosevil 로즈빌 메리제인 라운드토 플랫슈즈_F212_2colors_1cm,https://www.wconcept.co.kr/Product/308868252,2,7,ss******,2026.09.10,"black, 240",발이 뚱뚱하고 볼이 넓어서 235신는데 240 샀어요. 좋은 선택이었어요 ㅋㅋ 잘 맞고 볼도 덜 벌어져서 너무 맘에 들어요! 정말 부드러워요 :),5.0,"{""사이즈"": ""적당함"", ""색상"": ""같음"", ""발볼"": ""적당함""}","[""https://media.wconcept.co.kr/review/308868252/308868252_1789014344199.jpeg?RS=300""]"
308868252,아비스파,[30%쿠폰] [단독]Rosevil 로즈빌 메리제인 라운드토 플랫슈즈_F212_2colors_1cm,https://www.wconcept.co.kr/Product/308868252,2,8,go******,2026.09.10,"black, 230",평소에 운동화는 225 발볼이 있어서 구두는230신는데 이건 발볼이 크게나왔다고해서 225살까 고민하다가 230샀는데 살작 남긴해요 헐거덕 거리는 정도는 아닌데 발뚱뚱이아니시면 225사도 될거같습니다,5.0,"{""사이즈"": ""적당함"", ""색상"": ""같음"", ""발볼"": ""적당함""}","[""https://media.wconcept.co.kr/review/308868252/308868252_1789013803854.jpg?RS=300""]"
308868252,아비스파,[30%쿠폰] [단독]Rosevil 로즈빌 메리제인 라운드토 플랫슈즈_F212_2colors_1cm,https://www.wconcept.co.kr/Product/308868252,2,9,Wj******,2026.09.09,"black, 250",사진그대로 귀엽고 착화감도 좋아요 이번주 결혼식갈때 잘 신을거같아용,5.0,"{""사이즈"": ""적당함"", ""색상"": ""같음"", ""발볼"": ""적당함""}","[""https://media.wconcept.co.kr/review/308868252/308868252_1788932696712.jpeg?RS=300""]"
308868252,아비스파,[30%쿠폰] [단독]Rosevil 로즈빌 메리제인 라운드토 플랫슈즈_F212_2colors_1cm,https://www.wconcept.co.kr/Product/308868252,2,10,dm******,2026.09.09,"black, 235",발볼 없는 230 인데 양말도 신고 신으려고 일부러 넉넉하게 235를 시켰습니다 좀 넉넉하게 크긴해요 사이즈업 안해도 될거같아요 교환이 귀찮기두하고 230 신어보진 못했지만 넘 핏할까봐 (딱 맞는걸 선호하지 않음) 그냥 235로 결정했어요 가죽도 말랑말랑 뒷꿈치 까질 일 없을거 같아요🙂,5.0,"{""사이즈"": ""적당함"", ""색상"": ""같음"", ""발볼"": ""넓음""}","[""https://media.wconcept.co.kr/review/308868252/308868252_1788915973174.jpeg?RS=300""]"
308868252,아비스파,[30%쿠폰] [단독]Rosevil 로즈빌 메리제인 라운드토 플랫슈즈_F212_2colors_1cm,https://www.wconcept.co.kr/Product/308868252,2,11,mi******,2026.09.08,"black, 225",가볍고 말랑말랑한 느낌. 뒷꿈치 안까질거같아요ㅎㅎ편하게 신을수 있는 신발이네요,5.0,"{""사이즈"": ""적당함"", ""색상"": ""같음"", ""발볼"": ""적당함""}",[]
308868252,아비스파,[30%쿠폰] [단독]Rosevil 로즈빌 메리제인 라운드토 플랫슈즈_F212_2colors_1cm,https://www.wconcept.co.kr/Product/308868252,2,12,wc******,2026.09.08,"black, 245",귀여우면서 편하고 다 하네요 ㅎㅎ 이쁘게 잘 신을께요^^,5.0,"{""사이즈"": ""적당함"", ""색상"": ""같음"", ""발볼"": ""적당함""}","[""https://media.wconcept.co.kr/review/308868252/308868252_1788826757011.jpeg?RS=300""]"
308868252,아비스파,[30%쿠폰] [단독]Rosevil 로즈빌 메리제인 라운드토 플랫슈즈_F212_2colors_1cm,https://www.wconcept.co.kr/Product/308868252,3,13,gk******,2026.09.07,"black, 240",가죽도 부드럽고 착용감 편안합니다. 같은 브랜드 다른 제품 메리제인 잘신다가 새로 구매했는데 마음에 듭니다!,5.0,"{""사이즈"": ""적당함"", ""색상"": ""같음"", ""발볼"": ""적당함""}","[""https://media.wconcept.co.kr/review/308868252/308868252_1788761847971.jpeg?RS=300""]"
308868252,아비스파,[30%쿠폰] [단독]Rosevil 로즈빌 메리제인 라운드토 플랫슈즈_F212_2colors_1cm,https://www.wconcept.co.kr/Product/308868252,3,14,wc******,2026.09.07,"black, 235","✅ 발볼 매우 넓음 ✅ 단화, 구두 발볼 때문에 235 착용 리뷰에서 발볼러도 예쁘게 신을 수 있다길래 가을맞이 기념으로 구매했어요! 아예 안넓어보이는 건 아니지만 다른 단화에 비해선 넓어보이진 않은 것 같아요. 아마 앞이 좀 막힌 타입이라 그런듯..? 다만 칼발이시면은 조금 크다? 라고 느끼실 수 있을 것 같아요. 착화감은 나쁘지 않고 비나 눈 올 때 조심해야할듯 ,, 미끄러움 방지가 잘 되어있진 않은 것 같아요.",5.0,"{""사이즈"": ""적당함"", ""색상"": ""같음"", ""발볼"": ""적당함""}","[""https://media.wconcept.co.kr/review/308868252/308868252_1788738386115.jpeg?RS=300""]"
308868252,아비스파,[30%쿠폰] [단독]Rosevil 로즈빌 메리제인 라운드토 플랫슈즈_F212_2colors_1cm,https://www.wconcept.co.kr/Product/308868252,3,15,gk******,2026.09.05,"black, 240",푹신푹신 진짜 편해요!! 다른 색상도 구매하고 싶네요,5.0,"{""사이즈"": ""적당함"", ""색상"": ""같음"", ""발볼"": ""적당함""}",[]
308868252,아비스파,[30%쿠폰] [단독]Rosevil 로즈빌 메리제인 라운드토 플랫슈즈_F212_2colors_1cm,https://www.wconcept.co.kr/Product/308868252,3,16,ba******,2026.09.05,"black, 240",한사이즈 업해서 주문했어요. 발 까짐없고 진짜 편해요. 둥글납작 귀엽구요ㅋ 3센티도 있음 좋겠어요.,5.0,"{""사이즈"": ""적당함"", ""색상"": ""같음"", ""발볼"": ""넓음""}","[""https://media.wconcept.co.kr/review/308868252/308868252_1788573736053.jpg?RS=300""]"
308868252,아비스파,[30%쿠폰] [단독]Rosevil 로즈빌 메리제인 라운드토 플랫슈즈_F212_2colors_1cm,https://www.wconcept.co.kr/Product/308868252,3,17,ka******,2026.09.04,"black, 240",넘 편안하고 이쁩니다 색상별로 쟁여두는중이어요...,5.0,"{""사이즈"": ""적당함"", ""색상"": ""같음"", ""발볼"": ""적당함""}","[""https://media.wconcept.co.kr/review/308868252/308868252_1788503933892.jpeg?RS=300""]"
308868252,아비스파,[30%쿠폰] [단독]Rosevil 로즈빌 메리제인 라운드토 플랫슈즈_F212_2colors_1cm,https://www.wconcept.co.kr/Product/308868252,3,18,ss******,2026.09.02,"black, 240",너무 귀여운 플랫슈즈네요~ 신발 가죽도 부드럽고 발도 편해서 자주 애용할거 같아요!!!,5.0,"{""사이즈"": ""적당함"", ""색상"": ""같음"", ""발볼"": ""적당함""}","[""https://media.wconcept.co.kr/review/308868252/308868252_1788348234452.jpeg?RS=300""]"
308282989,아디다스,[KE3576] 3S PL,https://www.wconcept.co.kr/Product/308282989,1,1,01******,2026.09.13,L,정말 이쁘네요 두깨도 적당하고 가을 선선한 날씨에 딱이에요,5.0,"{""사이즈"": ""적당함"", ""색상"": ""같음"", ""소재"": ""같음""}",[]
308282989,아디다스,[KE3576] 3S PL,https://www.wconcept.co.kr/Product/308282989,1,2,01******,2026.09.13,M,정사이즈이고 간절기에 입기 너무 이쁩니다 배송도 정말 빨라요,5.0,"{""사이즈"": ""적당함"", ""색상"": ""같음"", ""소재"": ""같음""}","[""https://media.wconcept.co.kr/review/308282989/308282989_1789301812604.jpeg?RS=300""]"
308282989,아디다스,[KE3576] 3S PL,https://www.wconcept.co.kr/Product/308282989,1,3,wc******,2026.09.06,M,기장이 많이 길 줄 알았는데 적당해서 좋아요. 전체적으로 레귤러핏입니다. 저렴한 가격에 구매해서 만족스럽네요!,5.0,"{""사이즈"": ""적당함"", ""색상"": ""같음"", ""소재"": ""같음""}","[""https://media.wconcept.co.kr/review/308282989/308282989_1788640493862.jpg?RS=300""]"
308282989,아디다스,[KE3576] 3S PL,https://www.wconcept.co.kr/Product/308282989,1,4,kg******,2026.09.01,M,같은모델 흰색상 작년에 잘입어 검정도 사봄 팔길이도 길고 옷 총길이도 길어서 크게 입기 딱 좋아요 확실히 면으로 된 검정옷은 섬유가루가 나오는듯 그래서 면 검정은 잘 안사입는데 예뻐서 구매함,5.0,"{""사이즈"": ""적당함"", ""색상"": ""같음"", ""소재"": ""같음""}","[""https://media.wconcept.co.kr/review/308282989/308282989_1788263770151.jpg?RS=300""]"
308282989,아디다스,[KE3576] 3S PL,https://www.wconcept.co.kr/Product/308282989,1,5,wc******,2026.08.26,XL,가벼운 무게와 탄탄한 구조 덕분에 부담 없이 장시간 사용 가능합니다. 높은 내구성으로 더욱 만족스럽습니다.,5.0,"{""사이즈"": ""적당함"", ""색상"": ""같음"", ""소재"": ""같음""}",[]
308282989,아디다스,[KE3576] 3S PL,https://www.wconcept.co.kr/Product/308282989,1,6,wc******,2026.08.26,XL,가벼운 무게와 탄탄한 구조 덕분에 부담 없이 장시간 사용 가능합니다. 높은 내구성으로 더욱 만족스럽습니다.,5.0,"{""사이즈"": ""적당함"", ""색상"": ""같음"", ""소재"": ""같음""}",[]
308282989,아디다스,[KE3576] 3S PL,https://www.wconcept.co.kr/Product/308282989,2,7,wc******,2026.08.26,XL,오랜 시간 사용해도 피로감이 없고 편안함이 유지됨. 디자인과 기능성이 잘 어우러져 만족도가 높음.,5.0,"{""사이즈"": ""적당함"", ""색상"": ""같음"", ""소재"": ""같음""}",[]
308282989,아디다스,[KE3576] 3S PL,https://www.wconcept.co.kr/Product/308282989,2,8,wc******,2026.08.26,XL,오랜 시간 사용해도 피로감이 없고 편안함이 유지됨. 디자인과 기능성이 잘 어우러져 만족도가 높음.,5.0,"{""사이즈"": ""적당함"", ""색상"": ""같음"", ""소재"": ""같음""}",[]
308282989,아디다스,[KE3576] 3S PL,https://www.wconcept.co.kr/Product/308282989,2,9,wc******,2026.08.26,XL,오랜 시간 사용해도 처음 느낌 그대로 유지됨. 가벼운 무게 덕분에 장시간 사용해도 부담이 전혀 없음.,5.0,"{""사이즈"": ""적당함"", ""색상"": ""같음"", ""소재"": ""같음""}",[]
308282989,아디다스,[KE3576] 3S PL,https://www.wconcept.co.kr/Product/308282989,2,10,he******,2026.08.11,L,선물로 구매했습니다. 좋아할것 같아요~~!!,5.0,"{""사이즈"": ""적당함"", ""색상"": ""비슷함"", ""소재"": ""비슷함""}","[""https://media.wconcept.co.kr/review/308282989/308282989_1786437189271.jpg?RS=300""]"
308282989,아디다스,[KE3576] 3S PL,https://www.wconcept.co.kr/Product/308282989,2,11,he******,2026.08.11,M,잘맞아요~ 가을이후 잘입을듯 해요~~^^!!,5.0,"{""사이즈"": ""적당함"", ""색상"": ""비슷함"", ""소재"": ""비슷함""}","[""https://media.wconcept.co.kr/review/308282989/308282989_1786437149450.jpg?RS=300""]"
308282989,아디다스,[KE3576] 3S PL,https://www.wconcept.co.kr/Product/308282989,2,12,wc******,2026.03.13,XL,사이즈 잘 맞고 좋아요~ 지금 입기 딱 인거 같아요ㅎ,5.0,"{""사이즈"": ""적당함"", ""색상"": ""같음"", ""소재"": ""같음""}","[""https://media.wconcept.co.kr/review/308282989/308282989_1773355597706.jpg?RS=300""]"
308283249,무니드,[단 하루!30%쿠폰] PEARL OPEN COLLAR SHIRT - SILVER,https://www.wconcept.co.kr/Product/308283249,1,1,o3******,2026.09.13,SILVER O.S,"생각보다 빨리 왔어요! 너무 기대했던 셔츠인데, 넘 예쁘네요,너무 튈까봐 걱정이였는데 전혀 그렇지 않아요. 소재도 넘 독특하고 생각보다 여리해보여서 좋습니다!",5.0,"{""사이즈"": ""적당함"", ""색상"": ""같음"", ""소재"": ""같음""}","[""https://media.wconcept.co.kr/review/308283249/308283249_1789287381401.jpeg?RS=300""]"
308283249,무니드,[단 하루!30%쿠폰] PEARL OPEN COLLAR SHIRT - SILVER,https://www.wconcept.co.kr/Product/308283249,1,2,wc******,2026.09.11,SILVER O.S,빼입으면 잠옷같은 느낌이 없지 않아 있긴 한데 옷 자체가 스타일리쉬하고 넘 예쁘네용 단추가 살짝 헐렁한 느낌이라 불안하긴 한데 마음에 듭니다. 어두운 칼라도 구매하고 싶어지네요,5.0,"{""사이즈"": ""적당함"", ""색상"": ""같음"", ""소재"": ""같음""}","[""https://media.wconcept.co.kr/review/308283249/308283249_1789121567407.jpeg?RS=300"", ""https://media.wconcept.co.kr/review/308283249/308283249_1789121567313.jpeg?RS=300""]"
308283249,무니드,[단 하루!30%쿠폰] PEARL OPEN COLLAR SHIRT - SILVER,https://www.wconcept.co.kr/Product/308283249,1,3,he******,2026.09.11,SILVER O.S,맥 그렇게 고급스럽진않지만 휘뚤마뚤 잘입어보깄숨다잉,5.0,"{""사이즈"": ""적당함"", ""색상"": ""비슷함"", ""소재"": ""비슷함""}","[""https://media.wconcept.co.kr/review/308283249/308283249_1789108453048.jpg?RS=300""]"
308283249,무니드,[단 하루!30%쿠폰] PEARL OPEN COLLAR SHIRT - SILVER,https://www.wconcept.co.kr/Product/308283249,1,4,wc******,2026.09.09,SILVER O.S,소재가 미쳤습니다. 너무 부들거려요 은색이라 고민했는데 리뷰가 너무 좋아서 리뷰만 믿고샀는데 너무좋네요,5.0,"{""사이즈"": ""적당함"", ""색상"": ""비슷함"", ""소재"": ""비슷함""}","[""https://media.wconcept.co.kr/review/308283249/308283249_1788955141674.jpg?RS=300""]"
308283249,무니드,[단 하루!30%쿠폰] PEARL OPEN COLLAR SHIRT - SILVER,https://www.wconcept.co.kr/Product/308283249,1,5,wc******,2026.09.09,SILVER O.S,"생각한거 보다 더 이쁘고 지금 날씨에,딱입니다.부들부들 하고 고급져 보여서 넘 맘에 들어여",5.0,"{""사이즈"": ""적당함"", ""색상"": ""같음"", ""소재"": ""같음""}","[""https://media.wconcept.co.kr/review/308283249/308283249_1788945215812.jpg?RS=300""]"
308283249,무니드,[단 하루!30%쿠폰] PEARL OPEN COLLAR SHIRT - SILVER,https://www.wconcept.co.kr/Product/308283249,1,6,wc******,2026.09.07,SILVER O.S,원단도 너무 좋고 디자인도 너무 이뻐요 옷이 고급스럽네요,5.0,"{""사이즈"": ""적당함"", ""색상"": ""같음"", ""소재"": ""같음""}",[]
308283249,무니드,[단 하루!30%쿠폰] PEARL OPEN COLLAR SHIRT - SILVER,https://www.wconcept.co.kr/Product/308283249,2,7,py******,2026.09.04,SILVER O.S,하늘색 블라샀는데 요건 광택이 다를 줄알았는데 같은소재인거같아요 세탁하면 광택이 좀 덜할꺼같아서 아쉽네요,5.0,"{""사이즈"": ""적당함"", ""색상"": ""같음"", ""소재"": ""비슷함""}","[""https://media.wconcept.co.kr/review/308283249/308283249_1788532200211.jpg?RS=300""]"
308283249,무니드,[단 하루!30%쿠폰] PEARL OPEN COLLAR SHIRT - SILVER,https://www.wconcept.co.kr/Product/308283249,2,8,he******,2026.09.03,SILVER O.S,사진처럼 예뻐요. 은은한 광택감이 고급스러워 보이고 셔츠이지만 자켓처럼 입어도 되네요,5.0,"{""사이즈"": ""적당함"", ""색상"": ""같음"", ""소재"": ""같음""}","[""https://media.wconcept.co.kr/review/308283249/308283249_1788443535216.jpeg?RS=300""]"
308283249,무니드,[단 하루!30%쿠폰] PEARL OPEN COLLAR SHIRT - SILVER,https://www.wconcept.co.kr/Product/308283249,2,9,va******,2026.09.03,SILVER O.S,"무니드 처음에 샀던 블라우스들이 너무 이쁘고 마감도 좋아서 이 제품도 이후에 주문했던건데 펜자국이염, 밑단 마감풀림, 단추구멍마감불량등등.. 연이은 하자로 한달하고 9일만에 교환배송을 멈출 수 있었던 것 같아요. 최종적으로 받은 제품도 올린 사진처럼 한쪽 아래카라가 자글자글 울고, 한쪽 어깨 재봉부분만 좀 울지만 먼저번의 하자보단 양호한 거고, 입는데 큰 지장은 없어 품었어요. 피로도가 너무 컸고, 옷의 만듦새나 마감등에 있어 많은 아쉬움이 남았던 제품입니다. ㅠ ㅠ 핏은 적당한 오버핏에 광택은 많이 도는 타입입니다.",3.0,"{""사이즈"": ""적당함"", ""색상"": ""비슷함"", ""소재"": ""비슷함""}","[""https://media.wconcept.co.kr/review/308283249/thumbnail/10958388_308283249_1788408507355.jpg?RS=300"", ""https://media.wconcept.co.kr/review/308283249/308283249_1788408507282.jpeg?RS=300"", ""https://media.wconcept.co.kr/review/308283249/308283249_1788408507206.jpeg?RS=300"", ""https://media.wconcept.co.kr/review/308283249/308283249_1788408507075.jpeg?RS=300""]"
308283249,무니드,[단 하루!30%쿠폰] PEARL OPEN COLLAR SHIRT - SILVER,https://www.wconcept.co.kr/Product/308283249,2,10,gp******,2026.09.01,SILVER O.S,옷가게 점원이 입고 있는거 물어봐서 샀어요 ☺️ 당장 입을 옷이 아니라서 최대한 할인가 들어가면 살까 했는데 그냥 샀어요. 마음에 들어요. 시월은 돼야 입을 수 있을 거 같애요.,5.0,"{""사이즈"": ""적당함"", ""색상"": ""같음"", ""소재"": ""같음""}","[""https://media.wconcept.co.kr/review/308283249/308283249_1788270343074.jpeg?RS=300""]"
308283249,무니드,[단 하루!30%쿠폰] PEARL OPEN COLLAR SHIRT - SILVER,https://www.wconcept.co.kr/Product/308283249,2,11,wc******,2026.09.01,SILVER O.S,작년부터 계속 봤던 제품인데 ᆢ이제사 구입했네요. 사진그대로 세련된 다자인와 핏으로 스커트 팬츠 모두 잘 어울리네요,5.0,"{""사이즈"": ""적당함"", ""색상"": ""같음"", ""소재"": ""같음""}",[]
308283249,무니드,[단 하루!30%쿠폰] PEARL OPEN COLLAR SHIRT - SILVER,https://www.wconcept.co.kr/Product/308283249,2,12,na******,2026.08.31,SILVER O.S,새틴소재로 화면그대로입니다 색상도 고급스럽고 예뻐요,5.0,"{""사이즈"": ""적당함"", ""색상"": ""같음"", ""소재"": ""같음""}",[]
308283249,무니드,[단 하루!30%쿠폰] PEARL OPEN COLLAR SHIRT - SILVER,https://www.wconcept.co.kr/Product/308283249,3,13,ks******,2026.08.31,SILVER O.S,"무니드에 꽂혀서 남방이며 치마며 신나서 구매했어요. 워낙 반짝이는거 좋아해서 아주 맘에 쏙 듭니다. 땀이 많아 안에 이너를 입고 입어야 할 것 같아요. 슬랙스,스커트 다 잘어울립니다.",5.0,"{""사이즈"": ""적당함"", ""색상"": ""같음"", ""소재"": ""같음""}","[""https://media.wconcept.co.kr/review/308283249/308283249_1788108503640.jpg?RS=300""]"
308283249,무니드,[단 하루!30%쿠폰] PEARL OPEN COLLAR SHIRT - SILVER,https://www.wconcept.co.kr/Product/308283249,3,14,yy******,2026.08.26,SILVER O.S,배송 정말 빠르고 상품 색깔이 아주 만족스러워요,5.0,"{""사이즈"": ""큼"", ""색상"": ""같음"", ""소재"": ""같음""}",[]
308283249,무니드,[단 하루!30%쿠폰] PEARL OPEN COLLAR SHIRT - SILVER,https://www.wconcept.co.kr/Product/308283249,3,15,ho******,2026.08.26,SILVER O.S,옷 너무 예뻐요~ 저는 키가 커서 더 긴 기장이었음 싶긴한데 옷 자체는 너무 예뻐요. 아직 더워서 그게 아쉽네요ㅠㅠ,5.0,"{""사이즈"": ""적당함"", ""색상"": ""같음"", ""소재"": ""같음""}","[""https://media.wconcept.co.kr/review/308283249/308283249_1787729473697.jpg?RS=300""]"
308283249,무니드,[단 하루!30%쿠폰] PEARL OPEN COLLAR SHIRT - SILVER,https://www.wconcept.co.kr/Product/308283249,3,16,py******,2026.08.26,SILVER O.S,배송 빠르고 옷도 고급스럽고 너무 이뻐요ㅎㅎ!,5.0,"{""사이즈"": ""적당함"", ""색상"": ""같음"", ""소재"": ""같음""}","[""https://media.wconcept.co.kr/review/308283249/308283249_1787700212035.jpg?RS=300""]"
308283249,무니드,[단 하루!30%쿠폰] PEARL OPEN COLLAR SHIRT - SILVER,https://www.wconcept.co.kr/Product/308283249,3,17,ks******,2026.08.24,SILVER O.S,색감 괜찮고 아직 더워서 못입어봤어요 괜찮은거같아요,5.0,"{""사이즈"": ""적당함"", ""색상"": ""같음"", ""소재"": ""같음""}",[]
308283249,무니드,[단 하루!30%쿠폰] PEARL OPEN COLLAR SHIRT - SILVER,https://www.wconcept.co.kr/Product/308283249,3,18,km******,2026.08.24,SILVER O.S,은갈치 같지만 자꾸만 눈에 아른거려 구매. 결론은 스타일리쉬합니다 예뻐요예뻐 캐주얼이 갠적으로 더이쁨,5.0,"{""사이즈"": ""적당함"", ""색상"": ""비슷함"", ""소재"": ""같음""}","[""https://media.wconcept.co.kr/review/308283249/308283249_1787544050479.jpg?RS=300""]"
308317387,하우투러브미,[30%쿠폰] [컬러/사이즈추가]로먼 하이넥 블라우스[2colors],https://www.wconcept.co.kr/Product/308317387,1,1,as******,2026.09.12,CREAMIVORY_M,고급지고 정말 핏이 이쁨니다! 넘 맘에 들어서 블랙도 사려구합니다 ㅎㅎㅎ 날씬해보이고 강추강추,5.0,"{""사이즈"": ""적당함"", ""색상"": ""같음"", ""소재"": ""같음""}","[""https://media.wconcept.co.kr/review/308317387/308317387_1789195669396.jpg?RS=300""]"
308317387,하우투러브미,[30%쿠폰] [컬러/사이즈추가]로먼 하이넥 블라우스[2colors],https://www.wconcept.co.kr/Product/308317387,1,2,pp******,2026.09.12,CREAMIVORY_S,예쁜데 사자마자 할인이 더 들어가네요. 입고 예뻐서 기분 좋았다가 기분 안좋아졌어요..ㅠ 돌잔치에 입으려고 샀어요..,4.0,"{""사이즈"": ""적당함"", ""색상"": ""비슷함"", ""소재"": ""비슷함""}","[""https://media.wconcept.co.kr/review/308317387/308317387_1789191822778.jpeg?RS=300""]"
308317387,하우투러브미,[30%쿠폰] [컬러/사이즈추가]로먼 하이넥 블라우스[2colors],https://www.wconcept.co.kr/Product/308317387,1,3,mo******,2026.09.10,CREAMIVORY_FREE,66-통통66인데 입을때 조금 힘들게 입었어요 44-55입는 분들한테 예쁘게 잘 맞을거 같아요 키가 커서 팔도 좀 짧은데 옷 디자인이 맘에 들어서 그냥 입기로 결정했어요 니트안에 레이어드 해서 입으면 더 예쁠거 같아요,5.0,"{""사이즈"": ""작음"", ""색상"": ""같음"", ""소재"": ""비슷함""}","[""https://media.wconcept.co.kr/review/308317387/308317387_1789012997322.jpg?RS=300""]"
308317387,하우투러브미,[30%쿠폰] [컬러/사이즈추가]로먼 하이넥 블라우스[2colors],https://www.wconcept.co.kr/Product/308317387,1,4,01******,2026.09.05,CREAMIVORY_FREE,후기대로 넥 부분 카라 만들기가 쉽지는 않지만 레이어드용으로 아주 좋아요!!,5.0,"{""사이즈"": ""적당함"", ""색상"": ""같음"", ""소재"": ""같음""}","[""https://media.wconcept.co.kr/review/308317387/308317387_1788603031249.jpeg?RS=300""]"
308317387,하우투러브미,[30%쿠폰] [컬러/사이즈추가]로먼 하이넥 블라우스[2colors],https://www.wconcept.co.kr/Product/308317387,1,5,su******,2026.09.05,CREAMIVORY_S,이런 화이트 블라우스 많은데 넥 부분이 맘에 들어서 구입했어요 나중에 니트랄 받쳐입으려구요 맘에 듭니다,5.0,"{""사이즈"": ""적당함"", ""색상"": ""비슷함"", ""소재"": ""비슷함""}","[""https://media.wconcept.co.kr/review/308317387/308317387_1788597502234.jpeg?RS=300""]"
308317387,하우투러브미,[30%쿠폰] [컬러/사이즈추가]로먼 하이넥 블라우스[2colors],https://www.wconcept.co.kr/Product/308317387,1,6,so******,2026.09.04,CREAMIVORY_FREE,소재가 독특해요 약간 누린 끼 있는 아이보리에요,5.0,"{""사이즈"": ""적당함"", ""색상"": ""비슷함"", ""소재"": ""비슷함""}","[""https://media.wconcept.co.kr/review/308317387/308317387_1788505494923.jpeg?RS=300""]"
308317387,하우투러브미,[30%쿠폰] [컬러/사이즈추가]로먼 하이넥 블라우스[2colors],https://www.wconcept.co.kr/Product/308317387,2,7,89******,2026.09.03,CREAMIVORY_S,배송이 늦을 줄 알았는데 빨리와서 좋네용 ㅎㅎ 옷은 고급스럽고 쨍한 화이트도 아닌 부드러운 색이라 더 맘에 들어요! 입는 순간 반해버립니다👍🏻🤍,5.0,"{""사이즈"": ""적당함"", ""색상"": ""같음"", ""소재"": ""같음""}","[""https://media.wconcept.co.kr/review/308317387/308317387_1788433640651.jpeg?RS=300""]"
308317387,하우투러브미,[30%쿠폰] [컬러/사이즈추가]로먼 하이넥 블라우스[2colors],https://www.wconcept.co.kr/Product/308317387,2,8,in******,2026.09.02,CREAMIVORY_FREE,깨끗하고 예쁜 블라우스네요 입으면 핏이 예쁨쁨,5.0,"{""사이즈"": ""적당함"", ""색상"": ""같음"", ""소재"": ""같음""}","[""https://media.wconcept.co.kr/review/308317387/308317387_1788346567771.jpeg?RS=300""]"
308317387,하우투러브미,[30%쿠폰] [컬러/사이즈추가]로먼 하이넥 블라우스[2colors],https://www.wconcept.co.kr/Product/308317387,2,9,ch******,2026.08.28,CREAMIVORY_FREE,격식있는자리 입을려고 구매했는데 너무 예뻐요 여성스러운 옷 이네요 단점은 벗을때 조금힘드네요 그래도 이뻐요,5.0,"{""사이즈"": ""적당함"", ""색상"": ""비슷함"", ""소재"": ""비슷함""}","[""https://media.wconcept.co.kr/review/308317387/308317387_1787925120519.jpg?RS=300""]"
308317387,하우투러브미,[30%쿠폰] [컬러/사이즈추가]로먼 하이넥 블라우스[2colors],https://www.wconcept.co.kr/Product/308317387,2,10,wc******,2026.08.28,CREAMIVORY_FREE,너무 예뻐요 !!!! 슬랙스랑 같이 입으면 예쁠거 같아요,5.0,"{""사이즈"": ""적당함"", ""색상"": ""같음"", ""소재"": ""비슷함""}","[""https://media.wconcept.co.kr/review/308317387/308317387_1787912341248.jpeg?RS=300""]"
308317387,하우투러브미,[30%쿠폰] [컬러/사이즈추가]로먼 하이넥 블라우스[2colors],https://www.wconcept.co.kr/Product/308317387,2,11,el******,2026.07.28,CREAMIVORY_FREE,너무 예뻐요 진자 ㅠ 까슬거림없고 좋아영 고급져,5.0,"{""사이즈"": ""적당함"", ""색상"": ""비슷함"", ""소재"": ""같음""}",[]
308317387,하우투러브미,[30%쿠폰] [컬러/사이즈추가]로먼 하이넥 블라우스[2colors],https://www.wconcept.co.kr/Product/308317387,2,12,rb******,2026.07.10,CREAMIVORY_FREE,고급스럽오 핏도 너무 예뻐요!! 편하게 입을 수 있어용 입을 때마다 만족스럽습니다! 잘 산거 같아서 기분좋아요!! 좀 더 화이트었음 좋을거같아요,5.0,"{""사이즈"": ""적당함"", ""색상"": ""같음"", ""소재"": ""같음""}","[""https://media.wconcept.co.kr/review/308317387/308317387_1783644569357.jpeg?RS=300""]"
308317387,하우투러브미,[30%쿠폰] [컬러/사이즈추가]로먼 하이넥 블라우스[2colors],https://www.wconcept.co.kr/Product/308317387,3,13,Ke******,2026.07.04,CREAMIVORY_FREE,출근룩으로 잘 입고 있습니다. 길이가 길어서 바지랑 치마 무난하게 잘 어울닙니다.,5.0,"{""사이즈"": ""작음"", ""색상"": ""같음"", ""소재"": ""같음""}",[]
308317387,하우투러브미,[30%쿠폰] [컬러/사이즈추가]로먼 하이넥 블라우스[2colors],https://www.wconcept.co.kr/Product/308317387,3,14,fl******,2026.06.24,CREAMIVORY_FREE,매우 우아한 디자인에 사이즈도 넉넉하고 예뻐요,5.0,"{""사이즈"": ""적당함"", ""색상"": ""같음"", ""소재"": ""같음""}",[]
308317387,하우투러브미,[30%쿠폰] [컬러/사이즈추가]로먼 하이넥 블라우스[2colors],https://www.wconcept.co.kr/Product/308317387,3,15,cs******,2026.06.21,CREAMIVORY_FREE,오랜 기다림끝에 받았는데 아직 입어보진 못했네요 디자인은 진짜 넘예쁘네요,5.0,"{""사이즈"": ""적당함"", ""색상"": ""같음"", ""소재"": ""같음""}","[""https://media.wconcept.co.kr/review/308317387/308317387_1781967670647.jpg?RS=300""]"
308317387,하우투러브미,[30%쿠폰] [컬러/사이즈추가]로먼 하이넥 블라우스[2colors],https://www.wconcept.co.kr/Product/308317387,3,16,mj******,2026.06.12,CREAMIVORY_FREE,예뻐요 세트로 입으니 더 이쁨 만족해요 잘입었어요,5.0,"{""사이즈"": ""적당함"", ""색상"": ""같음"", ""소재"": ""같음""}",[]
308317387,하우투러브미,[30%쿠폰] [컬러/사이즈추가]로먼 하이넥 블라우스[2colors],https://www.wconcept.co.kr/Product/308317387,3,17,ki******,2026.06.12,CREAMIVORY_FREE,우리딸 사줬어요 피팅되어 있는 쪼끼랑 같이 샀어요 이뻐요,5.0,"{""사이즈"": ""적당함"", ""색상"": ""같음"", ""소재"": ""같음""}",[]
308317387,하우투러브미,[30%쿠폰] [컬러/사이즈추가]로먼 하이넥 블라우스[2colors],https://www.wconcept.co.kr/Product/308317387,3,18,5_******,2026.06.12,CREAMIVORY_FREE,사진이 더 예쁜 것 같아요...! 손이 잘 안 가는 옷입니다 ㅠ,3.0,"{""사이즈"": ""적당함"", ""색상"": ""비슷함"", ""소재"": ""비슷함""}","[""https://media.wconcept.co.kr/review/308317387/308317387_1781246038847.jpeg?RS=300""]"
308826676,슬로우롤리,[20%쿠폰] Belted denim jacket_2 Colors,https://www.wconcept.co.kr/Product/308826676,1,1,wc******,2026.09.13,Mid blue_Free,"데님 재킷을 살 때 제일 까다롭게 보게 되는 건 단연 '컬러감'과 '어깨 핏'인 것 같아요. 너무 짙은 딥블루는 자칫 촌스러워 보이기 쉽고, 지나치게 빠진 워싱은 계절을 타고 가벼워 보이기 마련인데, 이 미드 블루(Mid blue) 컬러는 톤이 정말絶妙하게 잡혔습니다. 너무 텁텁하지도, 날리지도 않는 톤다운된 은은한 중청 컬러라 봄·가을은 물론 환절기 레이어드 아이템으로 착 매치하기 제격이에요. 가장 만족스러운 디테일은 단연 허리 벨트 스트랩입니다. 일반적인 박시한 청자켓은 단추를 잠그면 자칫 통짜 몸매처럼 보이거나 아우터에 묻히는 느낌이 있는데, 이 제품은 허리 끈을 툭 묶어주거나 벨트를 채워주면 원피스나 페미닌한 라인처럼 스타일리시하게 실루엣이 잡혀요. 물론 벨트를 풀고 풀오버나 셔츠 위에 가볍게 걸쳐서 아우터 형태로 툭 늘어뜨려도 어깨 라인이 자연스럽게 떨어져서 스타일리시한 무드가 연출됩니다. 원단 자체도 흐물거리는 저가형 데님이 아니라 적당히 탄탄하게 형태감을 잡아주는 소재라, 여러 번 착용하거나 세탁해도 카라나 소매 형태가 무너지지 않고 깔끔하게 유지되는 점이 마음에 드네요. 슬랙스나 스커트 위에 포인트 아우터로 얹어주기만 해도 코디가 완성되는 느낌이라 활용도가 매우 높습니다. 흔한 기본 청자켓에서 벗어나 한 끗 차이로 감각적인 룩을 완성하고 싶은 분들께 꼭 권해드리고 싶은 데님 재킷이에요.",5.0,"{""사이즈"": ""적당함"", ""색상"": ""같음"", ""소재"": ""같음""}",[]
308826676,슬로우롤리,[20%쿠폰] Belted denim jacket_2 Colors,https://www.wconcept.co.kr/Product/308826676,1,2,je******,2026.09.13,Mid blue_Free,이런 디자인 찾다가 예뻐서 구매했는데 핏 넘 마음에 들어요 어디든 다 잘어울리고 착용감 편합니다,5.0,"{""사이즈"": ""적당함"", ""색상"": ""같음"", ""소재"": ""같음""}",[]
308826676,슬로우롤리,[20%쿠폰] Belted denim jacket_2 Colors,https://www.wconcept.co.kr/Product/308826676,1,3,tt******,2026.09.12,Mid blue_Free,"가을에 편하게 입을 수 있는 데님 아우터를 찾다가 디자인이 마음에 들어 구매했습니다. 일반 청재킷과 달리 허리 벨트가 있어서 자연스럽게 라인을 잡아줄 수 있고, 벨트를 풀어서 입으면 또 다른 느낌이라 활용도가 높네요. 카라 부분의 배색과 소매 안쪽 체크 포인트도 예뻐서 밋밋하지 않고 전체적으로 빈티지하면서 세련된 느낌입니다. 청바지보다는 베이지나 블랙 계열 하의와 코디하면 더 예쁜 것 같아요. 적당히 여유 있는 핏이라 안에 티셔츠나 얇은 니트를 입기도 좋고 봄, 가을에 자주 손이 갈 것 같습니다.",5.0,"{""사이즈"": ""적당함"", ""색상"": ""같음"", ""소재"": ""같음""}","[""https://media.wconcept.co.kr/review/308826676/308826676_1789212772647.jpg?RS=300""]"
308826676,슬로우롤리,[20%쿠폰] Belted denim jacket_2 Colors,https://www.wconcept.co.kr/Product/308826676,1,4,Ka******,2026.09.12,Mid blue_Free,벨트로 허리 라인을 슬림하게 잡아도 예쁘고 그냥 풀어서 툭 걸쳐도 핏이 멋스러워요 탄탄한 미드 블루 데님이라 간절기에 슬랙스나 원피스 위에 레이어드하기 딱 좋음,5.0,"{""사이즈"": ""적당함"", ""색상"": ""같음"", ""소재"": ""같음""}","[""https://media.wconcept.co.kr/review/308826676/308826676_1789145375881.jpg?RS=300""]"
308826676,슬로우롤리,[20%쿠폰] Belted denim jacket_2 Colors,https://www.wconcept.co.kr/Product/308826676,1,5,wc******,2026.09.12,Mid blue_Free,벨트를 묶어주면 허리 라인이 잡혀 일반 청자켓과는 또 다른 느낌이 나네요. 여유 있는 핏이라 편하고 벨트를 풀어서 툭 걸쳐 입어도 멋스러워요. 팬츠나 스커트 모두 잘 어울려서 가을 코디에 활용하기 좋아요.,5.0,"{""사이즈"": ""적당함"", ""색상"": ""같음"", ""소재"": ""같음""}",[]
308826676,슬로우롤리,[20%쿠폰] Belted denim jacket_2 Colors,https://www.wconcept.co.kr/Product/308826676,1,6,ye******,2026.09.11,Mid blue_Free,가벼운 재킷 하나 필요해서 구매했는데 생각보다 활용도가 훨씬 높았어요. 벨트 디테일이 세련되게 들어가 있어서 밋밋하지 않고 포인트가 됐습니다. 핏이 박시해서 여러 벌 겹쳐 입어도 답답하지 않았어요.,5.0,"{""사이즈"": ""적당함"", ""색상"": ""같음"", ""소재"": ""같음""}",[]
308826676,슬로우롤리,[20%쿠폰] Belted denim jacket_2 Colors,https://www.wconcept.co.kr/Product/308826676,2,7,wc******,2026.09.11,Mid blue_Free,세련된 미드블루 컬러~ 너무 텁텁하지 않게 카라색상이 달라서 조금 더 세련되어 보이는 색감 좋네요. 허리 벨트가 있어서 디테일 덕분에 라인을 슬림하게 잡아줘서 비율까지 좋아 보여서 넘 만족해요. 멋스러운 컬러감의 자켓 구매 잘했어요,5.0,"{""사이즈"": ""적당함"", ""색상"": ""같음"", ""소재"": ""같음""}","[""https://media.wconcept.co.kr/review/308826676/308826676_1789119923227.jpg?RS=300""]"
308826676,슬로우롤리,[20%쿠폰] Belted denim jacket_2 Colors,https://www.wconcept.co.kr/Product/308826676,2,8,ys******,2026.09.11,Mid blue_Free,"미드블루 컬러가 딱 제가 생각했던 자연스러운 데님 색감이라 마음에 들었어요. 너무 밝거나 진한 느낌이 아니라 여러 옷에 무난하게 잘 어울리고, 특히 흰 티셔츠나 기본 이너 위에 걸쳐주기만 해도 코디가 깔끔하게 완성되더라고요. 가장 마음에 들었던 건 역시 벨트 디테일인데 그냥 입었을 때와 묶어서 입었을 때 분위기가 꽤 달라져서 활용하기 좋았어요. 벨트를 살짝 묶으면 허리라인이 잡혀서 부해 보이지 않고 여성스러운 느낌도 있어서 좋았어요. 청바지랑 같이 입으면 캐주얼하고 스커트나 원피스랑 입으면 조금 더 분위기 있게 연출할 수 있을 것 같아요",5.0,"{""사이즈"": ""적당함"", ""색상"": ""같음"", ""소재"": ""같음""}",[]
308826676,슬로우롤리,[20%쿠폰] Belted denim jacket_2 Colors,https://www.wconcept.co.kr/Product/308826676,2,9,ni******,2026.09.11,Mid blue_Free,청자켓 이쁘네요 갑자기 아침저녁으로 날씨가 쌀쌀해져서 하나 장만했어요 굳입니다,5.0,"{""사이즈"": ""적당함"", ""색상"": ""같음"", ""소재"": ""같음""}",[]
308826676,슬로우롤리,[20%쿠폰] Belted denim jacket_2 Colors,https://www.wconcept.co.kr/Product/308826676,2,10,ju******,2026.09.10,Mid blue_Free,벨트로 허리를 묶어주니 부해 보이지 않고 날씬해 보여서 정말 예뻐요 워싱 색감이 감각적이라 어떤 하의와 코디해도 넘나 잘 어울려요 ㅎㅎ 가을 날씨에 입기 딱 좋아서 요즘 외출할 때 입기 딱이에요!,5.0,"{""사이즈"": ""적당함"", ""색상"": ""같음"", ""소재"": ""같음""}",[]
308826676,슬로우롤리,[20%쿠폰] Belted denim jacket_2 Colors,https://www.wconcept.co.kr/Product/308826676,2,11,wc******,2026.09.10,Mid blue_Free,데님 컬러 진짜 이뻐요 그동안 데님자켓 사려고 계속 이곳저곳 검색해보다가 주문한건데 이거사고 데님은 종결했네요 ㅎㅎ가볍게 걸치기좋아서 가을부터 꾸준히 입기좋을 것 같아요~~!,5.0,"{""사이즈"": ""적당함"", ""색상"": ""같음"", ""소재"": ""같음""}",[]
308826676,슬로우롤리,[20%쿠폰] Belted denim jacket_2 Colors,https://www.wconcept.co.kr/Product/308826676,2,12,do******,2026.09.10,Mid blue_Free,너무 쨍한 파란색이 아니라 자연스럽게 빠진 데님 컬러라 기존에 가지고 있던 옷들이랑 맞춰 입기 편했어요 베이지나 카키색 반바지랑 입어도 잘 어울리고 날씨 좀 더 쌀쌀해지면 긴바지에 부츠 신어도 예쁠 것 같아요.,5.0,"{""사이즈"": ""적당함"", ""색상"": ""같음"", ""소재"": ""같음""}","[""https://media.wconcept.co.kr/review/308826676/308826676_1789006835280.jpg?RS=300""]"
308826676,슬로우롤리,[20%쿠폰] Belted denim jacket_2 Colors,https://www.wconcept.co.kr/Product/308826676,3,13,ll******,2026.09.10,Mid blue_Free,여성스럽고 예쁜 느낌의 청자켓이에요! 멋쁨느낌 낭낭해서 바지랑 입어도 잘어울리고 치마랑 입어도 고급지고 청순한 느낌이라 진짜 잘 산 것 같아요. 허리 벨트 포인트가 젤 맘에들어요 유니크한 느낌이라 진짜 조음,5.0,"{""사이즈"": ""적당함"", ""색상"": ""같음"", ""소재"": ""같음""}",[]
308826676,슬로우롤리,[20%쿠폰] Belted denim jacket_2 Colors,https://www.wconcept.co.kr/Product/308826676,3,14,Ka******,2026.09.09,Mid blue_Free,데님재킷 하나 장만하려고 찾다가 벨트 디테일이 있는 게 눈에 띄어서 샀어요. 미드블루라 너무 진하지도 연하지도 않은 딱 무난한 색상이에요. 청바지랑 데님온데님으로 입어도 되고 다른 바지랑 매치해도 잘 어울려요. 소재가 뻣뻣하지 않고 입기 편한 편이에요.,5.0,"{""사이즈"": ""적당함"", ""색상"": ""같음"", ""소재"": ""같음""}",[]
308826676,슬로우롤리,[20%쿠폰] Belted denim jacket_2 Colors,https://www.wconcept.co.kr/Product/308826676,3,15,wc******,2026.09.07,Mid blue_Free,고민하다가 구매하였는데 너무좋습니다 데님 자켓 너무 이쁘고 고급스럽고 좋습니다 배송도 빠르고 포장도 좋습니다 가격도 부담없이 구매하였습니다 데님 자켓 너무 이쁘고 좋아서 지인들에게도 추천하였습니다 최고입니다~~,5.0,"{""사이즈"": ""적당함"", ""색상"": ""같음"", ""소재"": ""같음""}",[]
308826676,슬로우롤리,[20%쿠폰] Belted denim jacket_2 Colors,https://www.wconcept.co.kr/Product/308826676,3,16,yi******,2026.09.07,Mid blue_Free,"워싱도 예쁘게 잘 빠지고, 카라에 브라운 포인트를 둔것도 예뻐요 소매 걷어 입으면 안감이 체크라 귀여운 느낌도 들구요.. 청바지랑 청청 패션으로 코디해도 예쁘고, 스커트나 다른 옷들과도 잘 어울려 좋네요~",5.0,"{""사이즈"": ""적당함"", ""색상"": ""같음"", ""소재"": ""같음""}",[]
308826676,슬로우롤리,[20%쿠폰] Belted denim jacket_2 Colors,https://www.wconcept.co.kr/Product/308826676,3,17,hs******,2026.09.07,Mid blue_Free,기본 데님 자켓보다 벨트 디테일이 있어서 훨씬 스타일리시해 보여요. 허리 라인을 잡아주니까 부해 보이지 않고 전체적인 핏도 예쁘게 떨어집니다. 청바지랑 데님 셋업처럼 입어도 괜찮고 슬랙스나 스커트랑 매치해도 잘 어울려요. 벨트를 묶는 방식에 따라 분위기가 달라져서 여러 느낌으로 코디하기 좋습니다. 봄이나 가을 간절기에 자주 손이 갈 것 같은 자켓이에요ㅎ,5.0,"{""사이즈"": ""적당함"", ""색상"": ""같음"", ""소재"": ""같음""}",[]
308826676,슬로우롤리,[20%쿠폰] Belted denim jacket_2 Colors,https://www.wconcept.co.kr/Product/308826676,3,18,ss******,2026.09.07,Mid blue_Free,색도 이쁘고 디자인도 맘에 들어요ㅎㅎ 착용감도 괜찮고 입었을 때 더 이뻐요:),5.0,"{""사이즈"": ""적당함"", ""색상"": ""같음"", ""소재"": ""같음""}",[]
306933814,파사드패턴,커브드 데님_vintage midnight,https://www.wconcept.co.kr/Product/306933814,1,1,wc******,2026.09.12,XSMALL (-3cm),파사드패턴은 항상 디자인이 이뻐 눈여겨 봤던 제품이에요. 다만 키가 작은 저에겐 무언가 도전같은 이미지였구요. 드디어 도전해봤는데 대성공입니다. -3 했더니 수선없이 입을수있게 기장 너무 예쁘게 떨어지고 허리랑 엉덩이 떨어지는 라인이 너무 예뻐요. 원단은 돋톰하니 여름빼고 다 가능할듯.다른 디자인도 도전해보려구요.,5.0,"{""사이즈"": ""적당함"", ""색상"": ""같음"", ""소재"": ""같음""}",[]
306933814,파사드패턴,커브드 데님_vintage midnight,https://www.wconcept.co.kr/Product/306933814,1,2,ja******,2026.09.12,MEDIUM (-3cm),색상이 오묘하고 핏이 이뻐요! 너무 뻣뻣해서 세탁을 해봐야 할 것 같네요. 주머니가 짧은 것 빼고는 단점이 없어요! 키가 작은 저에게 기장-3cm가 있어서 너무 편해요.,5.0,"{""사이즈"": ""적당함"", ""색상"": ""비슷함"", ""소재"": ""비슷함""}","[""https://media.wconcept.co.kr/review/306933814/306933814_1789175338828.jpeg?RS=300""]"
306933814,파사드패턴,커브드 데님_vintage midnight,https://www.wconcept.co.kr/Product/306933814,1,3,ro******,2026.09.12,XSMALL (-3cm),딸 주려고 샀어요 길이가 너무 길어서 수선해야겠어요 멋스러운 데님입니다 가을에 입기좋겠어요,4.0,"{""사이즈"": ""적당함"", ""색상"": ""비슷함"", ""소재"": ""같음""}","[""https://media.wconcept.co.kr/review/306933814/306933814_1789162797184.jpg?RS=300""]"
306933814,파사드패턴,커브드 데님_vintage midnight,https://www.wconcept.co.kr/Product/306933814,1,4,gy******,2026.09.10,SMALL,고민괜히했나봐요 교복탄생 파사드패턴 좋아여,5.0,"{""사이즈"": ""적당함"", ""색상"": ""같음"", ""소재"": ""같음""}","[""https://media.wconcept.co.kr/review/306933814/306933814_1788968333562.jpeg?RS=300""]"
306933814,파사드패턴,커브드 데님_vintage midnight,https://www.wconcept.co.kr/Product/306933814,1,5,ro******,2026.09.09,XSMALL,"바지 실물 진짜 예뻐요. 색깔도 살짝 물빠진 색이라는게 뭔지 알겠어요. 근데 예쁩니다. 파사드패턴에서 바지 두 번째 구매 해봤는데, 저한테는 xs이 딱 맞아요. 핏도 재질도 색감도 편안함도 모든게 완벽해요. 진짜 비싸서 살때 엄청 고민 많이 했는데 그 고민이 무색할정도네요. ㅎ 다음에 돈 모아서 더 사려고요.",5.0,"{""사이즈"": ""큼"", ""색상"": ""같음"", ""소재"": ""같음""}","[""https://media.wconcept.co.kr/review/306933814/306933814_1788959023201.jpg?RS=300"", ""https://media.wconcept.co.kr/review/306933814/306933814_1788959023136.jpg?RS=300"", ""https://media.wconcept.co.kr/review/306933814/306933814_1788959023031.jpg?RS=300""]"
306933814,파사드패턴,커브드 데님_vintage midnight,https://www.wconcept.co.kr/Product/306933814,1,6,98******,2026.09.06,XSMALL,비싸서 한참 고민하다가 세일에 큰맘먹고 샀는데 역시나 너무이뻐요 모델핏은아니지만 기장 허리 바지통 모두 저는 맞춤복같아요,5.0,"{""사이즈"": ""적당함"", ""색상"": ""비슷함"", ""소재"": ""같음""}","[""https://media.wconcept.co.kr/review/306933814/306933814_1788656858538.jpg?RS=300"", ""https://media.wconcept.co.kr/review/306933814/306933814_1788656858457.jpg?RS=300"", ""https://media.wconcept.co.kr/review/306933814/306933814_1788656858301.jpg?RS=300""]"
306933814,파사드패턴,커브드 데님_vintage midnight,https://www.wconcept.co.kr/Product/306933814,2,7,he******,2026.09.01,XSMALL (-3cm),선물로 구매했어요 160 인데 길이가 아주 조금 길다하고 핏은 너무 이쁘고 편하다고 하네요,5.0,"{""사이즈"": ""큼"", ""색상"": ""같음"", ""소재"": ""같음""}",[]
306933814,파사드패턴,커브드 데님_vintage midnight,https://www.wconcept.co.kr/Product/306933814,2,8,tj******,2026.08.28,XSMALL,교복도착 ㄷㄷㄷ믿고사는 파사드패턴 바지!! 처음에 코듀로인가? 싶었는데 색깔도 오묘하고 라인도 멋스럽고 넘 제스타일이에여 사이즈도 많이 와이드하지않고 딱 편하게 적당합니다!!!,5.0,"{""사이즈"": ""적당함"", ""색상"": ""같음"", ""소재"": ""같음""}","[""https://media.wconcept.co.kr/review/306933814/306933814_1787900920039.jpg?RS=300""]"
306933814,파사드패턴,커브드 데님_vintage midnight,https://www.wconcept.co.kr/Product/306933814,2,9,ki******,2026.08.27,SMALL (-3cm),-3cm로 구매했는데도 저한텐 수선이 필요하네요. 제가 바지를 발끝에 끌리면 불편하고 옷도 지저분해져서 기장을 길게 안입어서 그런것도 있어요. 리뷰에 색상이 오묘하고 예쁘다라는 글을 봤는데 받아보니 왜그런 표현을 했는지 알겠어요. 저는 핏이 좋았고 편안했어요. 색상도 흔하지 않은 색상이라 추천합니다.,5.0,"{""사이즈"": ""적당함"", ""색상"": ""같음"", ""소재"": ""같음""}","[""https://media.wconcept.co.kr/review/306933814/306933814_1787807558577.jpg?RS=300""]"
306933814,파사드패턴,커브드 데님_vintage midnight,https://www.wconcept.co.kr/Product/306933814,2,10,wn******,2026.08.14,SMALL,바지 편하고 핏 예쁘고 마음에 들어요 자주 입을 듯,5.0,"{""사이즈"": ""적당함"", ""색상"": ""같음"", ""소재"": ""같음""}",[]
306933814,파사드패턴,커브드 데님_vintage midnight,https://www.wconcept.co.kr/Product/306933814,2,11,tk******,2026.08.10,SMALL (-3cm),생각보다 두꺼운 소재라 가을-겨울에 더 잘 입을거같아요 색상은 특이하긴 해요,5.0,"{""사이즈"": ""적당함"", ""색상"": ""비슷함"", ""소재"": ""비슷함""}","[""https://media.wconcept.co.kr/review/306933814/306933814_1786344378699.jpeg?RS=300""]"
306933814,파사드패턴,커브드 데님_vintage midnight,https://www.wconcept.co.kr/Product/306933814,2,12,pa******,2026.08.10,XSMALL,"XS 맞긴한데 여유핏이 예쁜 바지라 S로 교환했어요. 크긴한데 벨트할 만큼은 아니고 살짝 여유있어서 편하고 좋아요. 기장은 -3 하니까 바닥에 닿을락말락한 길이로 딱 떨어져요. 두꺼운 편이고 편하고 색상, 핏 예뻐요. 아쉬운 점은 염색이 균일하게 되있는 것 같진 않아요.",5.0,"{""사이즈"": ""큼"", ""색상"": ""비슷함"", ""소재"": ""비슷함""}","[""https://media.wconcept.co.kr/review/306933814/306933814_1786302970373.jpeg?RS=300""]"
306933814,파사드패턴,커브드 데님_vintage midnight,https://www.wconcept.co.kr/Product/306933814,3,13,su******,2026.08.09,SMALL,사이즈가 여유있다는 리뷰 보고 S했는데 잘 맞고 예뻐요. 색이 진짜 흔하게 볼수 있는 색이 아닌데 사진에 안담겨요. 라인도 예쁘고 색이 예뻐서 너무 마음에 듭니다. 파사드패턴 바지 짱입니다.,5.0,"{""사이즈"": ""적당함"", ""색상"": ""같음"", ""소재"": ""비슷함""}","[""https://media.wconcept.co.kr/review/306933814/306933814_1786257808734.jpg?RS=300"", ""https://media.wconcept.co.kr/review/306933814/306933814_1786257808640.jpg?RS=300""]"
306933814,파사드패턴,커브드 데님_vintage midnight,https://www.wconcept.co.kr/Product/306933814,3,14,da******,2026.08.08,SMALL (-3cm),색상이 생각했던 것보단 밝아요 기장은 딱 좋고 허리는 너무 크네요 근데 골반이 적당히 맞아서 사이즈 교환은 안했어요 감사합니다,3.0,"{""사이즈"": ""적당함"", ""색상"": ""같음"", ""소재"": ""같음""}","[""https://media.wconcept.co.kr/review/306933814/306933814_1786153559580.jpeg?RS=300""]"
306933814,파사드패턴,커브드 데님_vintage midnight,https://www.wconcept.co.kr/Product/306933814,3,15,fo******,2026.08.07,SMALL,디자인이며 재질이며 의심없이 구매하고 있습니다. 장바구니 계속 담아뒀던 팬츠인데 세일하길래 고민없이 결재했습니다. 원래 하의 사이즈는 M인데 파사드는 항상 S가 잘 맛더라구요. 넉넉하게 편안하게 잘 맞아요. 지금은 좀 더울것 같고 시원해지면 잘입을수 있을것 같아요.,5.0,"{""사이즈"": ""적당함"", ""색상"": ""같음"", ""소재"": ""같음""}",[]
306933814,파사드패턴,커브드 데님_vintage midnight,https://www.wconcept.co.kr/Product/306933814,3,16,sa******,2026.08.05,MEDIUM (-3cm),색상이 오묘한데 색감이 잘 안잡히네요. 화면같은 청느낌은 아니고 청보라빛 나는 면바지에요. 핏이 마음에 듭니다.,5.0,"{""사이즈"": ""적당함"", ""색상"": ""비슷함"", ""소재"": ""같음""}","[""https://media.wconcept.co.kr/review/306933814/306933814_1785920360441.jpg?RS=300""]"
306933814,파사드패턴,커브드 데님_vintage midnight,https://www.wconcept.co.kr/Product/306933814,3,17,ru******,2026.08.04,XSMALL (-3cm),물진 남색입니다 괜찮네요 사이즈도 길이도 모두 너무 좋아여. 다른 제품도 입어보고싶어요,5.0,"{""사이즈"": ""적당함"", ""색상"": ""비슷함"", ""소재"": ""같음""}","[""https://media.wconcept.co.kr/review/306933814/306933814_1785851294074.jpg?RS=300""]"
306933814,파사드패턴,커브드 데님_vintage midnight,https://www.wconcept.co.kr/Product/306933814,3,18,2s******,2026.08.04,SMALL (-3cm),와 진짜 왕 허벅지라 허벅지에 맞춰 사는데 기대안하고 주문 했는데 입자마자 소리지름 여기 기본데님 M 사이즈 입고 있었고 (평소사이즈 27-28)이고는 크다고 해서 S 로 샀는데 여유롭게 맞아요 마치 M사이즈 같아요 하지만 S인거 다시 확인 했어요 괜히 기분은 좋네요!! ㅋㅋㅋ사진 찍느라 허리를 숙여서 그렇지 와이존 끼지 않고 널럴해요 색은 물빠진 다크네이비 넘나 맘에 들구요 -3센치 딱 수선할 기장인데 수선비 아껴서 좋구요 폭염에 세탁소 안가게 해줘서 고마워용,5.0,"{""사이즈"": ""큼"", ""색상"": ""비슷함"", ""소재"": ""비슷함""}","[""https://media.wconcept.co.kr/review/306933814/306933814_1785850877008.jpeg?RS=300""]"
308023502,프론트로우,[앵콜 세일] [이태리 트위드]Trimmed Over-fit Tweed Jacket_3color,https://www.wconcept.co.kr/Product/308023502,1,1,as******,2026.09.13,"XS, GREY",가을에 입기 너무 좋은 트위드에요~클거 같아서 xs시켰는데 살짝 오버핏에 좋네요!! 소재나 핏 너무 맘에 들어서 오래 입을듯~~,5.0,"{""사이즈"": ""큼"", ""색상"": ""같음"", ""소재"": ""같음""}",[]
308023502,프론트로우,[앵콜 세일] [이태리 트위드]Trimmed Over-fit Tweed Jacket_3color,https://www.wconcept.co.kr/Product/308023502,1,2,bl******,2026.09.13,"IVORY, XS",색상이랑 사이즈가 다양해서 고민을 하다 기본으로 선택을 했어요. 제게는 크지도 작지도 않은 사이즈에요. 그리고 생각보다 꽤 얇아요. 나이에 상관없이 다들 잘 어울릴 트위드 재킷입니다.,5.0,"{""사이즈"": ""적당함"", ""색상"": ""같음"", ""소재"": ""같음""}","[""https://media.wconcept.co.kr/review/308023502/308023502_1789280234615.jpeg?RS=300""]"
308023502,프론트로우,[앵콜 세일] [이태리 트위드]Trimmed Over-fit Tweed Jacket_3color,https://www.wconcept.co.kr/Product/308023502,1,3,pu******,2026.09.12,"XS, GREY",색감: 오묘하고 예쁨 품질: 가격에 비해 매우 훌륭함 두께: 다른 트위드에 비해 좀 얇은데 그래서 더 좋음 핏: 멋스러우나 어깨가 넓고 각이 잡혀있어 어깡으로 보일 수 있음. 키 158에 xs 충분히 오버핏으로 입을 수 있음(평소 오버핏 좋아함) 어깨가 더 넓어지면 소화 못 했을듯,5.0,"{""사이즈"": ""큼"", ""색상"": ""비슷함"", ""소재"": ""같음""}",[]
308023502,프론트로우,[앵콜 세일] [이태리 트위드]Trimmed Over-fit Tweed Jacket_3color,https://www.wconcept.co.kr/Product/308023502,1,4,2c******,2026.09.12,"XS, GREY",사진과 같아요 제일 작은 사이즈인데 큰 편입니다 어깨가 넓어보이는 옷이예요 그래도 너무 멋스럽고 예쁜 트위드자켓이네요,5.0,"{""사이즈"": ""큼"", ""색상"": ""비슷함"", ""소재"": ""비슷함""}","[""https://media.wconcept.co.kr/review/308023502/308023502_1789205120265.jpeg?RS=300""]"
308023502,프론트로우,[앵콜 세일] [이태리 트위드]Trimmed Over-fit Tweed Jacket_3color,https://www.wconcept.co.kr/Product/308023502,1,5,wc******,2026.09.12,"BLACK, M",처음에 블랙 M 샀습니다. 입어보니 어깨도 품도 크긴 하더라구요. 좀 뚱뚱하고 나이가 있다보니 큰게 나을거 같아 고민했는데 S로 교환하고 입어보니 딱맞고 품도 있고 소매도 너무 길지않고 예뻐요. 어깨크고 품도 넉넉 소매 길다는거 알고 주문하시면 될거같아요(한사이즈 작게 구매하세요),4.0,"{""사이즈"": ""큼"", ""색상"": ""같음"", ""소재"": ""비슷함""}",[]
308023502,프론트로우,[앵콜 세일] [이태리 트위드]Trimmed Over-fit Tweed Jacket_3color,https://www.wconcept.co.kr/Product/308023502,1,6,jj******,2026.09.11,"BLACK, XS",소재 좋아요 트위드라 실빠짐? 조금있긴한데 진짜 조금 빠졌구요 단추쪽도 잘 마감처리 되있어서 좋아요 딱 맞게 잘 입을 수 있어서 좋아요,5.0,"{""사이즈"": ""적당함"", ""색상"": ""같음"", ""소재"": ""같음""}","[""https://media.wconcept.co.kr/review/308023502/308023502_1789099514782.jpeg?RS=300"", ""https://media.wconcept.co.kr/review/308023502/308023502_1789099514650.jpeg?RS=300""]"
308023502,프론트로우,[앵콜 세일] [이태리 트위드]Trimmed Over-fit Tweed Jacket_3color,https://www.wconcept.co.kr/Product/308023502,2,7,jj******,2026.09.10,"M, GREY",역시 기대했던만큼이네요. 이뻐요. 박시하면서 깔끔하고 무엇보다 색상이 이뻐요. 길이감도 좋구요. 오늘부터 날씨가 풀리는것같은데 어서 입고다니고싶고 옷이 박시해서 걍 안에 대충 아무거나 입고 걸쳐도 고급짐이 납니다. 신랑이 이쁘대요.,5.0,"{""사이즈"": ""큼"", ""색상"": ""같음"", ""소재"": ""비슷함""}",[]
308023502,프론트로우,[앵콜 세일] [이태리 트위드]Trimmed Over-fit Tweed Jacket_3color,https://www.wconcept.co.kr/Product/308023502,2,8,wc******,2026.09.09,"XS, GREY",기대감이ㅇ컸나 생각보다 색상이 다소 어두운감이 있어서 교환고민하다 가을입기에 나쁘지않을거같아 품어요 그레이착장바지랑 잘어울리는거같아요,5.0,"{""사이즈"": ""적당함"", ""색상"": ""비슷함"", ""소재"": ""비슷함""}",[]
308023502,프론트로우,[앵콜 세일] [이태리 트위드]Trimmed Over-fit Tweed Jacket_3color,https://www.wconcept.co.kr/Product/308023502,2,9,ro******,2026.09.09,"XS, GREY",사이즈 때문에 걱정하고 받았는데 박시를 그닥 즐기지 않아서 XS로 딱 멋진 스타일 이네요 원단이 너무 좋아요 대만족이네요,5.0,"{""사이즈"": ""큼"", ""색상"": ""같음"", ""소재"": ""같음""}","[""https://media.wconcept.co.kr/review/308023502/308023502_1788882461804.jpg?RS=300""]"
308023502,프론트로우,[앵콜 세일] [이태리 트위드]Trimmed Over-fit Tweed Jacket_3color,https://www.wconcept.co.kr/Product/308023502,2,10,wj******,2026.09.08,"S, GREY",색이랑 디자인 모두 고급스럽고 예뻐요 어디에 입어도 잘 어울릴듯,5.0,"{""사이즈"": ""적당함"", ""색상"": ""같음"", ""소재"": ""같음""}","[""https://media.wconcept.co.kr/review/308023502/308023502_1788877316518.jpg?RS=300""]"
308023502,프론트로우,[앵콜 세일] [이태리 트위드]Trimmed Over-fit Tweed Jacket_3color,https://www.wconcept.co.kr/Product/308023502,2,11,dl******,2026.09.08,"BLACK, XS",적당한 오버핏입니다 예뻐요 하나 사두면 잘 입을거 같습니다,5.0,"{""사이즈"": ""큼"", ""색상"": ""같음"", ""소재"": ""같음""}","[""https://media.wconcept.co.kr/review/308023502/308023502_1788873507311.jpg?RS=300""]"
308023502,프론트로우,[앵콜 세일] [이태리 트위드]Trimmed Over-fit Tweed Jacket_3color,https://www.wconcept.co.kr/Product/308023502,2,12,wc******,2026.09.08,"BLACK, S",적당한 오버핏 트위드 자켓 찾고있었는데 이게 제격이네요^^ 받아보고 더욱 만족했어요^^ 추워지면 잘 입고 댕길게용,5.0,"{""사이즈"": ""적당함"", ""색상"": ""같음"", ""소재"": ""같음""}","[""https://media.wconcept.co.kr/review/308023502/308023502_1788847114745.jpeg?RS=300""]"
308023502,프론트로우,[앵콜 세일] [이태리 트위드]Trimmed Over-fit Tweed Jacket_3color,https://www.wconcept.co.kr/Product/308023502,3,13,wa******,2026.09.06,"IVORY, XS","각 잡힌 트위드는 뒤가 어벙하게 뜨거나 격식있는 자리에서만 입어야할 것 같은 느낌인데 요건 캐주얼하게 코디 가능할 것 같아요- 야들야들 부드럽고 유연한 소재라 툭 걸치기 좋고 누런 옷 싫어하는데 딱 밝은 예쁜 아이보리에요 키 166에 마른 편이라 xs 주문했는데 어깨 뽕이 잡아주고, 길이 폭 모두 만족스러워요",5.0,"{""사이즈"": ""적당함"", ""색상"": ""같음"", ""소재"": ""같음""}","[""https://media.wconcept.co.kr/review/308023502/308023502_1788705192287.jpeg?RS=300""]"
308023502,프론트로우,[앵콜 세일] [이태리 트위드]Trimmed Over-fit Tweed Jacket_3color,https://www.wconcept.co.kr/Product/308023502,3,14,jy******,2026.09.06,"S, GREY",그레이 색상 트위드는 흔하지 않아서 좋은것 같아요! 조금 크긴한데 이쁘고 고급스러워 보여요~,5.0,"{""사이즈"": ""큼"", ""색상"": ""비슷함"", ""소재"": ""비슷함""}",[]
308023502,프론트로우,[앵콜 세일] [이태리 트위드]Trimmed Over-fit Tweed Jacket_3color,https://www.wconcept.co.kr/Product/308023502,3,15,wc******,2026.09.06,"BLACK, S",트위드는 입고 십지만 포멀한거 잘 안입어서 사야지사야지 하다가 오버사이즈여서 캐쥬얼하게도 입기 편할것 같아서 구입했어요 주문 잘못해서 블랙으로 샀다가 화이트로 교환했는데 확실히 화이트 화사하고 예쁘네요 교환이랑 배송도 그렇게 느리지 않았어요 평소 55사이즈이지만 어깨가 좀 있어서 s사이즈 큰편이지만 이너 긴팔 레이어드해서 입기 좋을것 같아서 그대로합니다 배송와서 입어본거라 코디가 없지만 맘에 쏙 들어요 테두리랑 마감도 괜찮고 무게감도 무겁지 않아요,5.0,"{""사이즈"": ""큼"", ""색상"": ""같음"", ""소재"": ""같음""}","[""https://media.wconcept.co.kr/review/308023502/308023502_1788690851871.jpg?RS=300""]"
308023502,프론트로우,[앵콜 세일] [이태리 트위드]Trimmed Over-fit Tweed Jacket_3color,https://www.wconcept.co.kr/Product/308023502,3,16,yj******,2026.09.06,"S, GREY",생각보다 좀 크긴 한데 핏 되는 트위드는 있어서 요건 캐주얼하게 걸칠 생각이라 괜찮아요 그레이가 제 맘에 쏙 들어요 이쁘요,5.0,"{""사이즈"": ""큼"", ""색상"": ""같음"", ""소재"": ""같음""}","[""https://media.wconcept.co.kr/review/308023502/308023502_1788659624609.jpg?RS=300""]"
308023502,프론트로우,[앵콜 세일] [이태리 트위드]Trimmed Over-fit Tweed Jacket_3color,https://www.wconcept.co.kr/Product/308023502,3,17,wn******,2026.09.06,"BLACK, S",단추마감 좋고 고급스러워요👍 화이트랑 검정이랑 고민했는데 화이트로 결정 사이즈는 꽤나 여유핏이라 55 는 xs도 커요,5.0,"{""사이즈"": ""큼"", ""색상"": ""같음"", ""소재"": ""같음""}","[""https://media.wconcept.co.kr/review/308023502/308023502_1788657127674.jpg?RS=300""]"
308023502,프론트로우,[앵콜 세일] [이태리 트위드]Trimmed Over-fit Tweed Jacket_3color,https://www.wconcept.co.kr/Product/308023502,3,18,vl******,2026.09.04,"BLACK, XS",제가 딱 원하던 스타일입니다 출근룩으로 딱이에요,5.0,"{""사이즈"": ""적당함"", ""색상"": ""같음"", ""소재"": ""같음""}","[""https://media.wconcept.co.kr/review/308023502/308023502_1788497783532.jpeg?RS=300""]"
308826909,바시카,[20%쿠폰] 레이어드 셔츠 니트 탑_2color,https://www.wconcept.co.kr/Product/308826909,1,1,jy******,2026.09.11,"BROWN, FREE",이뻐요~ 지금입기 딱 좋은 소재 예쁜게 자주~. 잘 입을꺼같아요,5.0,"{""사이즈"": ""적당함"", ""색상"": ""같음"", ""소재"": ""같음""}","[""https://media.wconcept.co.kr/review/308826909/308826909_1789134629872.jpg?RS=300""]"
308826909,바시카,[20%쿠폰] 레이어드 셔츠 니트 탑_2color,https://www.wconcept.co.kr/Product/308826909,1,2,0_******,2026.09.10,"BROWN, FREE",부드럽고 맨들한 소재 느낌이 너무 좋네요~ 니트 특유의 부해 보이는 걸 싫어 하는데 이건 붙는 핏이라 여리여리해 보여요 그리고 셔츠와 레이어드한 듯한 디자인이라 하나 입었는데 꾸민듯한 느낌이 좋아요 :),5.0,"{""사이즈"": ""적당함"", ""색상"": ""같음"", ""소재"": ""같음""}","[""https://media.wconcept.co.kr/review/308826909/308826909_1789002981279.jpeg?RS=300""]"
308826909,바시카,[20%쿠폰] 레이어드 셔츠 니트 탑_2color,https://www.wconcept.co.kr/Product/308826909,1,3,eu******,2026.09.09,"GRAY, FREE",앞에 니트소재 굴곡있는부분 예쁘게 정리하는데 좀 어려웠지만 여성스럽고 깔끔한 느낌의 옷인것 같아요 드라이해서 입어야 이쁠것같아요,5.0,"{""사이즈"": ""적당함"", ""색상"": ""같음"", ""소재"": ""비슷함""}",[]
308826909,바시카,[20%쿠폰] 레이어드 셔츠 니트 탑_2color,https://www.wconcept.co.kr/Product/308826909,1,4,le******,2026.09.08,"GRAY, FREE",163/56kg인데 사이즈가 커요 좀더 타이트했으면 더 예뻤을거같은데 아쉬워요 옷은 정말 예쁩니다^^,5.0,"{""사이즈"": ""큼"", ""색상"": ""같음"", ""소재"": ""같음""}","[""https://media.wconcept.co.kr/review/308826909/308826909_1788876963251.jpeg?RS=300""]"
308826909,바시카,[20%쿠폰] 레이어드 셔츠 니트 탑_2color,https://www.wconcept.co.kr/Product/308826909,1,5,su******,2026.09.05,"GRAY, FREE",예뻐요 가을에입으려고선구매했어요~~ ㅎㅎ,5.0,"{""사이즈"": ""적당함"", ""색상"": ""같음"", ""소재"": ""같음""}",[]
308826909,바시카,[20%쿠폰] 레이어드 셔츠 니트 탑_2color,https://www.wconcept.co.kr/Product/308826909,1,6,dm******,2026.09.01,"BROWN, FREE",예뻐요 가볍네요!! 세탁 잘 해서 잘 다려입어야할 것 같아용,5.0,"{""사이즈"": ""적당함"", ""색상"": ""같음"", ""소재"": ""같음""}",[]
308826909,바시카,[20%쿠폰] 레이어드 셔츠 니트 탑_2color,https://www.wconcept.co.kr/Product/308826909,2,7,dm******,2026.08.21,"BROWN, FREE",소재가 부들부들하고 좋아요 ㅠㅠㅠㅠ가을에 잘 입을게오,5.0,"{""사이즈"": ""적당함"", ""색상"": ""같음"", ""소재"": ""같음""}",[]
308826909,바시카,[20%쿠폰] 레이어드 셔츠 니트 탑_2color,https://www.wconcept.co.kr/Product/308826909,2,8,wc******,2026.08.20,"GRAY, FREE",목 부분을 정리하는게 쉽지 않지만 단정하고 예쁩니다,5.0,"{""사이즈"": ""적당함"", ""색상"": ""비슷함"", ""소재"": ""비슷함""}","[""https://media.wconcept.co.kr/review/308826909/308826909_1787236315806.jpg?RS=300""]"
308947416,논앤논,[30%쿠폰] 하이넥 트렌치 블루종 점퍼_NFJP6608,https://www.wconcept.co.kr/Product/308947416,1,1,ru******,2026.09.08,그레이_FREE(55~66),배송도 빨랐고 예뻐요! 짧은 아우터 원했는데 깔끔하네요,4.0,"{""사이즈"": ""적당함"", ""색상"": ""비슷함"", ""소재"": ""비슷함""}","[""https://media.wconcept.co.kr/review/308947416/308947416_1788858807211.jpg?RS=300""]"
308934847,로브로브,[9/13 단 하루!] [이환PICK][4차 리오더] 프렌치 트위드 자켓_BLACK,https://www.wconcept.co.kr/Product/308934847,1,1,pa******,2026.09.13,BLACK_FREE,핏 사진처럼 너무 예뻐요! 가격 대비 이정도면 추천!!,5.0,"{""사이즈"": ""적당함"", ""색상"": ""비슷함"", ""소재"": ""비슷함""}","[""https://media.wconcept.co.kr/review/308934847/308934847_1789298240035.jpg?RS=300""]"
308934847,로브로브,[9/13 단 하루!] [이환PICK][4차 리오더] 프렌치 트위드 자켓_BLACK,https://www.wconcept.co.kr/Product/308934847,1,2,va******,2026.09.12,CREAM_FREE,오버핏이라 캐쥬얼룩에도 잘 어울려요!! 맘에 들어요 ~~,5.0,"{""사이즈"": ""적당함"", ""색상"": ""같음"", ""소재"": ""같음""}",[]
308934847,로브로브,[9/13 단 하루!] [이환PICK][4차 리오더] 프렌치 트위드 자켓_BLACK,https://www.wconcept.co.kr/Product/308934847,1,3,92******,2026.09.12,BLACK_FREE,결혼식 갈 때 입으려고 샀는데 진짜 너모 예쁘구용...ㅎㅎ 칭구들도 다들 예쁘다고 어디서 샀냐고 물어볼 정도예용!! 트위드가 과하지 않아서 오피스룩으로도 조아용>< 넘 예쁘게 잘 입고 있어요,5.0,"{""사이즈"": ""적당함"", ""색상"": ""같음"", ""소재"": ""같음""}",[]
308934847,로브로브,[9/13 단 하루!] [이환PICK][4차 리오더] 프렌치 트위드 자켓_BLACK,https://www.wconcept.co.kr/Product/308934847,1,4,db******,2026.09.11,BLACK_FREE,"날씨가 선선해지면서 출근시 데일리로 입을 트위드 자켓 찾다가 골랐는데 생각보다 핏이 너무 예뻐요ㅎㅎ 너무 여성스럽기만 한 디자인이 아니라 청바지에 걸쳐도 잘 어울리고, 프린지 디테일 덕분에 포인트 되서 넘 예뻐용ㅎㅎ 적당히 여유 있는 핏이라 안에 받쳐입기 좋고 출근할 때나 약속 있을 때 두루 입기 괜찮아요!",5.0,"{""사이즈"": ""적당함"", ""색상"": ""같음"", ""소재"": ""같음""}",[]
308934847,로브로브,[9/13 단 하루!] [이환PICK][4차 리오더] 프렌치 트위드 자켓_BLACK,https://www.wconcept.co.kr/Product/308934847,1,5,wc******,2026.09.10,BLACK_FREE,딱원하던 고급지고 트렌디한 자켓인데 거기다 소재가 트위드라 더 맘에들어요~! 이번 가을부터 초겨울까지 잘 입힐거같아요 디자인도 깔끔하고 이너로 뭘 받혀입어도 자켓이 이쁘니 다 이뻐보이네요~ 핏도 약간 여유있는 핏이라 툭 떨어지면서 몸매커버도 좀 되는거같아 진짜 맘에들어요~,5.0,"{""사이즈"": ""적당함"", ""색상"": ""같음"", ""소재"": ""같음""}",[]
308934847,로브로브,[9/13 단 하루!] [이환PICK][4차 리오더] 프렌치 트위드 자켓_BLACK,https://www.wconcept.co.kr/Product/308934847,1,6,mm******,2026.09.06,BLACK_FREE,소매 슬릿 디테일 진짜 칭찬합니다. 별거 아닌 것 같은데 이거 하나로 옷 퀄리티가 확 살아나요. 실 굵기가 다양하게 믹스된 원단이라 입었을 때 고급스러움이 폭발합니다.,5.0,"{""사이즈"": ""적당함"", ""색상"": ""같음"", ""소재"": ""같음""}",[]
308934847,로브로브,[9/13 단 하루!] [이환PICK][4차 리오더] 프렌치 트위드 자켓_BLACK,https://www.wconcept.co.kr/Product/308934847,2,7,wc******,2026.09.06,BLACK_FREE,"모던한 블랙 컬러에 프렌치 감성의 고급스러운 트위드 짜임이 더해져 어떤 하의에 매치해도 스타일리시합니다. 프리 사이즈라 적당히 여유 있는 핏으로 편안하게 착용하기 좋고, 어깨 라인을 예쁘게 잡아주어 비율이 좋아 보이네요. 격식 있는 자리나 데일리룩 모두 활용하기 좋은 만능 자켓입니다.",5.0,"{""사이즈"": ""적당함"", ""색상"": ""같음"", ""소재"": ""같음""}",[]
308934847,로브로브,[9/13 단 하루!] [이환PICK][4차 리오더] 프렌치 트위드 자켓_BLACK,https://www.wconcept.co.kr/Product/308934847,2,8,wc******,2026.09.06,BLACK_FREE,소매 트임 은근 매력 터져요. 자꾸자꾸 보게 되요. 끝단 올 풀림 자연스러워서 힙하다고 해야 할까요???,5.0,"{""사이즈"": ""적당함"", ""색상"": ""같음"", ""소재"": ""같음""}",[]
308934847,로브로브,[9/13 단 하루!] [이환PICK][4차 리오더] 프렌치 트위드 자켓_BLACK,https://www.wconcept.co.kr/Product/308934847,2,9,mi******,2026.09.06,BLACK_FREE,"트위드 특유의 소재감 때문에 기본 블랙 자켓보다 밋밋하지 않아요. 괜히 액세서리를 많이 하지 않아도 옷 자체가 포인트가 되네요. 자켓이 너무 캐주얼해 보이지도 않고, 너무 딱딱하게 격식 차린 느낌이 아니라 좋아요. 사진을 찍어도 전체적인 분위기가 깔끔하게 나오는 게 만족스러워요:)",5.0,"{""사이즈"": ""적당함"", ""색상"": ""같음"", ""소재"": ""같음""}",[]
308934847,로브로브,[9/13 단 하루!] [이환PICK][4차 리오더] 프렌치 트위드 자켓_BLACK,https://www.wconcept.co.kr/Product/308934847,2,10,mi******,2026.09.06,BLACK_FREE,"소재 자체가 진짜 고급지고 탄탄하고! 암튼 소재 자체가 너무 맘에 드는 트위드입니다요~ 그래서 그런지 입었을 때, 진짜 핏이 고급져요~",5.0,"{""사이즈"": ""적당함"", ""색상"": ""같음"", ""소재"": ""같음""}",[]
308934847,로브로브,[9/13 단 하루!] [이환PICK][4차 리오더] 프렌치 트위드 자켓_BLACK,https://www.wconcept.co.kr/Product/308934847,2,11,bb******,2026.09.05,BLACK_FREE,싸구려 트위드랑은 원단이랑 박음질 자체가 달라요 ㅋㅋ 툭~ 걸치기만 해도 전체적인 핏이며 룩이 확~ 살아나서 완전 만족합니다. 색감이랑 실 믹스된 거 진짜 세련됐음.,5.0,"{""사이즈"": ""적당함"", ""색상"": ""같음"", ""소재"": ""같음""}",[]
308934847,로브로브,[9/13 단 하루!] [이환PICK][4차 리오더] 프렌치 트위드 자켓_BLACK,https://www.wconcept.co.kr/Product/308934847,2,12,wc******,2026.09.04,BLACK_FREE,가을부터 데일리로 입기 좋은 트위드 재킷을 찾고 있었는데 완전 만족스러워요. 노카라 디자인이라 목선이 답답해 보이지 않고 깔끔하네요. 스탠다드핏이라 여유읺게 편하게 입을수있구요. 버튼이 엄청 이뻐여. 기본 블랙컬러 이뻐서 셔츠나 슬랙스에 매치하면 깔끔해서 사무실 출근룩으로도 괜찮더라구요. 자주입는 데님 팬츠와 입으면 캐주얼하구 친구들 만나는 약속이나 주말 나들이용으로도 잘 어울려요. 무난한 것 같으면서도 단추 포인트 예쁘고 트위드라 워낙 드레시한 맛도 있어여^^ 잘산듯^^ 자켓 넘 맘에 들고 여러모로 단정함과 스타일리시함을 모두 챙길 수 있어서 이번 가을 손이 자주 갈 것 같아요.,5.0,"{""사이즈"": ""적당함"", ""색상"": ""같음"", ""소재"": ""같음""}",[]
308934847,로브로브,[9/13 단 하루!] [이환PICK][4차 리오더] 프렌치 트위드 자켓_BLACK,https://www.wconcept.co.kr/Product/308934847,3,13,dl******,2026.09.04,BLACK_FREE,중요한날 입으려고 미리 구입했어요! 고급지면서 소재가 좋아요~! 요거 하나만 걸쳐줘도 꾸꾸꾸패션 엄청 이쁩니당 ㅎㅎ 올 가을부터 꾸준히 잘 입을 것 같아요,5.0,"{""사이즈"": ""적당함"", ""색상"": ""같음"", ""소재"": ""같음""}",[]
308934847,로브로브,[9/13 단 하루!] [이환PICK][4차 리오더] 프렌치 트위드 자켓_BLACK,https://www.wconcept.co.kr/Product/308934847,3,14,ha******,2026.09.04,BLACK_FREE,배송 너무 빨리와서 좋았어요 실물이 훨씬 이쁘고 굉장히 고급스러워요 !! 아침 저녁으로는 서늘하기도 하고 자켓 보자마자 샀는데 너무 맘에들어요 소재도 좋고 퀄리티가 진짜 대박 좋아요 요기 집꺼만 사야겠어요 최고,5.0,"{""사이즈"": ""적당함"", ""색상"": ""같음"", ""소재"": ""같음""}",[]
308934847,로브로브,[9/13 단 하루!] [이환PICK][4차 리오더] 프렌치 트위드 자켓_BLACK,https://www.wconcept.co.kr/Product/308934847,3,15,wc******,2026.09.04,BLACK_FREE,"사진이 이 고급스러운 실물 느낌을 다 못 담네요. 끝단 살짝 풀린 듯한 디테일이랑 어깨 각 잡힌 거 보소… 어깨선이 인위적이지 않고 자연스럽게 살아 있어서 입었을 때 부해 보이지 않고 엄청 여리여리해 보여요. 소매도 뒤쪽에 살짝 트여 있고, 길이도 길고... 하여튼 입으면 뭔가 여리여리해 보여서 너무 맘에 듭니다아~",5.0,"{""사이즈"": ""적당함"", ""색상"": ""같음"", ""소재"": ""같음""}","[""https://media.wconcept.co.kr/review/308934847/308934847_1788474796132.jpg?RS=300""]"
308934847,로브로브,[9/13 단 하루!] [이환PICK][4차 리오더] 프렌치 트위드 자켓_BLACK,https://www.wconcept.co.kr/Product/308934847,3,16,ad******,2026.09.03,BLACK_FREE,"핏이 어쩜 이렇게 예쁘게 빠졌는지 입어보고 바로 인생 자켓 등극했어요. 끝단 헤진 듯 만 듯한 자연스러운 마감도 너무 멋스럽고, 단추 하나까지 신경 쓴 게 눈에 보여서 입을 때마다 기분이 좋아져요.",5.0,"{""사이즈"": ""적당함"", ""색상"": ""같음"", ""소재"": ""같음""}","[""https://media.wconcept.co.kr/review/308934847/308934847_1788442592582.jpg?RS=300""]"
308934847,로브로브,[9/13 단 하루!] [이환PICK][4차 리오더] 프렌치 트위드 자켓_BLACK,https://www.wconcept.co.kr/Product/308934847,3,17,eu******,2026.09.03,BLACK_FREE,소재가 너무 괜찮아요. 그리고 여기저기 매칭해서 입기 좋아 잘산거 같아요. 치마나 바지에도 모두 잘어울리고 여러 장소에도 입고 나가기 유용해요.,5.0,"{""사이즈"": ""적당함"", ""색상"": ""같음"", ""소재"": ""같음""}",[]
308934847,로브로브,[9/13 단 하루!] [이환PICK][4차 리오더] 프렌치 트위드 자켓_BLACK,https://www.wconcept.co.kr/Product/308934847,3,18,ii******,2026.09.03,BLACK_FREE,단추가 그냥 반짝거리는 게 아니라 무광이라 세련미 미쳤어요ㅠㅠ 테일러링 핏도 세련돼서 입었을 때 친구들이 다 예쁘다고 칭찬합니다. 이 옷 사진이 실물 못 담아요! 실물 받고 기절!!!,5.0,"{""사이즈"": ""적당함"", ""색상"": ""같음"", ""소재"": ""같음""}","[""https://media.wconcept.co.kr/review/308934847/308934847_1788441374604.jpg?RS=300""]"
305688798,틸아이다이,[단 하루!] [여울 Pick] Modal basic slim t-shirt[4color],https://www.wconcept.co.kr/Product/305688798,1,1,au******,2026.09.07,Sky blue_FREE,이너로 입으려고 구매했는데 단독으로 입어도 예쁘네요.,5.0,"{""사이즈"": ""적당함"", ""색상"": ""같음"", ""소재"": ""같음""}",[]
305688798,틸아이다이,[단 하루!] [여울 Pick] Modal basic slim t-shirt[4color],https://www.wconcept.co.kr/Product/305688798,1,2,wc******,2026.08.07,IVORY_FREE,기본티에요 다른옷에 받쳐입기 좋고 다 잘 어울려요 생각보다 따뜻해서 좋아요,5.0,"{""사이즈"": ""적당함"", ""색상"": ""같음"", ""소재"": ""같음""}",[]
305688798,틸아이다이,[단 하루!] [여울 Pick] Modal basic slim t-shirt[4color],https://www.wconcept.co.kr/Product/305688798,1,3,so******,2026.07.10,Navy_FREE,"너무 어둡지 않은 적당한 네이비에요. 그레이, 아이보리 구매했고 잘 입고 있어요.",5.0,"{""사이즈"": ""적당함"", ""색상"": ""비슷함"", ""소재"": ""같음""}","[""https://media.wconcept.co.kr/review/305688798/305688798_1783637056616.jpeg?RS=300""]"
305688798,틸아이다이,[단 하루!] [여울 Pick] Modal basic slim t-shirt[4color],https://www.wconcept.co.kr/Product/305688798,1,4,so******,2026.07.10,IVORY_FREE,"그레이, 네이비 다 구매했어요. 보들보들하고 자연스럽게 흐르는 핏 예뻐요",5.0,"{""사이즈"": ""적당함"", ""색상"": ""비슷함"", ""소재"": ""같음""}","[""https://media.wconcept.co.kr/review/305688798/305688798_1783636862191.jpeg?RS=300""]"
305688798,틸아이다이,[단 하루!] [여울 Pick] Modal basic slim t-shirt[4color],https://www.wconcept.co.kr/Product/305688798,1,5,qo******,2026.06.30,IVORY_FREE,소재 괜찮고 예쁩니다. 레이어드로 해서 입기 좋아요~,5.0,"{""사이즈"": ""적당함"", ""색상"": ""같음"", ""소재"": ""같음""}",[]
305688798,틸아이다이,[단 하루!] [여울 Pick] Modal basic slim t-shirt[4color],https://www.wconcept.co.kr/Product/305688798,1,6,yo******,2026.06.05,IVORY_FREE,생각한거랑 화면에서 보는것과 같구용 아주 마음에 듭니다 이쁜거같구 어디에나 어울리게 착용가능할듯해요,5.0,"{""사이즈"": ""적당함"", ""색상"": ""같음"", ""소재"": ""같음""}","[""https://media.wconcept.co.kr/review/305688798/305688798_1780644293600.jpg?RS=300""]"
305688798,틸아이다이,[단 하루!] [여울 Pick] Modal basic slim t-shirt[4color],https://www.wconcept.co.kr/Product/305688798,2,7,kb******,2026.05.30,IVORY_FREE,살 좀 빼고 입어야 할 듯 합니다. 옷 자체는 예뻐요..,5.0,"{""사이즈"": ""적당함"", ""색상"": ""같음"", ""소재"": ""같음""}","[""https://media.wconcept.co.kr/review/305688798/305688798_1780098922150.jpg?RS=300""]"
305688798,틸아이다이,[단 하루!] [여울 Pick] Modal basic slim t-shirt[4color],https://www.wconcept.co.kr/Product/305688798,2,8,be******,2026.05.26,IVORY_FREE,간절기때 아주 잘 입었어요. 세탁 후 변형도 없어요.,5.0,"{""사이즈"": ""적당함"", ""색상"": ""같음"", ""소재"": ""같음""}",[]
305688798,틸아이다이,[단 하루!] [여울 Pick] Modal basic slim t-shirt[4color],https://www.wconcept.co.kr/Product/305688798,2,9,ii******,2026.05.16,IVORY_FREE,"촉감이 좋은 기본티에요 쟁겨놓고 쭉 입을 듯, 만족합니다",5.0,"{""사이즈"": ""적당함"", ""색상"": ""같음"", ""소재"": ""같음""}","[""https://media.wconcept.co.kr/review/305688798/305688798_1778896987549.jpeg?RS=300""]"
305688798,틸아이다이,[단 하루!] [여울 Pick] Modal basic slim t-shirt[4color],https://www.wconcept.co.kr/Product/305688798,2,10,er******,2026.05.13,IVORY_FREE,목부분이 너무 신축성이 없어서 입고 벗기 힘들어요 두께감이 얇아서 지금 입기 좋아요,4.0,"{""사이즈"": ""적당함"", ""색상"": ""같음"", ""소재"": ""같음""}","[""https://media.wconcept.co.kr/review/305688798/305688798_1778679235747.jpg?RS=300""]"
305688798,틸아이다이,[단 하루!] [여울 Pick] Modal basic slim t-shirt[4color],https://www.wconcept.co.kr/Product/305688798,2,11,ro******,2026.05.11,IVORY_FREE,갖고 있으면 좋은 기본 티 :),5.0,"{""사이즈"": ""적당함"", ""색상"": ""같음"", ""소재"": ""같음""}",[]
305688798,틸아이다이,[단 하루!] [여울 Pick] Modal basic slim t-shirt[4color],https://www.wconcept.co.kr/Product/305688798,2,12,ro******,2026.05.11,Navy_FREE,티셔츠 질도 좋고 맘에 들어요,5.0,"{""사이즈"": ""적당함"", ""색상"": ""같음"", ""소재"": ""같음""}",[]
305688798,틸아이다이,[단 하루!] [여울 Pick] Modal basic slim t-shirt[4color],https://www.wconcept.co.kr/Product/305688798,3,13,yj******,2026.05.10,IVORY_FREE,비침없이여리해보이고 재질이부드러운편이에요 뷔스티에입으려고샀는데 청바지에단독으로자켓안에입어도예뻐요 색상디자인사진과같아요,4.0,"{""사이즈"": ""적당함"", ""색상"": ""같음"", ""소재"": ""같음""}",[]
305688798,틸아이다이,[단 하루!] [여울 Pick] Modal basic slim t-shirt[4color],https://www.wconcept.co.kr/Product/305688798,3,14,ma******,2026.05.10,Navy_FREE,이너로입기 적당해서 좋아요 적당히 핏되어서 하나만입어도 어색하지않고좋아요,5.0,"{""사이즈"": ""적당함"", ""색상"": ""같음"", ""소재"": ""같음""}",[]
305688798,틸아이다이,[단 하루!] [여울 Pick] Modal basic slim t-shirt[4color],https://www.wconcept.co.kr/Product/305688798,3,15,gm******,2026.05.05,IVORY_FREE,이너로 자주 입고 있어요,5.0,"{""사이즈"": ""적당함"", ""색상"": ""같음"", ""소재"": ""같음""}",[]
305688798,틸아이다이,[단 하루!] [여울 Pick] Modal basic slim t-shirt[4color],https://www.wconcept.co.kr/Product/305688798,3,16,k4******,2026.04.27,IVORY_FREE,입기가 좀불편하고 작아요 신축성없고 애매해요,5.0,"{""사이즈"": ""작음"", ""색상"": ""비슷함"", ""소재"": ""비슷함""}","[""https://media.wconcept.co.kr/review/305688798/305688798_1777277778265.jpg?RS=300""]"
305688798,틸아이다이,[단 하루!] [여울 Pick] Modal basic slim t-shirt[4color],https://www.wconcept.co.kr/Product/305688798,3,17,fl******,2026.04.23,IVORY_FREE,휘뚜루마뚜루 입기 좋아요! 좀만 덜 비쳤어도 좋았을 것 같긴 해요 그래도 편해서 손이 잘 갑니다,5.0,"{""사이즈"": ""적당함"", ""색상"": ""같음"", ""소재"": ""같음""}",[]
305688798,틸아이다이,[단 하루!] [여울 Pick] Modal basic slim t-shirt[4color],https://www.wconcept.co.kr/Product/305688798,3,18,sa******,2026.04.14,IVORY_FREE,스판기는 일도 없음요 헐렁하지만 약간 고급스럼은 있오요,5.0,"{""사이즈"": ""큼"", ""색상"": ""같음"", ""소재"": ""같음""}","[""https://media.wconcept.co.kr/review/305688798/305688798_1776165038148.jpeg?RS=300""]"
306048775,시야쥬,[한정특가] SITP5160 루즈핏 링클 실키 셔츠_Black,https://www.wconcept.co.kr/Product/306048775,1,1,as******,2026.09.13,"Black, ONE",적당한 오버핏에 너무 예쁘네요~ 세일할때 사서 가격도 좋고 잘 입을 것 같아요,5.0,"{""사이즈"": ""큼"", ""색상"": ""같음"", ""소재"": ""같음""}",[]
306048775,시야쥬,[한정특가] SITP5160 루즈핏 링클 실키 셔츠_Black,https://www.wconcept.co.kr/Product/306048775,1,2,tl******,2026.09.13,"Black, ONE",좋습니다. 마음에 들에오이뻐요 잘입을게용 ...,5.0,"{""사이즈"": ""적당함"", ""색상"": ""같음"", ""소재"": ""같음""}",[]
306048775,시야쥬,[한정특가] SITP5160 루즈핏 링클 실키 셔츠_Black,https://www.wconcept.co.kr/Product/306048775,1,3,wc******,2026.09.12,"Black, ONE",루즈하고 흘러내리는게 자연스럽고 좋아요 일반셔츠보다 주름도 안가는 부들한 소재에요!,5.0,"{""사이즈"": ""적당함"", ""색상"": ""같음"", ""소재"": ""같음""}",[]
306048775,시야쥬,[한정특가] SITP5160 루즈핏 링클 실키 셔츠_Black,https://www.wconcept.co.kr/Product/306048775,1,4,sn******,2026.09.11,"Black, ONE",고민하다가 주문했는데 맘에 들어요. 기본색상말고 다른색있음 추가 구매하고싶네요.,5.0,"{""사이즈"": ""적당함"", ""색상"": ""같음"", ""소재"": ""비슷함""}","[""https://media.wconcept.co.kr/review/306048775/306048775_1789091996585.jpg?RS=300""]"
306048775,시야쥬,[한정특가] SITP5160 루즈핏 링클 실키 셔츠_Black,https://www.wconcept.co.kr/Product/306048775,1,5,du******,2026.09.10,"Black, ONE",사이즈 적당하고 재질도 엄청 부드럽지도 않고 엄청 빳빳하지도 않고 즇어요,5.0,"{""사이즈"": ""적당함"", ""색상"": ""같음"", ""소재"": ""같음""}","[""https://media.wconcept.co.kr/review/306048775/306048775_1789034101418.jpg?RS=300""]"
306048775,시야쥬,[한정특가] SITP5160 루즈핏 링클 실키 셔츠_Black,https://www.wconcept.co.kr/Product/306048775,1,6,ks******,2026.09.10,"Black, ONE",무난하고 질 좋은 셔츠입니다. 기본템으로 적당합니다.,5.0,"{""사이즈"": ""적당함"", ""색상"": ""같음"", ""소재"": ""같음""}",[]
306048775,시야쥬,[한정특가] SITP5160 루즈핏 링클 실키 셔츠_Black,https://www.wconcept.co.kr/Product/306048775,2,7,wc******,2026.09.09,"Black, ONE",더 찰랑거리길바랬는데 그건아니었어요ㅠㅠ 그래도 맘에들어요,5.0,"{""사이즈"": ""적당함"", ""색상"": ""같음"", ""소재"": ""비슷함""}",[]
306048775,시야쥬,[한정특가] SITP5160 루즈핏 링클 실키 셔츠_Black,https://www.wconcept.co.kr/Product/306048775,2,8,rh******,2026.09.09,"Black, ONE",날씬해보이고 핏이 예뻐요. 많이 덥지 않아 좋네요,5.0,"{""사이즈"": ""적당함"", ""색상"": ""같음"", ""소재"": ""같음""}","[""https://media.wconcept.co.kr/review/306048775/306048775_1788948293515.jpeg?RS=300""]"
306048775,시야쥬,[한정특가] SITP5160 루즈핏 링클 실키 셔츠_Black,https://www.wconcept.co.kr/Product/306048775,2,9,da******,2026.09.08,"Black, ONE",지금 입기에 너무 좋아요 너무 덥지도 않고 다른 컬러도 구매했어요,5.0,"{""사이즈"": ""적당함"", ""색상"": ""같음"", ""소재"": ""같음""}",[]
306048775,시야쥬,[한정특가] SITP5160 루즈핏 링클 실키 셔츠_Black,https://www.wconcept.co.kr/Product/306048775,2,10,aj******,2026.09.08,"Black, ONE",두께는 얇지도 두껍지도 않아서 니트안에 받쳐서 입어도 되고 단독으로 입어도 예뻐요!,5.0,"{""사이즈"": ""적당함"", ""색상"": ""비슷함"", ""소재"": ""비슷함""}","[""https://media.wconcept.co.kr/review/306048775/306048775_1788868419636.jpg?RS=300""]"
306048775,시야쥬,[한정특가] SITP5160 루즈핏 링클 실키 셔츠_Black,https://www.wconcept.co.kr/Product/306048775,2,11,wj******,2026.09.08,"Black, ONE",오버핏으로 여유입게 입을수있어요. 셔츠로만 입어도 레이어드용으로도 좋아요,5.0,"{""사이즈"": ""적당함"", ""색상"": ""비슷함"", ""소재"": ""비슷함""}","[""https://media.wconcept.co.kr/review/306048775/306048775_1788846224799.jpeg?RS=300""]"
306048775,시야쥬,[한정특가] SITP5160 루즈핏 링클 실키 셔츠_Black,https://www.wconcept.co.kr/Product/306048775,2,12,yu******,2026.09.08,"Black, ONE",화면 그대로 너무 이뻐요~감시합니다~~~~,5.0,"{""사이즈"": ""적당함"", ""색상"": ""같음"", ""소재"": ""같음""}",[]
306048775,시야쥬,[한정특가] SITP5160 루즈핏 링클 실키 셔츠_Black,https://www.wconcept.co.kr/Product/306048775,3,13,me******,2026.09.08,"Black, ONE",두께감이 한여름은 아니고 지금 바람이 불때 입어야 할거 같아요 색상이 검정이 진해서 좋아요,5.0,"{""사이즈"": ""적당함"", ""색상"": ""같음"", ""소재"": ""비슷함""}",[]
306048775,시야쥬,[한정특가] SITP5160 루즈핏 링클 실키 셔츠_Black,https://www.wconcept.co.kr/Product/306048775,3,14,kk******,2026.09.06,"Black, ONE",맘에 들어요 예상한대로 구김도 적고 올 가을 이뿌게 잘 입을듯 합니다,5.0,"{""사이즈"": ""적당함"", ""색상"": ""같음"", ""소재"": ""같음""}",[]
306048775,시야쥬,[한정특가] SITP5160 루즈핏 링클 실키 셔츠_Black,https://www.wconcept.co.kr/Product/306048775,3,15,yu******,2026.09.04,"Black, ONE",약간 흐물거리는 소재라 이쁘네요. 단추도 디테일하게 이뻐요,5.0,"{""사이즈"": ""적당함"", ""색상"": ""같음"", ""소재"": ""같음""}","[""https://media.wconcept.co.kr/review/306048775/306048775_1788503326972.jpg?RS=300""]"
306048775,시야쥬,[한정특가] SITP5160 루즈핏 링클 실키 셔츠_Black,https://www.wconcept.co.kr/Product/306048775,3,16,wh******,2026.09.04,"Black, ONE",소재가 너무 좋네요 보들보들 아주 맘에듭니다 아무데나 다 잘 잊게될것같아요,5.0,"{""사이즈"": ""적당함"", ""색상"": ""같음"", ""소재"": ""같음""}",[]
306048775,시야쥬,[한정특가] SITP5160 루즈핏 링클 실키 셔츠_Black,https://www.wconcept.co.kr/Product/306048775,3,17,jb******,2026.09.02,"Black, ONE",진짜 딱 찾던 블랙 셔츠 느낌입니다…어디든 매치해서 입기 좋아용!!,5.0,"{""사이즈"": ""적당함"", ""색상"": ""같음"", ""소재"": ""같음""}",[]
306048775,시야쥬,[한정특가] SITP5160 루즈핏 링클 실키 셔츠_Black,https://www.wconcept.co.kr/Product/306048775,3,18,ha******,2026.09.01,"Black, ONE",하늘하게 떨어지는 핏이 맘에들어요. 군더더기 없이 깔끔한 디자인이라 만족합니다.,5.0,"{""사이즈"": ""적당함"", ""색상"": ""같음"", ""소재"": ""같음""}","[""https://media.wconcept.co.kr/review/306048775/306048775_1788188913842.jpeg?RS=300""]"
307364525,아워코모스,[48H 특가] [단독] comos 1537 draped button wrap blouse (sora),https://www.wconcept.co.kr/Product/307364525,1,1,mo******,2026.08.06,FREE,소재도 고급스럽고 입었을 때 핏도 좋습니다. 다만 단추로 옷을 고정하다보니 움직였을 때 예쁘지 않게 주름이 잡혀 수시로 신경써야 합니다.,5.0,"{""사이즈"": ""적당함"", ""색상"": ""같음"", ""소재"": ""같음""}","[""https://media.wconcept.co.kr/review/307364525/307364525_1785995833249.jpeg?RS=300""]"
307364525,아워코모스,[48H 특가] [단독] comos 1537 draped button wrap blouse (sora),https://www.wconcept.co.kr/Product/307364525,1,2,do******,2026.06.21,FREE,허리쪽만 좀 과도하게 작은 느낌이긴합니다. 그래도 색상이 괜찮아서 입고 있어요,5.0,"{""사이즈"": ""적당함"", ""색상"": ""같음"", ""소재"": ""같음""}",[]
307364525,아워코모스,[48H 특가] [단독] comos 1537 draped button wrap blouse (sora),https://www.wconcept.co.kr/Product/307364525,1,3,qk******,2026.05.30,FREE,마음에들어요~~ 지금 입기엔 덥구 봄가을에 딱입니당 세탁을 잘 해야할거같아여,5.0,"{""사이즈"": ""적당함"", ""색상"": ""같음"", ""소재"": ""같음""}","[""https://media.wconcept.co.kr/review/307364525/307364525_1780125069947.jpeg?RS=300""]"
307364525,아워코모스,[48H 특가] [단독] comos 1537 draped button wrap blouse (sora),https://www.wconcept.co.kr/Product/307364525,1,4,wc******,2026.05.23,FREE,이뻐요 고민하다샀는데 후회안하고 잘입고다녀요,5.0,"{""사이즈"": ""적당함"", ""색상"": ""같음"", ""소재"": ""같음""}","[""https://media.wconcept.co.kr/review/307364525/307364525_1779490187371.jpg?RS=300""]"
307364525,아워코모스,[48H 특가] [단독] comos 1537 draped button wrap blouse (sora),https://www.wconcept.co.kr/Product/307364525,1,5,kw******,2026.05.12,FREE,색도 오묘하고 은은하니 매우 마음에 들어요. 저는 따갑지않고 부드러운편이라고 느껴져서 잘 입었어요. 모델핏이 나려면 정말 살빼야겠네요,5.0,"{""사이즈"": ""적당함"", ""색상"": ""비슷함"", ""소재"": ""비슷함""}","[""https://media.wconcept.co.kr/review/307364525/307364525_1778589329004.jpeg?RS=300""]"
307364525,아워코모스,[48H 특가] [단독] comos 1537 draped button wrap blouse (sora),https://www.wconcept.co.kr/Product/307364525,1,6,wo******,2026.04.30,FREE,웜톤인데 색상도 잘 어울리고 쉐입도 잘 잡히고 좋습니다!다만 팔이 통이 너무 넓어서 접거나 올려 입어야 핏이 살아요!,5.0,"{""사이즈"": ""적당함"", ""색상"": ""같음"", ""소재"": ""같음""}","[""https://media.wconcept.co.kr/review/307364525/307364525_1777548985212.jpg?RS=300""]"
307364525,아워코모스,[48H 특가] [단독] comos 1537 draped button wrap blouse (sora),https://www.wconcept.co.kr/Product/307364525,2,7,te******,2026.04.18,FREE,하객룩으로 입기도 예쁘고 출근룩으로도 부담없어요,5.0,"{""사이즈"": ""적당함"", ""색상"": ""같음"", ""소재"": ""같음""}","[""https://media.wconcept.co.kr/review/307364525/307364525_1776489961335.jpeg?RS=300""]"
307364525,아워코모스,[48H 특가] [단독] comos 1537 draped button wrap blouse (sora),https://www.wconcept.co.kr/Product/307364525,2,8,se******,2026.04.14,FREE,너무 이뻐요ㅠㅜ아워 코모스 블라우스 너무 이뻐요.. 소재도 좋고 디자인도 독특하고 여성스러워서 항상 잘 입습니다,5.0,"{""사이즈"": ""적당함"", ""색상"": ""같음"", ""소재"": ""같음""}","[""https://media.wconcept.co.kr/review/307364525/307364525_1776138573215.jpg?RS=300""]"
307364525,아워코모스,[48H 특가] [단독] comos 1537 draped button wrap blouse (sora),https://www.wconcept.co.kr/Product/307364525,2,9,gp******,2026.04.11,FREE,음 디테일은 이쁜데 소재가 별로 좋은 느낌은 아니에요 목 드레이프 부분도 잘안잡리고ㅠ 몸에 촥 감기는게 아니라 옷 자체가 조금 뜨는 느낌?,5.0,"{""사이즈"": ""큼"", ""색상"": ""같음"", ""소재"": ""같음""}","[""https://media.wconcept.co.kr/review/307364525/307364525_1775889638671.jpeg?RS=300""]"
307364525,아워코모스,[48H 특가] [단독] comos 1537 draped button wrap blouse (sora),https://www.wconcept.co.kr/Product/307364525,2,10,wc******,2026.04.09,FREE,단추가 안 채워져서 원하던 핏이 나오진 않지만 만족합니다,5.0,"{""사이즈"": ""적당함"", ""색상"": ""비슷함"", ""소재"": ""비슷함""}","[""https://media.wconcept.co.kr/review/307364525/307364525_1775744200211.jpg?RS=300""]"
307364525,아워코모스,[48H 특가] [단독] comos 1537 draped button wrap blouse (sora),https://www.wconcept.co.kr/Product/307364525,2,11,wc******,2026.03.27,FREE,아주여유있는 옷이예요 색감도 똑같고 그렇게 부드럽지는 않아요,5.0,"{""사이즈"": ""큼"", ""색상"": ""같음"", ""소재"": ""비슷함""}","[""https://media.wconcept.co.kr/review/307364525/307364525_1774568168097.jpg?RS=300""]"
307364525,아워코모스,[48H 특가] [단독] comos 1537 draped button wrap blouse (sora),https://www.wconcept.co.kr/Product/307364525,2,12,ju******,2026.03.11,FREE,광택감이 고급스럽고 색상도 맘에들고 전체적으로 예뻐요! 하객룩으로 입을수있을거같아요,5.0,"{""사이즈"": ""적당함"", ""색상"": ""같음"", ""소재"": ""같음""}",[]
307364525,아워코모스,[48H 특가] [단독] comos 1537 draped button wrap blouse (sora),https://www.wconcept.co.kr/Product/307364525,3,13,jj******,2026.02.07,FREE,부드럽고 색상도 적당히 예뻐서 좋아요 사진과 동일 하고 오피스로도 딱인 것 같아요~~!!,5.0,"{""사이즈"": ""작음"", ""색상"": ""같음"", ""소재"": ""같음""}",[]
307364525,아워코모스,[48H 특가] [단독] comos 1537 draped button wrap blouse (sora),https://www.wconcept.co.kr/Product/307364525,3,14,eh******,2026.01.26,FREE,너어무 예쁨여... 생각치도 못하게 득템... 멋있는 소비였다~~ 헤헹,5.0,"{""사이즈"": ""적당함"", ""색상"": ""같음"", ""소재"": ""같음""}","[""https://media.wconcept.co.kr/review/307364525/307364525_1769425384311.jpg?RS=300""]"
307364525,아워코모스,[48H 특가] [단독] comos 1537 draped button wrap blouse (sora),https://www.wconcept.co.kr/Product/307364525,3,15,su******,2026.01.08,FREE,아워코모스 제품은 다 만족스러워요. 쉐입이 너무 이쁘네요 색상도 화면 그대로에요,5.0,"{""사이즈"": ""적당함"", ""색상"": ""같음"", ""소재"": ""같음""}","[""https://media.wconcept.co.kr/review/307364525/307364525_1767836196367.jpeg?RS=300""]"
307364525,아워코모스,[48H 특가] [단독] comos 1537 draped button wrap blouse (sora),https://www.wconcept.co.kr/Product/307364525,3,16,mc******,2026.01.05,FREE,포멀하게 입기 좋아요 일반적인 블라우스보다 디테일이 좀 더 있어서 하객룩으로 입어도 회사에서 입어도 다 좋습니다!,5.0,"{""사이즈"": ""적당함"", ""색상"": ""같음"", ""소재"": ""같음""}",[]
307364525,아워코모스,[48H 특가] [단독] comos 1537 draped button wrap blouse (sora),https://www.wconcept.co.kr/Product/307364525,3,17,wc******,2025.12.09,FREE,배송도 빠르고 잘 입었습니다 ~~,5.0,"{""사이즈"": ""적당함"", ""색상"": ""같음"", ""소재"": ""같음""}","[""https://media.wconcept.co.kr/review/307364525/307364525_1765288473571.jpeg?RS=300""]"
307364525,아워코모스,[48H 특가] [단독] comos 1537 draped button wrap blouse (sora),https://www.wconcept.co.kr/Product/307364525,3,18,kw******,2025.11.03,FREE,"사진과 동일해서 맘에 드는데, 아쉬운게 있다면 큰 편이어요ㅠㅠ..",5.0,"{""사이즈"": ""큼"", ""색상"": ""같음"", ""소재"": ""같음""}",[]
308221572,수아레 우먼,[20%쿠폰] (우먼)코튼 캐시 브이넥 니트 - 4 COLOR,https://www.wconcept.co.kr/Product/308221572,1,1,je******,2026.09.13,네이비_S,오 생각보다 더 핏이 맘에 들구 예뻐요 상뚱 체형이라 후기보고 큰걸로 시컀다가..너무 벙벙하니까 더 커보이는 거 같아서 작은걸로 교환했어요 상세사이즈 보고 구매하는 게 맞는 것 같아여! 많이 파인거 같긴한데 단독으로 입을만하구 영 불안하면 속에 이너하나깉이입름 좋을듯여,5.0,"{""사이즈"": ""큼"", ""색상"": ""같음"", ""소재"": ""같음""}","[""https://media.wconcept.co.kr/review/308221572/308221572_1789302852876.jpg?RS=300""]"
308221572,수아레 우먼,[20%쿠폰] (우먼)코튼 캐시 브이넥 니트 - 4 COLOR,https://www.wconcept.co.kr/Product/308221572,1,2,hu******,2026.09.12,블랙_S,면소재지만 무겁지 않고 부드러워서 잘 입어질꺼 같아요 깔끔한 블랙입니다,5.0,"{""사이즈"": ""큼"", ""색상"": ""비슷함"", ""소재"": ""비슷함""}","[""https://media.wconcept.co.kr/review/308221572/308221572_1789214027327.jpg?RS=300""]"
308221572,수아레 우먼,[20%쿠폰] (우먼)코튼 캐시 브이넥 니트 - 4 COLOR,https://www.wconcept.co.kr/Product/308221572,1,3,on******,2026.09.12,네이비_S,생각보다 퀄리티도 좋고 핏도 딱 좋아요 다른 색도 구매하고 싶습니당,5.0,"{""사이즈"": ""적당함"", ""색상"": ""비슷함"", ""소재"": ""비슷함""}","[""https://media.wconcept.co.kr/review/308221572/308221572_1789212821704.jpeg?RS=300""]"
308221572,수아레 우먼,[20%쿠폰] (우먼)코튼 캐시 브이넥 니트 - 4 COLOR,https://www.wconcept.co.kr/Product/308221572,1,4,wc******,2026.09.11,네이비_S,걍 할인해 가성비 조아요 지금 간절기로 딱입니다.,5.0,"{""사이즈"": ""적당함"", ""색상"": ""같음"", ""소재"": ""비슷함""}","[""https://media.wconcept.co.kr/review/308221572/308221572_1789117806839.jpg?RS=300""]"
308221572,수아레 우먼,[20%쿠폰] (우먼)코튼 캐시 브이넥 니트 - 4 COLOR,https://www.wconcept.co.kr/Product/308221572,1,5,ch******,2026.09.11,화이트 멜란지_S,디자인도 이쁘고 착용감도 좋네용 가격대비 좋아요!,5.0,"{""사이즈"": ""적당함"", ""색상"": ""비슷함"", ""소재"": ""비슷함""}",[]
308221572,수아레 우먼,[20%쿠폰] (우먼)코튼 캐시 브이넥 니트 - 4 COLOR,https://www.wconcept.co.kr/Product/308221572,1,6,al******,2026.09.10,블랙_S,가성비로 아주 잘 샀습니다 편안하게 잘 입을 것 같아요 안에 셔츠입고 입이에도 품이 넉넉합니다,5.0,"{""사이즈"": ""적당함"", ""색상"": ""같음"", ""소재"": ""비슷함""}","[""https://media.wconcept.co.kr/review/308221572/308221572_1789042094757.jpeg?RS=300""]"
308221572,수아레 우먼,[20%쿠폰] (우먼)코튼 캐시 브이넥 니트 - 4 COLOR,https://www.wconcept.co.kr/Product/308221572,2,7,ho******,2026.09.10,네이비_S,아이보라 사고 예뻐서 네이비도 추가 주문했어요~ 사이즈는 좀 넉넉하게 나왔어요,5.0,"{""사이즈"": ""적당함"", ""색상"": ""같음"", ""소재"": ""같음""}","[""https://media.wconcept.co.kr/review/308221572/308221572_1789035899550.jpg?RS=300""]"
308221572,수아레 우먼,[20%쿠폰] (우먼)코튼 캐시 브이넥 니트 - 4 COLOR,https://www.wconcept.co.kr/Product/308221572,2,8,vo******,2026.09.09,블랙_S,항상 믿고 구매하는 수아레입니다. 이번에도 역시 좋아요,5.0,"{""사이즈"": ""적당함"", ""색상"": ""같음"", ""소재"": ""같음""}",[]
308221572,수아레 우먼,[20%쿠폰] (우먼)코튼 캐시 브이넥 니트 - 4 COLOR,https://www.wconcept.co.kr/Product/308221572,2,9,zx******,2026.09.09,블랙_S,너무 저렴하게 구매했는데 질이랑 핏 다 너무 맘에 들어요 다른색상도 구매하려고 들어왔는데 그새 가격이 좀 올랐네요,5.0,"{""사이즈"": ""적당함"", ""색상"": ""같음"", ""소재"": ""같음""}","[""https://media.wconcept.co.kr/review/308221572/308221572_1788949494519.jpeg?RS=300""]"
308221572,수아레 우먼,[20%쿠폰] (우먼)코튼 캐시 브이넥 니트 - 4 COLOR,https://www.wconcept.co.kr/Product/308221572,2,10,jh******,2026.09.09,네이비_S,컬러도 넥 파임도 만족해요. 아쉬운점은 약간 짧아서 시보리때문에 올라가는 건 있는데 전체적으로 핏은 예뻐요~ 그런데 흰셔츠 입고 입어보니까 털이 엄청 묻어나서 세탁 후 착용하는 것이 좋을 듯 해요. 그리고 소재는 부들부들 좋아요!,5.0,"{""사이즈"": ""적당함"", ""색상"": ""같음"", ""소재"": ""같음""}","[""https://media.wconcept.co.kr/review/308221572/308221572_1788941177117.jpeg?RS=300""]"
308221572,수아레 우먼,[20%쿠폰] (우먼)코튼 캐시 브이넥 니트 - 4 COLOR,https://www.wconcept.co.kr/Product/308221572,2,11,mo******,2026.09.09,아이보리_M,세일하길래 저렴한 가격에 구매했는데 만족해요 그치만 너무 가격이 싸서 그런지 아이보리색에 먼지가 돈 묻어져있긴한테 입을 때는 부드러워서 좋아요,5.0,"{""사이즈"": ""큼"", ""색상"": ""비슷함"", ""소재"": ""비슷함""}","[""https://media.wconcept.co.kr/review/308221572/308221572_1788934249720.jpeg?RS=300""]"
308221572,수아레 우먼,[20%쿠폰] (우먼)코튼 캐시 브이넥 니트 - 4 COLOR,https://www.wconcept.co.kr/Product/308221572,2,12,wc******,2026.09.09,아이보리_S,생각보다 s인데도 넉넉하고 길어요 파임은 있슴당,5.0,"{""사이즈"": ""적당함"", ""색상"": ""같음"", ""소재"": ""같음""}","[""https://media.wconcept.co.kr/review/308221572/308221572_1788907246340.jpeg?RS=300""]"
308221572,수아레 우먼,[20%쿠폰] (우먼)코튼 캐시 브이넥 니트 - 4 COLOR,https://www.wconcept.co.kr/Product/308221572,3,13,ho******,2026.09.08,아이보리_S,면소재라 부드럽고 목파임이 적어서 하나만 입어도 될거 같아요,5.0,"{""사이즈"": ""적당함"", ""색상"": ""같음"", ""소재"": ""같음""}","[""https://media.wconcept.co.kr/review/308221572/308221572_1788870709463.jpg?RS=300""]"
308221572,수아레 우먼,[20%쿠폰] (우먼)코튼 캐시 브이넥 니트 - 4 COLOR,https://www.wconcept.co.kr/Product/308221572,3,14,fb******,2026.09.08,네이비_S,사이즈도 잘 맞고 몸에 느껴지는 촉감도 좋아요. 잘입을게요,5.0,"{""사이즈"": ""적당함"", ""색상"": ""같음"", ""소재"": ""같음""}",[]
308221572,수아레 우먼,[20%쿠폰] (우먼)코튼 캐시 브이넥 니트 - 4 COLOR,https://www.wconcept.co.kr/Product/308221572,3,15,wc******,2026.09.08,네이비_M,와우 옷 너무너무 맘에 들어요 이정도 가격에 완전 대 만족이에요 받자 마자 바로 입어도 보고 어깨에 걸쳐 도 밨는데..너무너무 맘에들고 이뻐요 빨리 다른색도 구매해야겠어요,5.0,"{""사이즈"": ""적당함"", ""색상"": ""같음"", ""소재"": ""같음""}","[""https://media.wconcept.co.kr/review/308221572/308221572_1788840925199.jpg?RS=300"", ""https://media.wconcept.co.kr/review/308221572/308221572_1788840925121.jpg?RS=300""]"
308221572,수아레 우먼,[20%쿠폰] (우먼)코튼 캐시 브이넥 니트 - 4 COLOR,https://www.wconcept.co.kr/Product/308221572,3,16,wc******,2026.09.07,블랙_S,맨살에 입으면 살짝 따갑지만 그래도 이 정도면 부드러워요! 세탁한 후에도 멀쩡했으면 좋겠습니다.,5.0,"{""사이즈"": ""적당함"", ""색상"": ""같음"", ""소재"": ""같음""}","[""https://media.wconcept.co.kr/review/308221572/308221572_1788787495069.jpeg?RS=300""]"
308221572,수아레 우먼,[20%쿠폰] (우먼)코튼 캐시 브이넥 니트 - 4 COLOR,https://www.wconcept.co.kr/Product/308221572,3,17,ri******,2026.09.06,화이트 멜란지_M,생각보다 쿨 컬러고 브이넥이 단독 입기에 약간 깊은 느낌이 있어요. 9월 중순 지나면 레이어드 해 있어야 추워 보이지 않을 것 같아요~ 옷 자체는 깔끔하고 핏도 적당히 여유있고 좋아요!,5.0,"{""사이즈"": ""적당함"", ""색상"": ""같음"", ""소재"": ""같음""}","[""https://media.wconcept.co.kr/review/308221572/308221572_1788682635117.jpg?RS=300""]"
308221572,수아레 우먼,[20%쿠폰] (우먼)코튼 캐시 브이넥 니트 - 4 COLOR,https://www.wconcept.co.kr/Product/308221572,3,18,na******,2026.09.04,블랙_S,기본 디쟌에 기본 색상이라 가을겨울자켓 안에 잘 입어질거 같아요. 촉감 부드럽고 좋아요. 하지만 먼지가 엄청 많아서 한 번 입어보는데도 아마하게 검정 먼지가 떨어집니다ㅜ 꼭 빨아입어야할거 같아요ㅜㅎ,5.0,"{""사이즈"": ""적당함"", ""색상"": ""같음"", ""소재"": ""같음""}","[""https://media.wconcept.co.kr/review/308221572/308221572_1788527612951.jpg?RS=300""]"
307428905,모한,[앵콜30%쿠폰] TVF SATIN LACE SKIRT_2COLORS,https://www.wconcept.co.kr/Product/307428905,1,1,es******,2026.06.27,"I-BEIGE, M",너무 이뻐요.. 근데 입고갈곳이없고ㅋㅋ 그리고 얼룩 너무 잘남을거같아서 고이고이 잘 입어볼게요,5.0,"{""사이즈"": ""적당함"", ""색상"": ""비슷함"", ""소재"": ""비슷함""}","[""https://media.wconcept.co.kr/review/307428905/307428905_1782518041728.jpg?RS=300""]"
307428905,모한,[앵콜30%쿠폰] TVF SATIN LACE SKIRT_2COLORS,https://www.wconcept.co.kr/Product/307428905,1,2,by******,2026.05.01,"I-BEIGE, M",55 사이즈인데 편하게 입으려고 m 사이즈 주문했다가 너무 커서 스몰로 교환했어요. 옷감은 차르르하게 떨어지는 재질이고 여성스럽고 예뻐요. 그런데 주름이 잘 지는 편입니다. 스타일러 돌렸는데도 주름이 잘 없어지지 않네요. 그래도 스커트 자체는 맘에 듭니다.,5.0,"{""사이즈"": ""큼"", ""색상"": ""비슷함"", ""소재"": ""비슷함""}","[""https://media.wconcept.co.kr/review/307428905/307428905_1777602924977.jpeg?RS=300""]"
307428905,모한,[앵콜30%쿠폰] TVF SATIN LACE SKIRT_2COLORS,https://www.wconcept.co.kr/Product/307428905,1,3,so******,2026.04.06,"I-BEIGE, M",배송이 빨라서 좋네요 키크고 골반이 있어서 사이즈 선택이 늘 애매한데 맞춤옷마냥 잘 맞아요 ~! 66반까진 m하셔도 될 것 같아요-!!,5.0,"{""사이즈"": ""적당함"", ""색상"": ""비슷함"", ""소재"": ""비슷함""}","[""https://media.wconcept.co.kr/review/307428905/307428905_1775475986077.jpg?RS=300""]"
307428905,모한,[앵콜30%쿠폰] TVF SATIN LACE SKIRT_2COLORS,https://www.wconcept.co.kr/Product/307428905,1,4,sh******,2026.03.20,"I-BEIGE, M",편하게 입으려고 라지 사이즈 주문했다가 M사이즈로 다시 주문했어여 ! 옷 너무 이뻐여,5.0,"{""사이즈"": ""적당함"", ""색상"": ""같음"", ""소재"": ""같음""}","[""https://media.wconcept.co.kr/review/307428905/307428905_1773957374261.jpeg?RS=300""]"
307428905,모한,[앵콜30%쿠폰] TVF SATIN LACE SKIRT_2COLORS,https://www.wconcept.co.kr/Product/307428905,1,5,76******,2026.03.11,"I-BEIGE, M",탄탄한 재질에 고급스러운 느낌입니다. 163기준 종아리 약간 아래. 색감 좋고 아랫단 레이스가 여성스럽고 우아한 느낌을 줍니다.,5.0,"{""사이즈"": ""적당함"", ""색상"": ""같음"", ""소재"": ""같음""}",[]
307428905,모한,[앵콜30%쿠폰] TVF SATIN LACE SKIRT_2COLORS,https://www.wconcept.co.kr/Product/307428905,1,6,cr******,2026.03.08,"BLACK, S",고급스러워보여 샀는데 사진과 같아요. 마감도 좋고!,5.0,"{""사이즈"": ""큼"", ""색상"": ""같음"", ""소재"": ""같음""}",[]
307428905,모한,[앵콜30%쿠폰] TVF SATIN LACE SKIRT_2COLORS,https://www.wconcept.co.kr/Product/307428905,2,7,gg******,2026.03.01,"I-BEIGE, S",색상이 생각보다 베이지에 가깝습니다. 그래도 입으려고 했던 자켓이랑 어울려서 입어용,5.0,"{""사이즈"": ""적당함"", ""색상"": ""비슷함"", ""소재"": ""같음""}",[]
307428905,모한,[앵콜30%쿠폰] TVF SATIN LACE SKIRT_2COLORS,https://www.wconcept.co.kr/Product/307428905,2,8,co******,2026.02.28,"I-BEIGE, S",편안하게 입을수 있는 스커트로 레이스 단으로 페미닌해보이는 디자인 길이감은 종아리 중간정도이고 색감은 톤다운된 베이지톤이나 칙칙해보이는건 아님,5.0,"{""사이즈"": ""적당함"", ""색상"": ""비슷함"", ""소재"": ""같음""}",[]
307428905,모한,[앵콜30%쿠폰] TVF SATIN LACE SKIRT_2COLORS,https://www.wconcept.co.kr/Product/307428905,2,9,sr******,2026.02.22,"I-BEIGE, M",사이즈는 실측대비 어쥬큰개 아니고 여유로우ㅓ요 그러다보니 부담스럽지 않음,5.0,"{""사이즈"": ""큼"", ""색상"": ""같음"", ""소재"": ""같음""}","[""https://media.wconcept.co.kr/review/307428905/307428905_1771746530355.jpeg?RS=300""]"
307428905,모한,[앵콜30%쿠폰] TVF SATIN LACE SKIRT_2COLORS,https://www.wconcept.co.kr/Product/307428905,2,10,je******,2026.02.09,"BLACK, M",사이즈가 넉넉하게 나왔어요 제가 뱃살이 있는 편인데도 넉넉하니 뱃살부각없이 입기좋았어요 탄탄한소재에 롱코트 입고 입었던 밑으로. 언뜻언뜻 보이는 레이스도 예쁘네요,5.0,"{""사이즈"": ""큼"", ""색상"": ""같음"", ""소재"": ""같음""}","[""https://media.wconcept.co.kr/review/307428905/307428905_1770600838207.jpeg?RS=300""]"
307428905,모한,[앵콜30%쿠폰] TVF SATIN LACE SKIRT_2COLORS,https://www.wconcept.co.kr/Product/307428905,2,11,ji******,2026.01.27,"BLACK, S","이런디자인 엄정 찾았는데 핏,디자인,퀄리티 매우 만족합니다 쟁이고싶네요",5.0,"{""사이즈"": ""적당함"", ""색상"": ""같음"", ""소재"": ""같음""}",[]
307428905,모한,[앵콜30%쿠폰] TVF SATIN LACE SKIRT_2COLORS,https://www.wconcept.co.kr/Product/307428905,2,12,ch******,2026.01.20,"BLACK, S",치마버러인데 진짜 너무 너무 너무 마음에들어요 재질도 너무 좋고 찰랑거리고 고급스러우면서 디테일도 이쁘고 길이감도 좋아요,5.0,"{""사이즈"": ""적당함"", ""색상"": ""같음"", ""소재"": ""같음""}",[]
307428905,모한,[앵콜30%쿠폰] TVF SATIN LACE SKIRT_2COLORS,https://www.wconcept.co.kr/Product/307428905,3,13,wc******,2026.01.16,"I-BEIGE, M",너어어어무 이뻐요 ㅠㅠ 왜 고민햇을까..옷 자체가 고급미 넘치네요 나만 입고싶은 스커트예요 사이즈 크다고 하는데 전 m사이즈 딱 좋습니다^^모한 스커트 2번째 구입인데 둘다 맘에 듭니다,5.0,"{""사이즈"": ""적당함"", ""색상"": ""같음"", ""소재"": ""같음""}",[]
307428905,모한,[앵콜30%쿠폰] TVF SATIN LACE SKIRT_2COLORS,https://www.wconcept.co.kr/Product/307428905,3,14,as******,2026.01.12,"BLACK, S",배송일찍와서 바로입을수있었어요 재질도 뷰들하고 이뻐요,5.0,"{""사이즈"": ""적당함"", ""색상"": ""같음"", ""소재"": ""같음""}",[]
307428905,모한,[앵콜30%쿠폰] TVF SATIN LACE SKIRT_2COLORS,https://www.wconcept.co.kr/Product/307428905,3,15,ne******,2026.01.11,"BLACK, L",간당간당하게 입었네요 살을 빼야할거 같아요. 치마는 너무 깔끔하고 예쁜데 속레이스가 좀 말려올라가요. 그래도 고급져보이고 가벼워서 품고 갑니다ㅎ,5.0,"{""사이즈"": ""적당함"", ""색상"": ""같음"", ""소재"": ""같음""}",[]
307428905,모한,[앵콜30%쿠폰] TVF SATIN LACE SKIRT_2COLORS,https://www.wconcept.co.kr/Product/307428905,3,16,wc******,2026.01.09,"BLACK, L",허리가 커서 사이즈 미스했지만 잘 입고있습니다,5.0,"{""사이즈"": ""큼"", ""색상"": ""비슷함"", ""소재"": ""비슷함""}",[]
307428905,모한,[앵콜30%쿠폰] TVF SATIN LACE SKIRT_2COLORS,https://www.wconcept.co.kr/Product/307428905,3,17,tj******,2026.01.08,"BLACK, S",너무 예뻐요~~!! 밑에 레이스 디테일이 넘 예쁘네여!! 근데 저한테는 허리가 너무너무 커서 수선하고 입으려구요~~~,5.0,"{""사이즈"": ""큼"", ""색상"": ""같음"", ""소재"": ""같음""}","[""https://media.wconcept.co.kr/review/307428905/307428905_1767852565573.jpeg?RS=300""]"
307428905,모한,[앵콜30%쿠폰] TVF SATIN LACE SKIRT_2COLORS,https://www.wconcept.co.kr/Product/307428905,3,18,ru******,2026.01.03,"BLACK, S",품이 약간 크지만 디테일은 마음에 듭니다.,5.0,"{""사이즈"": ""큼"", ""색상"": ""비슷함"", ""소재"": ""비슷함""}",[]
308924024,아워코모스,[48H 특가] high-neck shirring blouse (mocha) orc 6112,https://www.wconcept.co.kr/Product/308924024,1,1,Hs******,2026.09.13,FREE,색상이쁘구 핏도단아해보입니다 근데비쳐서 ㅠ 속옷신경써야할거같은데 분위기있어보이고예쁩니다ㅎㅎ,5.0,"{""사이즈"": ""적당함"", ""색상"": ""같음"", ""소재"": ""같음""}",[]
308924024,아워코모스,[48H 특가] high-neck shirring blouse (mocha) orc 6112,https://www.wconcept.co.kr/Product/308924024,1,2,na******,2026.09.11,FREE,"시스루보다는 힘이 있는 소재이지만 비침은 있어요. 사선으로 된 단추 위치도 감각적이고 여리여리 하니 아주 맘에 듭니다. 스커트, 팬츠 다 잘 어울려요.",5.0,"{""사이즈"": ""적당함"", ""색상"": ""같음"", ""소재"": ""같음""}","[""https://media.wconcept.co.kr/review/308924024/308924024_1789134065435.jpg?RS=300""]"
308924024,아워코모스,[48H 특가] high-neck shirring blouse (mocha) orc 6112,https://www.wconcept.co.kr/Product/308924024,1,3,xo******,2026.09.11,FREE,실제로 받아보니 정말 마음에 들어요 진심 예쁩니다,5.0,"{""사이즈"": ""적당함"", ""색상"": ""같음"", ""소재"": ""같음""}",[]
308924024,아워코모스,[48H 특가] high-neck shirring blouse (mocha) orc 6112,https://www.wconcept.co.kr/Product/308924024,1,4,bk******,2026.09.07,FREE,"모카 컬러가 차분하면서도 은은해서 가을에 입기 딱 좋은 블라우스예요. 하이넥과 셔링 디테일 덕분에 기본 블라우스보다 훨씬 여성스럽고 분위기 있게 연출되어 전시회와도 잘어울려 만족스런 구매였어요. 핏도 너무 붙거나 크지 않고 적당히 여유가 있어서 데님이나 슬랙스, 스커트 어디에나 잘 어울려요! 특히 컬러가 고급스러워서 출근룩으로 입어도 단정하고, 약속 있는 날에는 조금 더 분위기 있게 연출하기 좋았습니다. (우선 거의 직진배송급 빠른 배송에 감동 ㅠㅠ)",5.0,"{""사이즈"": ""적당함"", ""색상"": ""같음"", ""소재"": ""같음""}","[""https://media.wconcept.co.kr/review/308966822/308966822_1788739422638.jpeg?RS=300""]"
308924024,아워코모스,[48H 특가] high-neck shirring blouse (mocha) orc 6112,https://www.wconcept.co.kr/Product/308924024,1,5,ha******,2026.09.07,FREE,"목선까지 올라오는 하이넥 디자인에 자연스럽게 잡힌 셔링이 더해져 여성스럽고 분위기 있는 블라우스예요. 모카 컬러라 차분하면서도 은은하게 포인트가 되고, 단독으로 입어도 예쁘지만 데님이나 슬랙스와 매치하기도 좋았어요. 소재가 부드럽고 핏도 너무 타이트하지 않아 편하게 착용할 수 있었고, 소매와 넥라인 디테일 덕분에 심플한 하의와 입어도 스타일이 살아나요. 데일리룩부터 약속 있는 날까지 활용도 높게 입기 좋을 것 같아요 💛",5.0,"{""사이즈"": ""적당함"", ""색상"": ""같음"", ""소재"": ""같음""}","[""https://media.wconcept.co.kr/review/308966822/308966822_1788707855363.jpeg?RS=300"", ""https://media.wconcept.co.kr/review/308966822/308966822_1788707855313.jpeg?RS=300"", ""https://media.wconcept.co.kr/review/308966822/308966822_1788707855192.jpeg?RS=300""]"
308499922,시티브리즈,[주말특가] [신규 컬러] NEW 링클 프리 슬림핏 셔츠_8COLORS,https://www.wconcept.co.kr/Product/308499922,1,1,wc******,2026.09.11,"LIGHT BLUE, XS","끄아 최고예여!!! 셔츠 고민 진짜많이하다가 산건데 왜고민했나... 사이즈, 컬러 찰떡입니다' 화이트도 추가 구매해요.",5.0,"{""사이즈"": ""적당함"", ""색상"": ""같음"", ""소재"": ""같음""}","[""https://media.wconcept.co.kr/review/308499922/308499922_1789118195779.jpg?RS=300""]"
308499922,시티브리즈,[주말특가] [신규 컬러] NEW 링클 프리 슬림핏 셔츠_8COLORS,https://www.wconcept.co.kr/Product/308499922,1,2,wh******,2026.09.10,"S, BUTTER",색이 진하지 않아 좋습니다 슬림핏에 기장도 적당하고 예쁩니다,4.0,"{""사이즈"": ""적당함"", ""색상"": ""비슷함"", ""소재"": ""비슷함""}",[]
308499922,시티브리즈,[주말특가] [신규 컬러] NEW 링클 프리 슬림핏 셔츠_8COLORS,https://www.wconcept.co.kr/Product/308499922,1,3,mi******,2026.09.09,"WHITE, S",가을에 출근용으로 흰셔츠 많이 필요한데 세일해서 잘 구매했어요,5.0,"{""사이즈"": ""적당함"", ""색상"": ""같음"", ""소재"": ""같음""}","[""https://media.wconcept.co.kr/review/308499922/308499922_1788951023413.jpg?RS=300""]"
308499922,시티브리즈,[주말특가] [신규 컬러] NEW 링클 프리 슬림핏 셔츠_8COLORS,https://www.wconcept.co.kr/Product/308499922,1,4,se******,2026.09.09,"PINK, S",핑크색상 잘입었는데 연연한 핑크여서 잘입었구 사이즈는 잘맞았어요 화이트색상 구매하러 왛다가 후기 남겨요~^^,4.0,"{""사이즈"": ""적당함"", ""색상"": ""비슷함"", ""소재"": ""같음""}","[""https://media.wconcept.co.kr/review/308499922/308499922_1788917195695.jpg?RS=300"", ""https://media.wconcept.co.kr/review/308499922/308499922_1788917195597.jpg?RS=300""]"
308499922,시티브리즈,[주말특가] [신규 컬러] NEW 링클 프리 슬림핏 셔츠_8COLORS,https://www.wconcept.co.kr/Product/308499922,1,5,92******,2026.09.08,"PINK, M",핑크가 칙칙한편이에요 핏은 슬림한편이고 기장짧고요,5.0,"{""사이즈"": ""적당함"", ""색상"": ""다름"", ""소재"": ""같음""}",[]
308499922,시티브리즈,[주말특가] [신규 컬러] NEW 링클 프리 슬림핏 셔츠_8COLORS,https://www.wconcept.co.kr/Product/308499922,1,6,ch******,2026.09.07,"LIGHT BLUE, S",이너로 입으려고 슬림핏으로 샀습니다 가을부터 잘 입을것같아요,5.0,"{""사이즈"": ""적당함"", ""색상"": ""비슷함"", ""소재"": ""비슷함""}",[]
308499922,시티브리즈,[주말특가] [신규 컬러] NEW 링클 프리 슬림핏 셔츠_8COLORS,https://www.wconcept.co.kr/Product/308499922,2,7,ch******,2026.09.07,"S, GREY",슬림하게 나왔고 가격에서 알수있듯 고급스러운 느낌보다는 편하게 입는 용이라 생각하면 될것같아요,5.0,"{""사이즈"": ""적당함"", ""색상"": ""비슷함"", ""소재"": ""비슷함""}","[""https://media.wconcept.co.kr/review/308499922/308499922_1788776394880.jpg?RS=300""]"
308499922,시티브리즈,[주말특가] [신규 컬러] NEW 링클 프리 슬림핏 셔츠_8COLORS,https://www.wconcept.co.kr/Product/308499922,2,8,wc******,2026.09.06,"WHITE, M",마른편이나 어깨가 있어서 평소 66을 입습니다. s와 m중에 고민했는데 m이 딱 맞네요.,5.0,"{""사이즈"": ""적당함"", ""색상"": ""같음"", ""소재"": ""같음""}","[""https://media.wconcept.co.kr/review/308499922/308499922_1788672356324.jpg?RS=300""]"
308499922,시티브리즈,[주말특가] [신규 컬러] NEW 링클 프리 슬림핏 셔츠_8COLORS,https://www.wconcept.co.kr/Product/308499922,2,9,ks******,2026.09.06,"WHITE, M","고민 엄청하다 주문했는데 완전 만족입니다 요즘 날씨에 반팔티에 받쳐 입거나 단독으로 입어도 괜찮고, 추워지면 이너로 입어도 이쁠거 같아요",5.0,"{""사이즈"": ""적당함"", ""색상"": ""같음"", ""소재"": ""같음""}",[]
308499922,시티브리즈,[주말특가] [신규 컬러] NEW 링클 프리 슬림핏 셔츠_8COLORS,https://www.wconcept.co.kr/Product/308499922,2,10,wc******,2026.09.05,"BLACK, S",핏도 적당하고 착용감도 편하고 무엇보다 너무 이뻐요,5.0,"{""사이즈"": ""적당함"", ""색상"": ""같음"", ""소재"": ""같음""}",[]
308499922,시티브리즈,[주말특가] [신규 컬러] NEW 링클 프리 슬림핏 셔츠_8COLORS,https://www.wconcept.co.kr/Product/308499922,2,11,ky******,2026.09.04,"BLACK, XS",시원해서 여름에도 가능한두께에요. 잘입을게요.,5.0,"{""사이즈"": ""적당함"", ""색상"": ""같음"", ""소재"": ""같음""}",[]
308499922,시티브리즈,[주말특가] [신규 컬러] NEW 링클 프리 슬림핏 셔츠_8COLORS,https://www.wconcept.co.kr/Product/308499922,2,12,tj******,2026.09.02,"WHITE, M",사이즈가 아주 예쁘게 잘 맞아요! 끼는 느낌 없이 딱 필요한 만큼만 여유있고 라인은 살려주는 핏입니다~,5.0,"{""사이즈"": ""적당함"", ""색상"": ""같음"", ""소재"": ""같음""}",[]
308499922,시티브리즈,[주말특가] [신규 컬러] NEW 링클 프리 슬림핏 셔츠_8COLORS,https://www.wconcept.co.kr/Product/308499922,3,13,rn******,2026.08.31,"WHITE, S",구김도 안가구 좋습니다~~빠른배송 감사합니다,5.0,"{""사이즈"": ""적당함"", ""색상"": ""같음"", ""소재"": ""같음""}",[]
308499922,시티브리즈,[주말특가] [신규 컬러] NEW 링클 프리 슬림핏 셔츠_8COLORS,https://www.wconcept.co.kr/Product/308499922,3,14,om******,2026.08.30,"WHITE, S",흰색인데 소매부분에 얼룩들이 있어요 나머지는 상세사진이랑 비슷합니다,5.0,"{""사이즈"": ""적당함"", ""색상"": ""같음"", ""소재"": ""비슷함""}",[]
308499922,시티브리즈,[주말특가] [신규 컬러] NEW 링클 프리 슬림핏 셔츠_8COLORS,https://www.wconcept.co.kr/Product/308499922,3,15,za******,2026.08.29,"WHITE, S",핏 좋구요 살짝 비침 있어요 화이트는 ㅋㅋ 가벼운 면접이나 베스트 등에 안에 받쳐입기 좋을듯요 ㅎㅎ,5.0,"{""사이즈"": ""적당함"", ""색상"": ""같음"", ""소재"": ""같음""}",[]
308499922,시티브리즈,[주말특가] [신규 컬러] NEW 링클 프리 슬림핏 셔츠_8COLORS,https://www.wconcept.co.kr/Product/308499922,3,16,gk******,2026.08.26,"WHITE, M",기본으로 하나 갖고있으면 캐주얼하개도 자주 입을 수 있을 것 같아요!!,5.0,"{""사이즈"": ""적당함"", ""색상"": ""같음"", ""소재"": ""같음""}",[]
308499922,시티브리즈,[주말특가] [신규 컬러] NEW 링클 프리 슬림핏 셔츠_8COLORS,https://www.wconcept.co.kr/Product/308499922,3,17,gk******,2026.08.26,"M, GREY",링클프리 소재가 진짜 부드럽고 찰랑거리면서 핏은 잡아주는 찰랑거림이어서 너무 마음에 들어요 ㅎㅎ,5.0,"{""사이즈"": ""적당함"", ""색상"": ""같음"", ""소재"": ""같음""}",[]
308499922,시티브리즈,[주말특가] [신규 컬러] NEW 링클 프리 슬림핏 셔츠_8COLORS,https://www.wconcept.co.kr/Product/308499922,3,18,wc******,2026.08.24,"LIGHT BLUE, XS","바스트 없는 편인데도 조금더 살찌면 움직일때 가슴 벌어질것같아요ㅜㅠㅋㅋㅋxs, s 고민했는데 xs가 흔치않게 핏감 사는 슬림핏 셔츠인건 맞지만 편하게 입으려면 s,,,",5.0,"{""사이즈"": ""적당함"", ""색상"": ""같음"", ""소재"": ""같음""}",[]
308972893,틸아이다이,[단 하루!] Leather quilting high neck blouson [TIFA06LE01]_Black,https://www.wconcept.co.kr/Product/308972893,1,1,wc******,2026.09.11,BLACK_FREE,발품 손품 다 팔아서 레더 재킷 백화점에서 여러군데 많이 입어보고 골랐습니닷! 레더 재킷 이쁜데 많았는데 여기는 누빔이 있기도 하고 착용해 봤는데 제가 원하는 핏이라성ㅎ 가죽도 적당히 광택이 있어서 고급집니다. 쿠폰먹여서 저렴하게 구매했고 배송 빨라욤! 디테일 마감은 실제로 매장에서 입어 봤기에 믿고 샀습니다.,5.0,"{""사이즈"": ""적당함"", ""색상"": ""같음"", ""소재"": ""같음""}","[""https://media.wconcept.co.kr/review/308972893/308972893_1789119878452.jpeg?RS=300"", ""https://media.wconcept.co.kr/review/308972893/308972893_1789119878346.jpeg?RS=300""]"
308972893,틸아이다이,[단 하루!] Leather quilting high neck blouson [TIFA06LE01]_Black,https://www.wconcept.co.kr/Product/308972893,1,2,th******,2026.09.11,BLACK_FREE,너무 맘에들어요! 레더자켓인데 누빔 있어서 초겨울까지 쭉 오래 입을 수 있을거 같아여 소재도 고급지고 퀄리티가 좋네요 만족스럽습니다 살짝 저한테는 오버핏이라 니트입고도 충분히 입을 수 있을거 같아요 !! 급 추워져서 자켓 구매했는데 생각보다 배송도 빨랐습니다,5.0,"{""사이즈"": ""적당함"", ""색상"": ""같음"", ""소재"": ""같음""}","[""https://media.wconcept.co.kr/review/308972893/308972893_1789116710849.jpeg?RS=300"", ""https://media.wconcept.co.kr/review/308972893/308972893_1789116710742.jpeg?RS=300""]"
307381363,시야쥬,[한정특가] SIKN2156 울 블렌드 루즈 브이넥 니트_Black,https://www.wconcept.co.kr/Product/307381363,1,1,ji******,2026.09.12,"Black, One",생각보다 많이 도톰해요 ㅋㅋ 재질이 좋아서 더 추워지면 잘입을거같아요 ㅋㅋ,5.0,"{""사이즈"": ""적당함"", ""색상"": ""같음"", ""소재"": ""같음""}","[""https://media.wconcept.co.kr/review/307381363/307381363_1789222044976.jpg?RS=300""]"
307381363,시야쥬,[한정특가] SIKN2156 울 블렌드 루즈 브이넥 니트_Black,https://www.wconcept.co.kr/Product/307381363,1,2,ch******,2026.09.12,"Black, One",기본템으로 입기 좋을 것 같아용~~ 좋아요~~맘에듭니다~~,5.0,"{""사이즈"": ""적당함"", ""색상"": ""같음"", ""소재"": ""비슷함""}","[""https://media.wconcept.co.kr/review/307381363/307381363_1789192155401.jpeg?RS=300""]"
307381363,시야쥬,[한정특가] SIKN2156 울 블렌드 루즈 브이넥 니트_Black,https://www.wconcept.co.kr/Product/307381363,1,3,ji******,2026.09.11,"Black, One",배송이.빠릅니다 꺼냈는데 새 옷냄새가 나서 베란다에 걸어두어야 합니다 소재는.. 보풀이 잘 나겠습니다,4.0,"{""사이즈"": ""적당함"", ""색상"": ""같음"", ""소재"": ""비슷함""}","[""https://media.wconcept.co.kr/review/307381363/307381363_1789110960730.jpg?RS=300""]"
307381363,시야쥬,[한정특가] SIKN2156 울 블렌드 루즈 브이넥 니트_Black,https://www.wconcept.co.kr/Product/307381363,1,4,wc******,2026.09.11,"Black, One",조금 박시하지만 예뻐요. 니트 질 좋아보이구요. 금방 꺼내 입을수 있을거 같아요.,5.0,"{""사이즈"": ""큼"", ""색상"": ""같음"", ""소재"": ""같음""}",[]
307381363,시야쥬,[한정특가] SIKN2156 울 블렌드 루즈 브이넥 니트_Black,https://www.wconcept.co.kr/Product/307381363,1,5,wc******,2026.09.08,"Black, One",몇번 입으면 보풀이 일어날거 같은데 전반적으로 좋아요,5.0,"{""사이즈"": ""적당함"", ""색상"": ""같음"", ""소재"": ""같음""}","[""https://media.wconcept.co.kr/review/307381363/307381363_1788877470700.jpeg?RS=300""]"
307381363,시야쥬,[한정특가] SIKN2156 울 블렌드 루즈 브이넥 니트_Black,https://www.wconcept.co.kr/Product/307381363,1,6,am******,2026.09.08,"Black, One",무난하게 입을 수 있는 기본 니트에요. 검정 옷이 많은데 또 검정을 선택했네요. 올 가을 겨울 예쁘게 잘 입어보겠습니다.,4.0,"{""사이즈"": ""적당함"", ""색상"": ""비슷함"", ""소재"": ""비슷함""}","[""https://media.wconcept.co.kr/review/307381363/307381363_1788865713995.jpg?RS=300""]"
307381363,시야쥬,[한정특가] SIKN2156 울 블렌드 루즈 브이넥 니트_Black,https://www.wconcept.co.kr/Product/307381363,2,7,na******,2026.09.05,"Black, One",기본템인데 넥라인마감이 생각보다 허술해요.. 한두해 잘입을거같아요,5.0,"{""사이즈"": ""적당함"", ""색상"": ""같음"", ""소재"": ""비슷함""}","[""https://media.wconcept.co.kr/review/307381363/307381363_1788607289487.jpg?RS=300""]"
307381363,시야쥬,[한정특가] SIKN2156 울 블렌드 루즈 브이넥 니트_Black,https://www.wconcept.co.kr/Product/307381363,2,8,se******,2026.09.02,"Black, One",완전맘에들어요 ! 늦가을 ~초봄 까지 정도 톡톡합니다 핏도댕예쁨 다른샏살거임,5.0,"{""사이즈"": ""적당함"", ""색상"": ""같음"", ""소재"": ""비슷함""}",[]
307381363,시야쥬,[한정특가] SIKN2156 울 블렌드 루즈 브이넥 니트_Black,https://www.wconcept.co.kr/Product/307381363,2,9,le******,2026.08.30,"Black, One",옷이 너무 구겨져서 와서 볼품없어요 할인가도 비싸지게 느껴지는 것 같네요 핏은 벌룬핏 좋아하시면 나쁘지 않을 것 같고 그나마 밑단 시보리로 핏 조절할수 있어서 그럭저럭,5.0,"{""사이즈"": ""적당함"", ""색상"": ""같음"", ""소재"": ""비슷함""}","[""https://media.wconcept.co.kr/review/307381363/307381363_1788060829285.jpeg?RS=300""]"
307381363,시야쥬,[한정특가] SIKN2156 울 블렌드 루즈 브이넥 니트_Black,https://www.wconcept.co.kr/Product/307381363,2,10,wc******,2026.08.29,"Black, One",브이넥이라 니트가 답답해보이지 않고 사이즈도 너무 핏 하지 않고 겨울에 입기 딱 좋아요. 여러해 입을 옷은 아니고 한 철 잘 입을것 같습니다. 가성비 좋아요,5.0,"{""사이즈"": ""적당함"", ""색상"": ""비슷함"", ""소재"": ""비슷함""}","[""https://media.wconcept.co.kr/review/307381363/307381363_1788009815585.jpeg?RS=300""]"
307381363,시야쥬,[한정특가] SIKN2156 울 블렌드 루즈 브이넥 니트_Black,https://www.wconcept.co.kr/Product/307381363,2,11,co******,2026.08.29,"Black, One",생각보다 많이 두툼해서 본격 가을에 입을수 잇을듯해요! 그치만 생각했던 핏이어서 맘에 듭니당~ 편하게 잊을듯해요!!!,5.0,"{""사이즈"": ""적당함"", ""색상"": ""같음"", ""소재"": ""비슷함""}","[""https://media.wconcept.co.kr/review/307381363/307381363_1787978695695.jpeg?RS=300""]"
307381363,시야쥬,[한정특가] SIKN2156 울 블렌드 루즈 브이넥 니트_Black,https://www.wconcept.co.kr/Product/307381363,2,12,wc******,2026.08.27,"Black, One",그냥 기본스타일이예요. 막 이쁘거나 하진 않은데 그냥 편하게 두루두루 입기 좋을 거 같아 반품 안하고 입으려고요~ 생각보다 많이 두툼해서 늦가을부터 입기 좋을 거 같아요,4.0,"{""사이즈"": ""큼"", ""색상"": ""비슷함"", ""소재"": ""비슷함""}","[""https://media.wconcept.co.kr/review/307381363/307381363_1787822170041.jpg?RS=300""]"
307381363,시야쥬,[한정특가] SIKN2156 울 블렌드 루즈 브이넥 니트_Black,https://www.wconcept.co.kr/Product/307381363,3,13,wc******,2026.08.22,"Black, One",검정색 사구싶었는데 이쁘네요 가을에 ㅣ쁘게 입으려구요 까끌거리지안길 바라네요,5.0,"{""사이즈"": ""적당함"", ""색상"": ""같음"", ""소재"": ""같음""}",[]
307381363,시야쥬,[한정특가] SIKN2156 울 블렌드 루즈 브이넥 니트_Black,https://www.wconcept.co.kr/Product/307381363,3,14,de******,2026.08.14,"Black, One",니트 소재가 부드럽고 탄탄해서 착용감이 정말 좋아요✨ 사이즈도 넉넉하게 나와서 체형에 크게 구애받지 않고 편하게 입을 수 있네요.,5.0,"{""사이즈"": ""적당함"", ""색상"": ""비슷함"", ""소재"": ""비슷함""}","[""https://media.wconcept.co.kr/review/307381363/307381363_1786686357600.jpg?RS=300""]"
307381363,시야쥬,[한정특가] SIKN2156 울 블렌드 루즈 브이넥 니트_Black,https://www.wconcept.co.kr/Product/307381363,3,15,cy******,2026.08.09,"Black, One",호주 가을날씨에 잘 입고 다녔어요~~ 맨살에 입어도 안까슬거리고 좋아요,5.0,"{""사이즈"": ""큼"", ""색상"": ""같음"", ""소재"": ""같음""}","[""https://media.wconcept.co.kr/review/307381363/307381363_1786286922609.jpeg?RS=300""]"
307381363,시야쥬,[한정특가] SIKN2156 울 블렌드 루즈 브이넥 니트_Black,https://www.wconcept.co.kr/Product/307381363,3,16,gh******,2026.06.04,"Black, One",검은색 브이넥 니트가 사고싶어서 알아보다가 핏이 원하는 느낌이라서 구매했어요ㅎㅎ 널럴한게 마음에 듭니다. 두께는 생각보다 두꺼워서 겨울에도 입겠어요,5.0,"{""사이즈"": ""적당함"", ""색상"": ""같음"", ""소재"": ""같음""}","[""https://media.wconcept.co.kr/review/307381363/307381363_1780521902014.jpg?RS=300""]"
307381363,시야쥬,[한정특가] SIKN2156 울 블렌드 루즈 브이넥 니트_Black,https://www.wconcept.co.kr/Product/307381363,3,17,so******,2026.06.01,"Black, One",조금 두툼한 니트재질입니다. 무난한 디자인에 넓이도 넉넉하고 편해서 자주 입게 되네요!! 역시 시야쥬는 옷 재질이 너무 좋아요!!,5.0,"{""사이즈"": ""적당함"", ""색상"": ""같음"", ""소재"": ""같음""}","[""https://media.wconcept.co.kr/review/307381363/307381363_1780296358959.jpg?RS=300""]"
307381363,시야쥬,[한정특가] SIKN2156 울 블렌드 루즈 브이넥 니트_Black,https://www.wconcept.co.kr/Product/307381363,3,18,rh******,2026.05.03,"Black, One",보풀이 금방 일고ㅜ먼지가 잘 붙긴 하지만 넘 예뻐요~ 크게 맞지만 흉하디 않게 커요,5.0,"{""사이즈"": ""큼"", ""색상"": ""같음"", ""소재"": ""비슷함""}",[]
308838692,무니드,[단 하루!30%쿠폰] TENDER LACE SKIRT - BLACK,https://www.wconcept.co.kr/Product/308838692,1,1,ge******,2026.09.12,BLACK O.S,허리가좀큰거같아요 고급스러워보이긴하지만 실밥이 좀많이정리가안되서...다듬없어요,5.0,"{""사이즈"": ""적당함"", ""색상"": ""같음"", ""소재"": ""같음""}",[]
308838692,무니드,[단 하루!30%쿠폰] TENDER LACE SKIRT - BLACK,https://www.wconcept.co.kr/Product/308838692,1,2,sk******,2026.09.11,BLACK O.S,너무 이쁘네요 허리도 밴드라 편하고 잘 입을께요.,5.0,"{""사이즈"": ""적당함"", ""색상"": ""같음"", ""소재"": ""같음""}",[]
308838692,무니드,[단 하루!30%쿠폰] TENDER LACE SKIRT - BLACK,https://www.wconcept.co.kr/Product/308838692,1,3,gh******,2026.09.10,BLACK O.S,배송빨라서 좋고 요즘 유행하는거라 샀는데 이쁨요,5.0,"{""사이즈"": ""적당함"", ""색상"": ""비슷함"", ""소재"": ""비슷함""}","[""https://media.wconcept.co.kr/review/308838692/308838692_1789037566708.jpeg?RS=300""]"
308838692,무니드,[단 하루!30%쿠폰] TENDER LACE SKIRT - BLACK,https://www.wconcept.co.kr/Product/308838692,1,4,gp******,2026.09.06,BLACK O.S,소재가 너무 얇지 않고 딱 적당해서 야해보이거나 하지 않아서 좋아요~ 이런 치마 요새 많이들 입어서 사 봄!,5.0,"{""사이즈"": ""적당함"", ""색상"": ""같음"", ""소재"": ""같음""}","[""https://media.wconcept.co.kr/review/308838692/308838692_1788671503815.jpeg?RS=300"", ""https://media.wconcept.co.kr/review/308838692/308838692_1788671503673.jpeg?RS=300""]"
308838692,무니드,[단 하루!30%쿠폰] TENDER LACE SKIRT - BLACK,https://www.wconcept.co.kr/Product/308838692,1,5,go******,2026.09.04,BLACK O.S,예뻐요 편하게 손이 자주갈거 같아요 상의도 구매했어요,5.0,"{""사이즈"": ""적당함"", ""색상"": ""같음"", ""소재"": ""같음""}",[]
308838692,무니드,[단 하루!30%쿠폰] TENDER LACE SKIRT - BLACK,https://www.wconcept.co.kr/Product/308838692,1,6,sh******,2026.09.03,BLACK O.S,심플하면서 세련된느낌이라 잘입어질것 같아요,5.0,"{""사이즈"": ""적당함"", ""색상"": ""같음"", ""소재"": ""같음""}","[""https://media.wconcept.co.kr/review/308838692/308838692_1788442135395.jpg?RS=300""]"
308838692,무니드,[단 하루!30%쿠폰] TENDER LACE SKIRT - BLACK,https://www.wconcept.co.kr/Product/308838692,2,7,wc******,2026.09.03,BLACK O.S,가을에입기좋은 외투에요 두껍고 스커트랑 스커트도 예뻐서 두가지색갈다삿어요,5.0,"{""사이즈"": ""적당함"", ""색상"": ""같음"", ""소재"": ""같음""}",[]
308838692,무니드,[단 하루!30%쿠폰] TENDER LACE SKIRT - BLACK,https://www.wconcept.co.kr/Product/308838692,2,8,ks******,2026.08.31,BLACK O.S,샴플하면서도 포인트가 되어주는 엣지있는 옷입니다 이뻐요~~~,5.0,"{""사이즈"": ""적당함"", ""색상"": ""같음"", ""소재"": ""같음""}",[]
308838692,무니드,[단 하루!30%쿠폰] TENDER LACE SKIRT - BLACK,https://www.wconcept.co.kr/Product/308838692,2,9,wc******,2026.08.30,BLACK O.S,전체적으로 여유있네요 L사이즈로 생각하면될거 같아요 딱맞지 않아서 더 핏이 좋아요 속치마가 고정되 있어서 좋아요 길이도 적당해요,5.0,"{""사이즈"": ""적당함"", ""색상"": ""같음"", ""소재"": ""같음""}","[""https://media.wconcept.co.kr/review/308838692/308838692_1788081825764.jpg?RS=300""]"
308838692,무니드,[단 하루!30%쿠폰] TENDER LACE SKIRT - BLACK,https://www.wconcept.co.kr/Product/308838692,2,10,cr******,2026.08.29,BLACK O.S,"레이스 트리밍 된 새틴 스커트를 계속 찾고 있었는데 평소 좋아하던 무니드에서 신상으로 나와 구매 하게 되었습니다. 옷 자체는 예상한대로 이쁜데 허리에 비해 엉덩이가 여유있게 나온 제품은 아니라 66이상은 어려울 듯 합니다. 조금 아쉬운 점이 몇가지 있는데요, 예약 배송이었는데 주문 하고 당일 발송이 되어서 반품 상품 발송인지 살짝 의문이 들고요. 실제로 옷의 구김이 좀 있었습니다. 내부 안감과 연결 박음질 부위에 마감 처리가 안 되어서 저렇게 360도 모두가 폴리 안감 올이 심하게 나와있는데 저런건 잘라도 기한없이 계속 풀리는 부분이라.. 마감이 너무 아쉬워요. 그리고 상세페이지에는 폴리로 되어있는데 실제로 받아보니 케어택은 아세테이트 100으로 되어 있어서.. 어떤게 맞는건가요? 개인적으로 물세탁을 선호해서 흠 좀 곤란하네요.",3.0,"{""사이즈"": ""적당함"", ""색상"": ""같음"", ""소재"": ""다름""}","[""https://media.wconcept.co.kr/review/308838692/308838692_1787989437066.jpeg?RS=300"", ""https://media.wconcept.co.kr/review/308838692/308838692_1787989436968.jpeg?RS=300""]"
308838692,무니드,[단 하루!30%쿠폰] TENDER LACE SKIRT - BLACK,https://www.wconcept.co.kr/Product/308838692,2,11,cu******,2026.08.28,BLACK O.S,소재도 탄탄하고 세트로 입으니 훨씬 활용도 높고 이쁘네용,5.0,"{""사이즈"": ""적당함"", ""색상"": ""같음"", ""소재"": ""같음""}","[""https://media.wconcept.co.kr/review/308838692/308838692_1787888389805.jpeg?RS=300""]"
308838692,무니드,[단 하루!30%쿠폰] TENDER LACE SKIRT - BLACK,https://www.wconcept.co.kr/Product/308838692,2,12,ws******,2026.08.28,BLACK O.S,약간 타이트한데 두께감 적당하고 편하게 입겠어요,5.0,"{""사이즈"": ""작음"", ""색상"": ""비슷함"", ""소재"": ""비슷함""}",[]
308838692,무니드,[단 하루!30%쿠폰] TENDER LACE SKIRT - BLACK,https://www.wconcept.co.kr/Product/308838692,3,13,yo******,2026.08.26,BLACK O.S,치마길이 원하는길이여서 마음에들어요 밑단레이스도 과하지 않아 좋아요,5.0,"{""사이즈"": ""적당함"", ""색상"": ""같음"", ""소재"": ""같음""}","[""https://media.wconcept.co.kr/review/308838692/308838692_1787726689843.jpeg?RS=300""]"
308838692,무니드,[단 하루!30%쿠폰] TENDER LACE SKIRT - BLACK,https://www.wconcept.co.kr/Product/308838692,3,14,oh******,2026.08.23,BLACK O.S,생각보다 너무 예쁘고 맘에 들어요 잘 입어질것 같아요,5.0,"{""사이즈"": ""적당함"", ""색상"": ""같음"", ""소재"": ""같음""}","[""https://media.wconcept.co.kr/review/308838692/308838692_1787466952191.jpg?RS=300""]"
308838692,무니드,[단 하루!30%쿠폰] TENDER LACE SKIRT - BLACK,https://www.wconcept.co.kr/Product/308838692,3,15,wc******,2026.08.22,BLACK O.S,"촤르르 떨어지는 원단에 밑단 레이스 디테일까지 너무 예쁘네요. 톡톡하고, 안감이 있어서 늦가을까지도 입기 좋을 것 같아요. 배송도 정말 빨랐어요!",5.0,"{""사이즈"": ""적당함"", ""색상"": ""같음"", ""소재"": ""같음""}","[""https://media.wconcept.co.kr/review/308838692/308838692_1787386035115.jpeg?RS=300"", ""https://media.wconcept.co.kr/review/308838692/308838692_1787386035074.jpg?RS=300"", ""https://media.wconcept.co.kr/review/308838692/308838692_1787386034985.jpeg?RS=300""]"
308838692,무니드,[단 하루!30%쿠폰] TENDER LACE SKIRT - BLACK,https://www.wconcept.co.kr/Product/308838692,3,16,we******,2026.08.20,BLACK O.S,제가 66인데 엉덩이가 커서그런가 배랑 엉덩이랑 통이.넉넉하진않네요 ㅠㅠ 살빼서 입을게여 원단은 정말 고급스럽고 이뻐요,5.0,"{""사이즈"": ""작음"", ""색상"": ""같음"", ""소재"": ""같음""}","[""https://media.wconcept.co.kr/review/308838692/308838692_1787218806167.jpg?RS=300""]"
308887002,틸아이다이,[단 하루!] [헤이가가 Pick]High neck belted leather jacket [TIFA05LE02]_Black,https://www.wconcept.co.kr/Product/308887002,1,1,wc******,2026.09.12,BLACK_FREE,오랜기간 입었던 블랙 가죽자켓 보내줘야 할 것 같아서 샀습니다! 좀 더 차려입은 느낌?이라 잘 입을 것 같고 커서 안에 많이 껴입을 수 있을 것 같아요!! 잘 입을게용,5.0,"{""사이즈"": ""큼"", ""색상"": ""같음"", ""소재"": ""같음""}","[""https://media.wconcept.co.kr/review/308887002/308887002_1789221902558.jpg?RS=300""]"
308887002,틸아이다이,[단 하루!] [헤이가가 Pick]High neck belted leather jacket [TIFA05LE02]_Black,https://www.wconcept.co.kr/Product/308887002,1,2,an******,2026.09.11,BLACK_FREE,이상하게 이런 스타일이 끌려서 사보았어요 ㅎ 날씨 선선해지면 많이 입도록 해볼게요,5.0,"{""사이즈"": ""적당함"", ""색상"": ""같음"", ""소재"": ""같음""}","[""https://media.wconcept.co.kr/review/308887002/308887002_1789104929776.jpg?RS=300""]"
308887002,틸아이다이,[단 하루!] [헤이가가 Pick]High neck belted leather jacket [TIFA05LE02]_Black,https://www.wconcept.co.kr/Product/308887002,1,3,wc******,2026.09.07,BLACK_FREE,화면그대로 저렴하게 잘 샀습니다 감사합니다 ㅎ,5.0,"{""사이즈"": ""큼"", ""색상"": ""비슷함"", ""소재"": ""비슷함""}",[]
308887002,틸아이다이,[단 하루!] [헤이가가 Pick]High neck belted leather jacket [TIFA05LE02]_Black,https://www.wconcept.co.kr/Product/308887002,1,4,va******,2026.09.05,BLACK_FREE,옷이 멋있어요~ 날이 추워지면 빨리 입고 싶어요~,5.0,"{""사이즈"": ""큼"", ""색상"": ""같음"", ""소재"": ""같음""}",[]
308887002,틸아이다이,[단 하루!] [헤이가가 Pick]High neck belted leather jacket [TIFA05LE02]_Black,https://www.wconcept.co.kr/Product/308887002,1,5,wc******,2026.09.02,BLACK_FREE,사이즈 넉넉해요.. 두꺼운 옷을 입고 외투로 사용해도 무리 없을 정도예요..,5.0,"{""사이즈"": ""큼"", ""색상"": ""같음"", ""소재"": ""같음""}","[""https://media.wconcept.co.kr/review/308887002/308887002_1788351775562.jpg?RS=300"", ""https://media.wconcept.co.kr/review/308887002/308887002_1788351775425.jpg?RS=300""]"
308887002,틸아이다이,[단 하루!] [헤이가가 Pick]High neck belted leather jacket [TIFA05LE02]_Black,https://www.wconcept.co.kr/Product/308887002,1,6,ka******,2026.08.27,BLACK_FREE,디자인이 예뻐서 바로 주문했어요! 소재도 탄탄하고 부드러워요 옷 모양도 잘 잡히고 하이넥 아우터 처음 사보는데 가을에 잘입을것같아요,5.0,"{""사이즈"": ""적당함"", ""색상"": ""같음"", ""소재"": ""같음""}",[]
308887002,틸아이다이,[단 하루!] [헤이가가 Pick]High neck belted leather jacket [TIFA05LE02]_Black,https://www.wconcept.co.kr/Product/308887002,2,7,th******,2026.08.21,BLACK_FREE,예약배송인데 생각보다 빨리왔어요!!! 실물이 더 탄탄하고 소재가 좋네요 ! 퀄리티 진짜 좋은거 같아요 넘나 맘에들어요 할인받아서 좋은 금액에 잘 산거 같아요!! 빨리 가을이 오면 좋겠네요 ~~,5.0,"{""사이즈"": ""적당함"", ""색상"": ""같음"", ""소재"": ""같음""}","[""https://media.wconcept.co.kr/review/308887002/308887002_1787297695946.jpeg?RS=300""]"
307360523,더라우스트,[단 3일!] 유틸리티 드로우스트링 트렌치 점퍼 (3COLOR),https://www.wconcept.co.kr/Product/307360523,1,1,wc******,2026.09.13,KHAKI,요즘 하이넥 디자인의 캐주얼 아우터가 많이 보여서 예뻐서 구매했어요! 생각했던 것보다는 얇았는데 지금 입기 딱 좋을 것 같아요. 키가 작은 편인데도 너무 크거나 부해 보이지 않고 사이즈도 괜찮아서 가을에 자주 입을 것 같아요 :),5.0,"{""사이즈"": ""적당함"", ""색상"": ""같음"", ""소재"": ""비슷함""}","[""https://media.wconcept.co.kr/review/307360523/307360523_1789299056296.jpeg?RS=300""]"
307360523,더라우스트,[단 3일!] 유틸리티 드로우스트링 트렌치 점퍼 (3COLOR),https://www.wconcept.co.kr/Product/307360523,1,2,um******,2026.09.13,KHAKI,클까봐 걱정했는데 160기준 엉덩이 덮는 정도로 오버핏으로 입기 딱 좋아요!,5.0,"{""사이즈"": ""큼"", ""색상"": ""같음"", ""소재"": ""같음""}","[""https://media.wconcept.co.kr/review/307360523/307360523_1789286729267.jpeg?RS=300""]"
307360523,더라우스트,[단 3일!] 유틸리티 드로우스트링 트렌치 점퍼 (3COLOR),https://www.wconcept.co.kr/Product/307360523,1,3,dk******,2026.09.13,KHAKI,첨에 카키 주문했다가 비슷한 컬러 아우터가 많아서 베이지로 바꿔서 받았는데 잘한거 같아요! 예쁘고 편하게 입기 좋을거 같아용 사이즈는 생각보다 막 오버핏은 아녀요,5.0,"{""사이즈"": ""적당함"", ""색상"": ""비슷함"", ""소재"": ""같음""}","[""https://media.wconcept.co.kr/review/307360523/307360523_1789282072772.jpeg?RS=300""]"
307360523,더라우스트,[단 3일!] 유틸리티 드로우스트링 트렌치 점퍼 (3COLOR),https://www.wconcept.co.kr/Product/307360523,1,4,wc******,2026.09.13,KHAKI,상품평이 좋아 구입했는데 가격대비 별로... 소재도 허름하고 안감도 없고 특히 조이는 끈이 너무 허름해보입니다,3.0,"{""사이즈"": ""큼"", ""색상"": ""비슷함"", ""소재"": ""다름""}","[""https://media.wconcept.co.kr/review/307360523/307360523_1789268289714.jpg?RS=300""]"
307360523,더라우스트,[단 3일!] 유틸리티 드로우스트링 트렌치 점퍼 (3COLOR),https://www.wconcept.co.kr/Product/307360523,1,5,me******,2026.09.13,KHAKI,소재가 부들하니 좀 특이하네요~ 핏 여유로운편익느 안에 끈이 좀 에러 ㅠ 조이는것보단 일자가 더 이쁜거같아요. 가볍게 지금입기 딱 좋은 옷,5.0,"{""사이즈"": ""적당함"", ""색상"": ""같음"", ""소재"": ""같음""}","[""https://media.wconcept.co.kr/review/307360523/307360523_1789265685892.jpg?RS=300""]"
307360523,더라우스트,[단 3일!] 유틸리티 드로우스트링 트렌치 점퍼 (3COLOR),https://www.wconcept.co.kr/Product/307360523,1,6,j6******,2026.09.12,KHAKI,하프 야상너무이뻐요 색감도 이쁘고 소재도 특이하네요ㅎㅎ 꾸안꾸로 딱이예요,5.0,"{""사이즈"": ""적당함"", ""색상"": ""같음"", ""소재"": ""같음""}","[""https://media.wconcept.co.kr/review/307360523/307360523_1789213591818.jpeg?RS=300""]"
307360523,더라우스트,[단 3일!] 유틸리티 드로우스트링 트렌치 점퍼 (3COLOR),https://www.wconcept.co.kr/Product/307360523,2,7,wc******,2026.09.12,KHAKI,가격 대비 소재좋고 핏도마음에 들어요. 사알짝 크긴하네요ㅜㅜ,5.0,"{""사이즈"": ""큼"", ""색상"": ""같음"", ""소재"": ""같음""}","[""https://media.wconcept.co.kr/review/307360523/307360523_1789211516153.jpg?RS=300""]"
307360523,더라우스트,[단 3일!] 유틸리티 드로우스트링 트렌치 점퍼 (3COLOR),https://www.wconcept.co.kr/Product/307360523,2,8,yy******,2026.09.12,KHAKI,이쁘네요 배송도 빠르고 ㅋㅋ 지금날씨 딱 입기 좋을거같아요!! 리뷰많은건 이유가있음,5.0,"{""사이즈"": ""적당함"", ""색상"": ""같음"", ""소재"": ""같음""}","[""https://media.wconcept.co.kr/review/307360523/307360523_1789202923914.jpeg?RS=300""]"
307360523,더라우스트,[단 3일!] 유틸리티 드로우스트링 트렌치 점퍼 (3COLOR),https://www.wconcept.co.kr/Product/307360523,2,9,ut******,2026.09.12,KHAKI,넉넉한 핏이라 이쁘네요. 디자인 색상 다 좋아요 배송도 짤라요,5.0,"{""사이즈"": ""큼"", ""색상"": ""같음"", ""소재"": ""같음""}","[""https://media.wconcept.co.kr/review/307360523/307360523_1789201827687.jpeg?RS=300""]"
307360523,더라우스트,[단 3일!] 유틸리티 드로우스트링 트렌치 점퍼 (3COLOR),https://www.wconcept.co.kr/Product/307360523,2,10,oh******,2026.09.12,KHAKI,내가 이걸 왜 이제 샀을까…. 너무너무 만족하고 잘 입고 있어요 여행갈 때 낮에 더워서 가방에 넣고 다녔는데 부피 차지안하고 가볍고 구김없고 진짜 최고임 다른 컬러도 구매하려구요,5.0,"{""사이즈"": ""적당함"", ""색상"": ""같음"", ""소재"": ""같음""}",[]
307360523,더라우스트,[단 3일!] 유틸리티 드로우스트링 트렌치 점퍼 (3COLOR),https://www.wconcept.co.kr/Product/307360523,2,11,ji******,2026.09.12,KHAKI,기대 안했는데 생각보다 예쁘네요 소재도 하늘거리고 색도 은은한 카키색이여서 맘에 들어요 지금보다 좀더 쌀쌀해지면 입어도 될것 같아요,5.0,"{""사이즈"": ""적당함"", ""색상"": ""같음"", ""소재"": ""같음""}","[""https://media.wconcept.co.kr/review/307360523/307360523_1789189041173.jpeg?RS=300""]"
307360523,더라우스트,[단 3일!] 유틸리티 드로우스트링 트렌치 점퍼 (3COLOR),https://www.wconcept.co.kr/Product/307360523,2,12,oh******,2026.09.12,KHAKI,배송 빨리 와서 좋았어요😊 마침 날씨도 풀려서 잘 입고 다닐 것 같아요~! 고급진 카키 컬러라 여기저기 잘 매치되는 것 같고 소재가 톡톡하니 완전 만족합니다👍👍,5.0,"{""사이즈"": ""적당함"", ""색상"": ""같음"", ""소재"": ""같음""}",[]
307360523,더라우스트,[단 3일!] 유틸리티 드로우스트링 트렌치 점퍼 (3COLOR),https://www.wconcept.co.kr/Product/307360523,3,13,pa******,2026.09.11,BEIGE,싼티 나는거 싫어해서 신중의 신중을 거듭해서 구매함 카키색인가 모카색인가 구매하려다가 베이지가 더 잘 받긴해서 베이지 구매함 일단 이것은 남방인가 자켓인가 싶은 중간의 느낌 그만큼 가볍고 툭 걸치기 좋은 무게감이다 색감은 베이지 맞음 ㅇㅇ 전체적인 총 평은 제가격 주고 사기에는 절대 돈 아깝고 평에 누가 7만이면 되겠다했는데 ㅇㅇ 그정도 맞음 최저 리뷰순으로 봤을때 안에 허리 줄이는 스트링은 진짜 짜치긴함 옷 열어놓고 툭 입고 싶다가도 스트링 보면 보세옷같아서 단정하게 단추 채워서 입는게 낫나 싶기도하고 키가 ㅈ만해서 롱 보다는 미니로 입어주는 게 나을거 같기도하고 고민중 패완얼과 비율 깡패면 또 이쁘겠지만 여튼 그냥 저냥 입을만 하다 정도 고급지거나 존예까진 모르겠다 이상.,4.0,"{""사이즈"": ""적당함"", ""색상"": ""비슷함"", ""소재"": ""같음""}","[""https://media.wconcept.co.kr/review/307360523/307360523_1789115366721.jpeg?RS=300"", ""https://media.wconcept.co.kr/review/307360523/307360523_1789115366664.jpeg?RS=300"", ""https://media.wconcept.co.kr/review/307360523/307360523_1789115366568.jpeg?RS=300""]"
307360523,더라우스트,[단 3일!] 유틸리티 드로우스트링 트렌치 점퍼 (3COLOR),https://www.wconcept.co.kr/Product/307360523,3,14,lu******,2026.09.11,KHAKI,색감이 예쁘고 핏이 여성스러워요. 오버핏이지만 어깨 넓어보이지 않아서 좋아요. 품습니다~!,5.0,"{""사이즈"": ""적당함"", ""색상"": ""같음"", ""소재"": ""비슷함""}","[""https://media.wconcept.co.kr/review/307360523/307360523_1789114881137.jpg?RS=300""]"
307360523,더라우스트,[단 3일!] 유틸리티 드로우스트링 트렌치 점퍼 (3COLOR),https://www.wconcept.co.kr/Product/307360523,3,15,wc******,2026.09.11,BEIGE,가을 야상 살펴보다 디자인도 가격대도 괜찮은 것 같아 구매했어요 카키랑 고민하다 뉴컬러 베이지로 샀네요 핏이나 디자인 다 마음에 드네요 지금 부터 잘 입을 것 같아요 ㅎㅎ,5.0,"{""사이즈"": ""적당함"", ""색상"": ""비슷함"", ""소재"": ""비슷함""}","[""https://media.wconcept.co.kr/review/307360523/307360523_1789107781313.jpeg?RS=300""]"
307360523,더라우스트,[단 3일!] 유틸리티 드로우스트링 트렌치 점퍼 (3COLOR),https://www.wconcept.co.kr/Product/307360523,3,16,an******,2026.09.11,KHAKI,예쁜데 세상 핵 가벼워서 너무 좋아요 저의 일상 교복입니다!,5.0,"{""사이즈"": ""적당함"", ""색상"": ""같음"", ""소재"": ""같음""}","[""https://media.wconcept.co.kr/review/307360523/307360523_1789104878183.jpg?RS=300""]"
307360523,더라우스트,[단 3일!] 유틸리티 드로우스트링 트렌치 점퍼 (3COLOR),https://www.wconcept.co.kr/Product/307360523,3,17,to******,2026.09.11,KHAKI,"색상이랑 길이감, 스타일 모두 맘에 듭니다 다만 조절끈이 저렴해보여요",5.0,"{""사이즈"": ""적당함"", ""색상"": ""같음"", ""소재"": ""비슷함""}",[]
307360523,더라우스트,[단 3일!] 유틸리티 드로우스트링 트렌치 점퍼 (3COLOR),https://www.wconcept.co.kr/Product/307360523,3,18,zi******,2026.09.11,BEIGE,초가을에 휘뚜루마뚜루 착용하기엔 적당해요 안감이없고..안쪽에 끈도 좀 애매해서 아쉬워요,5.0,"{""사이즈"": ""적당함"", ""색상"": ""같음"", ""소재"": ""비슷함""}","[""https://media.wconcept.co.kr/review/307360523/307360523_1789075720653.jpg?RS=300"", ""https://media.wconcept.co.kr/review/307360523/307360523_1789075720522.jpg?RS=300""]"
308891539,드로우핏 우먼,[9/13 단 하루!] 에센셜 소프트 브이넥 니트 [4COLORS],https://www.wconcept.co.kr/Product/308891539,1,1,wc******,2026.09.12,M.GREY M,가을겨울 교복템으로 아이보리 그레이 구매 했는데 둘다 색상도 이쁘고 M사이즈로 구매해서 안에 이것저것 레이어드해도 편하게 입을수 있어서 좋아요,5.0,"{""사이즈"": ""적당함"", ""색상"": ""같음"", ""소재"": ""같음""}","[""https://media.wconcept.co.kr/review/308891539/308891539_1789190321739.jpeg?RS=300""]"
308891539,드로우핏 우먼,[9/13 단 하루!] 에센셜 소프트 브이넥 니트 [4COLORS],https://www.wconcept.co.kr/Product/308891539,1,2,wc******,2026.09.12,IVORY M,살짝 두툼한 소재라 늦가을부터 한겨울 레이어드해서 잘입을거 같아요~,5.0,"{""사이즈"": ""적당함"", ""색상"": ""같음"", ""소재"": ""같음""}","[""https://media.wconcept.co.kr/review/308891539/308891539_1789190121312.jpeg?RS=300""]"
308891539,드로우핏 우먼,[9/13 단 하루!] 에센셜 소프트 브이넥 니트 [4COLORS],https://www.wconcept.co.kr/Product/308891539,1,3,qh******,2026.09.11,RED M,생각보다 두껍지만 겨울에도 가능한 니트네요 색상이쁩니다,5.0,"{""사이즈"": ""적당함"", ""색상"": ""비슷함"", ""소재"": ""비슷함""}","[""https://media.wconcept.co.kr/review/308891539/308891539_1789084018528.jpeg?RS=300""]"
308891539,드로우핏 우먼,[9/13 단 하루!] 에센셜 소프트 브이넥 니트 [4COLORS],https://www.wconcept.co.kr/Product/308891539,1,4,du******,2026.09.10,IVORY M,여유있게 입으려고 m사이즈했더니 편하고 소재도 부드럽고 이너티랑 레이어드해서 입으면 더 이쁠듯요,5.0,"{""사이즈"": ""적당함"", ""색상"": ""같음"", ""소재"": ""같음""}","[""https://media.wconcept.co.kr/review/308891539/308891539_1789004968807.jpeg?RS=300""]"
308891539,드로우핏 우먼,[9/13 단 하루!] 에센셜 소프트 브이넥 니트 [4COLORS],https://www.wconcept.co.kr/Product/308891539,1,5,ya******,2026.09.07,RED S,빨간니트 안좋아하는데 얘는 잘입을것 같아요~~,5.0,"{""사이즈"": ""적당함"", ""색상"": ""같음"", ""소재"": ""같음""}",[]
308891539,드로우핏 우먼,[9/13 단 하루!] 에센셜 소프트 브이넥 니트 [4COLORS],https://www.wconcept.co.kr/Product/308891539,1,6,yo******,2026.09.04,RED M,빨간색이 요즘은 땡겨요 제가 원하는 빨간색 입니다 너무 예뻐요 그리고 톡 톡해요 가을 겨울에 잘 입을 듯 해요 색이 너무 예쁩니다 다른 색도 구입 할지 고민이에요 넥라인이 둥근 것도 나왔으면 좋겠어요 ㅎ,5.0,"{""사이즈"": ""적당함"", ""색상"": ""같음"", ""소재"": ""같음""}","[""https://media.wconcept.co.kr/review/308891539/308891539_1788502581799.jpeg?RS=300""]"
308891539,드로우핏 우먼,[9/13 단 하루!] 에센셜 소프트 브이넥 니트 [4COLORS],https://www.wconcept.co.kr/Product/308891539,2,7,en******,2026.09.02,RED S,집에 있는 치마와 매치해보았는데 넘 예쁘네요! 톤 다운된 레드라 트렌치 코트 색상과도 조합이 좋아요,5.0,"{""사이즈"": ""큼"", ""색상"": ""같음"", ""소재"": ""같음""}","[""https://media.wconcept.co.kr/review/308891539/308891539_1788339978647.jpeg?RS=300""]"
308891539,드로우핏 우먼,[9/13 단 하루!] 에센셜 소프트 브이넥 니트 [4COLORS],https://www.wconcept.co.kr/Product/308891539,2,8,en******,2026.09.02,M.GREY S,재질은 좋지만 사이즈가 S인데도 살짝 큰 감이 있네요~ 너무 딱 달라붙는 거 보다는 나은 거 같아요! 얇은 소재일 줄 알았는데 생각했던 것 보다 두껍고 엄청 따뜻해서 한 겨울에도 입을 수 있을 거 같아요...👍🏻,5.0,"{""사이즈"": ""큼"", ""색상"": ""같음"", ""소재"": ""같음""}","[""https://media.wconcept.co.kr/review/308891539/308891539_1788339825583.jpeg?RS=300""]"
308891539,드로우핏 우먼,[9/13 단 하루!] 에센셜 소프트 브이넥 니트 [4COLORS],https://www.wconcept.co.kr/Product/308891539,2,9,10******,2026.08.24,RED S,제가 좋아하는 레드컬러 니트라 조금 미리 구매했습니다 ㅎㅎ 맨살에 입어도 넘 보들보들하고 좋아요,5.0,"{""사이즈"": ""적당함"", ""색상"": ""같음"", ""소재"": ""같음""}","[""https://media.wconcept.co.kr/review/308891539/308891539_1787553865857.jpg?RS=300"", ""https://media.wconcept.co.kr/review/308891539/308891539_1787553865754.jpg?RS=300""]"
308355180,프렌치시크,[30%쿠폰] (긴팔ver.추가)노벨리 팬던트 카라 니트 가디건_F6S254CA,https://www.wconcept.co.kr/Product/308355180,1,1,ko******,2026.09.12,(긴팔ver)그레이_FREE(55~66),55반인데 여유로워요 반팔 짧다는거 본거 같아서 길이 어떨라나 했는데 길이 짧지 않고 좋아요(허리긴 타입) 부드러워서 맨살에 입어도 괜찮았어요 구데 카라부분이 생각보다 넓은 느낌이네요ㅎㅎ 후기대로 냄새가 매우 심해요 깜짝놀랐.... 세탁하면 냄새 없어지겠죠ㅎㅎ 배송은 빠르고 좋네요,3.0,"{""사이즈"": ""적당함"", ""색상"": ""같음"", ""소재"": ""같음""}","[""https://media.wconcept.co.kr/review/308355180/308355180_1789221364714.jpg?RS=300""]"
308355180,프렌치시크,[30%쿠폰] (긴팔ver.추가)노벨리 팬던트 카라 니트 가디건_F6S254CA,https://www.wconcept.co.kr/Product/308355180,1,2,sh******,2026.09.12,소라_FREE(55~66),사진 그대로에요 편하게 잘 입을 수 있을 것 같아요,5.0,"{""사이즈"": ""적당함"", ""색상"": ""같음"", ""소재"": ""같음""}",[]
308355180,프렌치시크,[30%쿠폰] (긴팔ver.추가)노벨리 팬던트 카라 니트 가디건_F6S254CA,https://www.wconcept.co.kr/Product/308355180,1,3,is******,2026.09.12,(긴팔ver)오트밀_FREE(55~66),편안하고 단정해요. 두께도 원하던 적당함이라 더 추울 때는 외투 걸치기 좋겠어요. 더 구매해도 좋겠단 생각이 드네요!,5.0,"{""사이즈"": ""적당함"", ""색상"": ""같음"", ""소재"": ""같음""}","[""https://media.wconcept.co.kr/review/308355180/308355180_1789203659592.jpeg?RS=300""]"
308355180,프렌치시크,[30%쿠폰] (긴팔ver.추가)노벨리 팬던트 카라 니트 가디건_F6S254CA,https://www.wconcept.co.kr/Product/308355180,1,4,ls******,2026.09.12,(긴팔ver)오트밀_FREE(55~66),가디건 하나 구입하고 싶었는데 저렴한 가격에 득템했습니다. 엄청편하게 회사 입고 다녀요,5.0,"{""사이즈"": ""적당함"", ""색상"": ""같음"", ""소재"": ""같음""}","[""https://media.wconcept.co.kr/review/308355180/308355180_1789188711142.jpg?RS=300""]"
308355180,프렌치시크,[30%쿠폰] (긴팔ver.추가)노벨리 팬던트 카라 니트 가디건_F6S254CA,https://www.wconcept.co.kr/Product/308355180,1,5,ls******,2026.09.12,(긴팔ver)그레이_FREE(55~66),가디건 하나 구입하고 싶었는데 저렴한 가격에 득템했습니다. 엄청편하게 회사 입고 다녀요,5.0,"{""사이즈"": ""적당함"", ""색상"": ""같음"", ""소재"": ""같음""}","[""https://media.wconcept.co.kr/review/308355180/308355180_1789188690058.jpg?RS=300""]"
308355180,프렌치시크,[30%쿠폰] (긴팔ver.추가)노벨리 팬던트 카라 니트 가디건_F6S254CA,https://www.wconcept.co.kr/Product/308355180,1,6,tn******,2026.09.12,그레이_FREE(55~66),세일한 가격에 잘 구입했어요.77사이즈도 무난히 입어요!! 이쁩니다~~.,5.0,"{""사이즈"": ""적당함"", ""색상"": ""같음"", ""소재"": ""같음""}","[""https://media.wconcept.co.kr/review/308355180/308355180_1789155638904.jpg?RS=300""]"
308355180,프렌치시크,[30%쿠폰] (긴팔ver.추가)노벨리 팬던트 카라 니트 가디건_F6S254CA,https://www.wconcept.co.kr/Product/308355180,2,7,wc******,2026.09.11,(긴팔ver)그레이_FREE(55~66),반팔을 구매했는데 괜찮아서. 긴팔도 주문했네요 맘에 들어요~~~,5.0,"{""사이즈"": ""적당함"", ""색상"": ""같음"", ""소재"": ""같음""}",[]
308355180,프렌치시크,[30%쿠폰] (긴팔ver.추가)노벨리 팬던트 카라 니트 가디건_F6S254CA,https://www.wconcept.co.kr/Product/308355180,2,8,wc******,2026.09.11,(긴팔ver)그레이_FREE(55~66),배송도 빠르고 좋았어요! 핏도 예뻐요~! 잘입을꼐요~!!,5.0,"{""사이즈"": ""적당함"", ""색상"": ""같음"", ""소재"": ""같음""}",[]
308355180,프렌치시크,[30%쿠폰] (긴팔ver.추가)노벨리 팬던트 카라 니트 가디건_F6S254CA,https://www.wconcept.co.kr/Product/308355180,2,9,yo******,2026.09.11,오트밀_FREE(55~66),질감 너무 좋고 편안해요 제가 좋아하는 니트에요,5.0,"{""사이즈"": ""적당함"", ""색상"": ""같음"", ""소재"": ""같음""}",[]
308355180,프렌치시크,[30%쿠폰] (긴팔ver.추가)노벨리 팬던트 카라 니트 가디건_F6S254CA,https://www.wconcept.co.kr/Product/308355180,2,10,wc******,2026.09.11,그레이_FREE(55~66),부드러운재질에.좋은가격. 뚱땡이들은 안이쁠걸요~날씬이들 환영여~,5.0,"{""사이즈"": ""적당함"", ""색상"": ""같음"", ""소재"": ""같음""}",[]
308355180,프렌치시크,[30%쿠폰] (긴팔ver.추가)노벨리 팬던트 카라 니트 가디건_F6S254CA,https://www.wconcept.co.kr/Product/308355180,2,11,hy******,2026.09.10,오트밀_FREE(55~66),재구매재구매합니다 편하고이뻐서 세일할때 쟁깁니다 핏도 편하고 보플은 잘생길거같은데 편하게 입기좋아 쟁깁니다 이뻐요 !!!,5.0,"{""사이즈"": ""적당함"", ""색상"": ""같음"", ""소재"": ""같음""}","[""https://media.wconcept.co.kr/review/308355180/308355180_1789014768247.jpeg?RS=300""]"
308355180,프렌치시크,[30%쿠폰] (긴팔ver.추가)노벨리 팬던트 카라 니트 가디건_F6S254CA,https://www.wconcept.co.kr/Product/308355180,2,12,hy******,2026.09.10,(긴팔ver)오트밀_FREE(55~66),재구매재구매합니다 편하고이뻐서 세일할때 쟁깁니다 핏도 편하고 보플은 잘생길거같은데 편하게 입기좋아 쟁깁니다 이뻐요,5.0,"{""사이즈"": ""적당함"", ""색상"": ""같음"", ""소재"": ""같음""}","[""https://media.wconcept.co.kr/review/308355180/308355180_1789014638230.jpeg?RS=300""]"
308355180,프렌치시크,[30%쿠폰] (긴팔ver.추가)노벨리 팬던트 카라 니트 가디건_F6S254CA,https://www.wconcept.co.kr/Product/308355180,3,13,wh******,2026.09.10,블루_FREE(55~66),소재가 부드럽고 보들보들해서 편하게 입을 수 있어요.,4.0,"{""사이즈"": ""적당함"", ""색상"": ""같음"", ""소재"": ""같음""}",[]
308355180,프렌치시크,[30%쿠폰] (긴팔ver.추가)노벨리 팬던트 카라 니트 가디건_F6S254CA,https://www.wconcept.co.kr/Product/308355180,3,14,wk******,2026.09.10,블랙_FREE(55~66),배송이 오래걸렸는데 기다린 보람이 있네요 이쁘고 사이즈도 넉넉해서 핏이 예뻐요 두께가 살짝 있고 그만큼 잘 안늘어날거같아서 오래 잘 입을거같아요~ 소재도 부들부들해서 좋아요,5.0,"{""사이즈"": ""적당함"", ""색상"": ""같음"", ""소재"": ""비슷함""}","[""https://media.wconcept.co.kr/review/308355180/308355180_1788967411162.jpg?RS=300""]"
308355180,프렌치시크,[30%쿠폰] (긴팔ver.추가)노벨리 팬던트 카라 니트 가디건_F6S254CA,https://www.wconcept.co.kr/Product/308355180,3,15,ks******,2026.09.09,블랙_FREE(55~66),사진에서 보는것 보단 넘 작네요..살집이 있어서 넘 딱맞음...잘 안입고 있네요 사이즈 선택이 있음 좋겠어요,5.0,"{""사이즈"": ""작음"", ""색상"": ""비슷함"", ""소재"": ""같음""}",[]
308355180,프렌치시크,[30%쿠폰] (긴팔ver.추가)노벨리 팬던트 카라 니트 가디건_F6S254CA,https://www.wconcept.co.kr/Product/308355180,3,16,hy******,2026.09.09,(긴팔ver)그레이_FREE(55~66),이쁘고 넉넉하고 편해서 벌써7개째 구매했네요 !! 사진과동일한핏이고 편하게 입기좋아요 보풀은 잘생길거같아 동일색상 두장씩 샀어요!!,5.0,"{""사이즈"": ""적당함"", ""색상"": ""같음"", ""소재"": ""같음""}",[]
308355180,프렌치시크,[30%쿠폰] (긴팔ver.추가)노벨리 팬던트 카라 니트 가디건_F6S254CA,https://www.wconcept.co.kr/Product/308355180,3,17,hy******,2026.09.09,그레이_FREE(55~66),재구매재구매재구매 합니다 편허게 입을려고 샀어요 단정한 핏이라 너무좋네요,5.0,"{""사이즈"": ""적당함"", ""색상"": ""같음"", ""소재"": ""같음""}",[]
308355180,프렌치시크,[30%쿠폰] (긴팔ver.추가)노벨리 팬던트 카라 니트 가디건_F6S254CA,https://www.wconcept.co.kr/Product/308355180,3,18,hy******,2026.09.09,그레이_FREE(55~66),편하게입기좋아요 핏은 사진과동일하고 넉넉한핏이라 더 맘에 듭니디 이뻐요 !!!,5.0,"{""사이즈"": ""적당함"", ""색상"": ""같음"", ""소재"": ""같음""}",[]
308887000,틸아이다이,[단 하루!] [다연 Pick]Classic belted trench coat [TIFA05CT03]_Light beige,https://www.wconcept.co.kr/Product/308887000,1,1,wc******,2026.08.21,LIGHT BEIGE_FREE,"아우터맛집 틸아이다이,, 역시나 이번 시즌도 만족스러워요!! 하이넥 높이도 아우터 두께도 적당해서 쌀쌀해질때 입기 딱 좋을거같아요 빨리 입고 놀러가길 기대합니다아",5.0,"{""사이즈"": ""적당함"", ""색상"": ""같음"", ""소재"": ""같음""}","[""https://media.wconcept.co.kr/review/308887000/308887000_1787299929120.jpeg?RS=300"", ""https://media.wconcept.co.kr/review/308887000/308887000_1787299929005.jpeg?RS=300""]"
306311259,에임에이지 스튜디오,[단독]N CHIC VILLE LARGE BAG_3 colors,https://www.wconcept.co.kr/Product/306311259,1,1,ar******,2024.12.25,BLACK,딱 보면 아는 고가의 명품 브랜드나 트렌드를 따라가기보다는 취향에 맞는 디자이너 백들을 다양하게 바꿔가며 드는 걸 좋아하는 편이에요. 가방 살 생각이 없었는데 우연히 추천된 걸 보자마자 디자인에 반했어요. 후기가 없었지만 제 감을 믿고 주문했어요. 가죽이 완벽히 각이 잡히거나 딱딱한 느낌이 아니라 유연하고 부드러워서 바닥이 넓은 편이어도 숄더로 맸을 때 거슬리지 않아요. 손잡이가 짧지 않아 스웨터에 코트까지 두껍게 입어도 숄더백으로 수월하게 맬 수 있었어요 앞부분 끈이 흐르는 느낌과 가방을 놓았을때 가죽이 부드럽게 쳐지는 느낌이 예뻐요. 업무상 아이패드 13인치를 들고다닐 때가 많은데 케이스 끼운 아이패드와 키보드 노트 등 다양한 짐이 무리없이 들어가요. 바닥 부분 폭이 넓고 가방 내부 공간이 매우 넉넉하기 때문에 잔짐이 많다면 보조 이너백들을 추가해서 적절히 활용하면 좋을 것 같아요 불필요한 금속 장식들도 없고 가방 크기에 비해 가죽이 가볍고 디자인도 부담없어 유행 타지않고 오래 들 것 같아요. 가죽 테두리 마감도 깔끔합니다. 포장도 심플해 좋고 큼직한 원핸들 에코백에 담겨왔어요,5.0,"{""사이즈"": ""큼"", ""색상"": ""같음"", ""착용감"": ""좋음""}","[""https://media.wconcept.co.kr/review/306311259/306311259_1735108512867.jpeg?RS=300"", ""https://media.wconcept.co.kr/review/306311259/306311259_1735108512818.jpeg?RS=300"", ""https://media.wconcept.co.kr/review/306311259/306311259_1735108512648.jpeg?RS=300""]"
306311259,에임에이지 스튜디오,[단독]N CHIC VILLE LARGE BAG_3 colors,https://www.wconcept.co.kr/Product/306311259,1,2,wc******,2024.12.20,BLACK,"큰가방이 필요해서 검색하다 주문했는데요.배송도 빠르게 왔고 아무생각없이 박스 오픈하자마자 감탄사가 계속 나왔네요. 마치 크리스마스 선물을 받는 기분이었고, 포장지를 뜯기 아까울 정도로 정성 가득한 포장임을 알 수 있었어요. 그래도 가방은 들어야 되니 아깝지만 조심조심 포장지를 뜯었고, 생각 이상으로 가방이 너무 훌륭해서 놀랐어요. 큰 가방을 좋아해서 명품 가방도 큰 가방이 몇 개 있는데, 가방 자체가 무거워서 비싼 돈 주고 사서 몇 번 안 들었거든요. 근데 이 가방은 너무 가벼워서 가방의 쓰임새가 다양할 것 같아요. 일단 가방이 크면 입구가 벌어져 있어서 가방 안에 내용물이 다 보이거든요. 근데 제가 산 가방은 자석으로 입구를 자연스럽게 열고 닫을 수 있고, 안에 작은 주머니가 있어서 휴대폰이나 지갑 정도 수납이 가능해요. 디자인은 물론이고 큰 가방의 가벼움은 정말 훌륭한 것 같아요. 주변에 많이 알리고 싶어요. 좋은 건 같이 들어야죠. 그리고 사은품으로 주신 양말… 이 양말 뭐죠? 이렇게 부드럽고 예쁜 양말을 주시다니 정말 감사합니다. 양말도 길어서 겨울에 신기 좋을 것 같아요. 완전 센스 있는 선물에 감동했습니다. 가격 대비 최고의 가방인 것 같아요. 사업 번창하세요! 또 자주 구매할게요. 사진을 최대 3장 밖에 못 올리네요. 사진10장이상 찍어서 보여주고싶은데 아쉬워요!",5.0,"{""사이즈"": ""큼"", ""색상"": ""같음"", ""착용감"": ""좋음""}","[""https://media.wconcept.co.kr/review/306311259/306311259_1734685831289.jpg?RS=300"", ""https://media.wconcept.co.kr/review/306311259/306311259_1734685831214.jpg?RS=300"", ""https://media.wconcept.co.kr/review/306311259/306311259_1734685831105.jpg?RS=300""]"
306311259,에임에이지 스튜디오,[단독]N CHIC VILLE LARGE BAG_3 colors,https://www.wconcept.co.kr/Product/306311259,1,3,dl******,2026.09.11,BLACK,가죽이 엄청 부드럽고 이너백도 같이 시켰는데 전혀 무겁지 않고 좋아요. 보부상백으로 노트북에 가볍게 출장다닐때 일박할 옷정도 들어가요! 만족스럽습니당 짐 없을때는 끈 더 묶어서 들고다니면 이쁠거같아요ㅠ,5.0,"{""사이즈"": ""적당함"", ""색상"": ""같음"", ""착용감"": ""좋음""}","[""https://media.wconcept.co.kr/review/306311259/306311259_1789135100963.jpeg?RS=300"", ""https://media.wconcept.co.kr/review/306311259/306311259_1789135100861.jpeg?RS=300""]"
306311259,에임에이지 스튜디오,[단독]N CHIC VILLE LARGE BAG_3 colors,https://www.wconcept.co.kr/Product/306311259,1,4,po******,2026.09.10,BLACK,노트북이 들어가는 가방 찾다가 발견한 가방. 세련되고 단단한 느낌으로 가죽도 부들부들하니 좋아요. 만족만족,5.0,"{""사이즈"": ""큼"", ""색상"": ""같음"", ""착용감"": ""좋음""}","[""https://media.wconcept.co.kr/review/306311259/306311259_1789027607634.jpeg?RS=300""]"
306311259,에임에이지 스튜디오,[단독]N CHIC VILLE LARGE BAG_3 colors,https://www.wconcept.co.kr/Product/306311259,1,5,wc******,2026.09.10,TAN,전반적으로 완성도가 높고 실용성도 좋아서 만족스럽게 사용하고 있습니다,5.0,"{""사이즈"": ""적당함"", ""색상"": ""같음"", ""착용감"": ""좋음""}",[]
306311259,에임에이지 스튜디오,[단독]N CHIC VILLE LARGE BAG_3 colors,https://www.wconcept.co.kr/Product/306311259,1,6,bo******,2026.09.09,CHOCO BROWN,노트북이 16인치라 큰사이즈 가방 찾다가 구매했어요 사이즈 크고 가죽도 엄청 부드러워요 키링이라도 잘어울려서 기분이 좋네요 ㅋㅋ 이너백도 같이 샀더니 모양 유지도 잘되네요 잘쓰겠습니다,5.0,"{""사이즈"": ""큼"", ""색상"": ""같음"", ""착용감"": ""좋음""}","[""https://media.wconcept.co.kr/review/306311259/306311259_1788917277159.jpeg?RS=300""]"
306311259,에임에이지 스튜디오,[단독]N CHIC VILLE LARGE BAG_3 colors,https://www.wconcept.co.kr/Product/306311259,2,7,jk******,2026.09.03,TAN,"예뻐요! 너무 커서 약간 고민 됬는데, 돈이 아깝지 않네요!",5.0,"{""사이즈"": ""적당함"", ""색상"": ""같음"", ""착용감"": ""보통""}","[""https://media.wconcept.co.kr/review/306311259/306311259_1788428335556.jpg?RS=300""]"
306311259,에임에이지 스튜디오,[단독]N CHIC VILLE LARGE BAG_3 colors,https://www.wconcept.co.kr/Product/306311259,2,8,bo******,2026.09.03,TAN,직업 특성 상 책이나 자료를 많이 들고 다녀서 큰 가방이 필요해 구매했는데 너무 만족스러워요! 차르르 떨어지는 자연스러운 느낌도 좋고 가볍게 끈도 너무 얇지 않게 무게 분산도 되서 짐을 넣어도 부담스럽지 않아요! 너무 예뻐서 블랙도 구매하고 싶네요❣️,5.0,"{""사이즈"": ""큼"", ""색상"": ""같음"", ""착용감"": ""좋음""}","[""https://media.wconcept.co.kr/review/306311259/306311259_1788396595262.jpeg?RS=300""]"
306311259,에임에이지 스튜디오,[단독]N CHIC VILLE LARGE BAG_3 colors,https://www.wconcept.co.kr/Product/306311259,2,9,wc******,2026.09.03,BLACK,많이 넣을수있는 보부상 가방인데 또 너무 예쁘고 고급스러워서 매일 들기 아까운 가방 리뷰많은 이유가 있음,5.0,"{""사이즈"": ""적당함"", ""색상"": ""같음"", ""착용감"": ""좋음""}","[""https://media.wconcept.co.kr/review/306311259/306311259_1788392085941.jpg?RS=300""]"
306311259,에임에이지 스튜디오,[단독]N CHIC VILLE LARGE BAG_3 colors,https://www.wconcept.co.kr/Product/306311259,2,10,di******,2026.09.02,BLACK,가방이 진짜 가볍고 안에 엄청 많이 들어갈거같아서 너무 좋아요!!! 보부상백으로 진짜 왕강추~,5.0,"{""사이즈"": ""큼"", ""색상"": ""같음"", ""착용감"": ""좋음""}","[""https://media.wconcept.co.kr/review/306311259/306311259_1788350208785.jpeg?RS=300""]"
306311259,에임에이지 스튜디오,[단독]N CHIC VILLE LARGE BAG_3 colors,https://www.wconcept.co.kr/Product/306311259,2,11,je******,2026.09.02,BLACK,검색하다가 우연히 알게된 가방이에요! 크기가 큰 숄더백이 하나 없어서 구매했는데 부드럽고 착용감이 좋아요:) 출퇴근용으로 써야겠어요!,5.0,"{""사이즈"": ""적당함"", ""색상"": ""같음"", ""착용감"": ""좋음""}","[""https://media.wconcept.co.kr/review/306311259/306311259_1788316758165.jpeg?RS=300""]"
306311259,에임에이지 스튜디오,[단독]N CHIC VILLE LARGE BAG_3 colors,https://www.wconcept.co.kr/Product/306311259,2,12,ma******,2026.09.02,BLACK,가죽의 질감이 매우 뛰어납니다. 가방을 메고 있어도 아주 편합니다～,5.0,"{""사이즈"": ""적당함"", ""색상"": ""같음"", ""착용감"": ""좋음""}","[""https://media.wconcept.co.kr/review/306311259/306311259_1788311765549.jpg?RS=300""]"
306311259,에임에이지 스튜디오,[단독]N CHIC VILLE LARGE BAG_3 colors,https://www.wconcept.co.kr/Product/306311259,3,13,wh******,2026.09.01,BLACK,디자인 좋고 예쁜데 배송과정에서 택배가 쭈그러지게 와서 배송과정은 마음에 안들었습니다,5.0,"{""사이즈"": ""적당함"", ""색상"": ""비슷함"", ""착용감"": ""보통""}",[]
306311259,에임에이지 스튜디오,[단독]N CHIC VILLE LARGE BAG_3 colors,https://www.wconcept.co.kr/Product/306311259,3,14,wc******,2026.08.30,BLACK,깔끔해서 회사에 편하게 들고다닐 수 있는 가방이에요. 가운데 자석으로 열고닫기 편해요. 끈을 묶어도 금방 풀리긴하는데 가죽이라 시간이 지나면 괜찮을것 같아요.,5.0,"{""사이즈"": ""적당함"", ""색상"": ""같음"", ""착용감"": ""좋음""}","[""https://media.wconcept.co.kr/review/306311259/306311259_1788084255380.jpg?RS=300""]"
306311259,에임에이지 스튜디오,[단독]N CHIC VILLE LARGE BAG_3 colors,https://www.wconcept.co.kr/Product/306311259,3,15,wc******,2026.08.29,TAN,16인치 노트북 들어가서 좋아요 가방자체가 가벼우니까 이것저것 넣어도 많이 무겁지 않아요,5.0,"{""사이즈"": ""적당함"", ""색상"": ""같음"", ""착용감"": ""좋음""}",[]
306311259,에임에이지 스튜디오,[단독]N CHIC VILLE LARGE BAG_3 colors,https://www.wconcept.co.kr/Product/306311259,3,16,ye******,2026.08.29,BLACK,생각보다 사이즈가 적당해서 좋았고 투웨이인점이 마음에 듭니다 고급스러운 무드에 에쁜 가방입니다~,5.0,"{""사이즈"": ""적당함"", ""색상"": ""같음"", ""착용감"": ""좋음""}","[""https://media.wconcept.co.kr/review/306311259/306311259_1788009668991.jpg?RS=300"", ""https://media.wconcept.co.kr/review/306311259/306311259_1788009668946.jpg?RS=300"", ""https://media.wconcept.co.kr/review/306311259/306311259_1788009668851.jpg?RS=300""]"
306311259,에임에이지 스튜디오,[단독]N CHIC VILLE LARGE BAG_3 colors,https://www.wconcept.co.kr/Product/306311259,3,17,ha******,2026.08.29,TAN,사계절 보부상백으로 완전 강추!! 카멜색 제가 생각하던 거랑 똑같아서 너무 마음에 들었고 다만 20대 초반에게는 꾸안꾸 or 시크한룩에는 살짝 언발란스한 느낌이 있어요 데일리로 청순 화이트 계열 많이 입으시면 더 활용하기 좋을 것 같아요,5.0,"{""사이즈"": ""큼"", ""색상"": ""같음"", ""착용감"": ""좋음""}","[""https://media.wconcept.co.kr/review/306311259/306311259_1787997859868.jpg?RS=300""]"
306311259,에임에이지 스튜디오,[단독]N CHIC VILLE LARGE BAG_3 colors,https://www.wconcept.co.kr/Product/306311259,3,18,lb******,2026.08.27,TAN,예뻐용 커용 많이들어가구 노트북16인치 들어가요!,5.0,"{""사이즈"": ""큼"", ""색상"": ""같음"", ""착용감"": ""좋음""}","[""https://media.wconcept.co.kr/review/306311259/306311259_1787825990857.jpeg?RS=300""]"
308838704,무니드,[20%쿠폰] NOEN CUPRA SHIRT - PURPLE,https://www.wconcept.co.kr/Product/308838704,1,1,rh******,2026.09.13,PURPLE O.S,이뻐요~ 이번 가을 퍼플이 대세라는데 유치하지 않고 고급스러움이 있어요.어른여자 미에 찰떡이예요,5.0,"{""사이즈"": ""적당함"", ""색상"": ""같음"", ""소재"": ""같음""}","[""https://media.wconcept.co.kr/review/308838704/308838704_1789299246935.jpg?RS=300""]"
308838704,무니드,[20%쿠폰] NOEN CUPRA SHIRT - PURPLE,https://www.wconcept.co.kr/Product/308838704,1,2,wc******,2026.09.13,PURPLE O.S,이걸 이주이상 기다린거 같은데 브랜드몰로 직접가니 다다음날 받았다 그부분을 개선하지 않으면 여기서 살이유가 없다 괜히 2주나 기다렸네,5.0,"{""사이즈"": ""큼"", ""색상"": ""같음"", ""소재"": ""같음""}",[]
308838704,무니드,[20%쿠폰] NOEN CUPRA SHIRT - PURPLE,https://www.wconcept.co.kr/Product/308838704,1,3,de******,2026.09.13,PURPLE O.S,오버 사이즈지만 저에겐 적당해요 ㅜㅜ 색깔이 보라빛이 더 돌기 바랬지만 남색이 더 섞인 남보라색.. 세무 소재 좋아하진 않지만 한번 입어 보겠사와요~~ 대체로 만족 합니다 ㅎ,5.0,"{""사이즈"": ""큼"", ""색상"": ""비슷함"", ""소재"": ""비슷함""}","[""https://media.wconcept.co.kr/review/308838704/308838704_1789268837864.jpeg?RS=300""]"
308838704,무니드,[20%쿠폰] NOEN CUPRA SHIRT - PURPLE,https://www.wconcept.co.kr/Product/308838704,1,4,vi******,2026.09.13,PURPLE O.S,"광택 때문인지 채도 때문인지 사진에는 보라빛이 도네요, 하지만 푸른빛이 더 쌘 보라입니다. 세무같은 옷감덕인지 23호 웜톤이지만 괜찮습니다. 자켓같은 옷핏이 여유롭고 좋아 구매확정하기로 했습니다.",4.0,"{""사이즈"": ""적당함"", ""색상"": ""다름"", ""소재"": ""같음""}","[""https://media.wconcept.co.kr/review/308838704/308838704_1789228223322.jpg?RS=300""]"
308838704,무니드,[20%쿠폰] NOEN CUPRA SHIRT - PURPLE,https://www.wconcept.co.kr/Product/308838704,1,5,ki******,2026.09.12,PURPLE O.S,사진이랑 실물이랑 색이 너무 달라서 놀랐어요 사진은 쨍하고 쿨한 보라색인데 실제는 회끼 엄청 도는 보라예요. 옷도 너무 크게 나온 거 같고… 반품 고민되네요,3.0,"{""사이즈"": ""큼"", ""색상"": ""다름"", ""소재"": ""같음""}",[]
308838704,무니드,[20%쿠폰] NOEN CUPRA SHIRT - PURPLE,https://www.wconcept.co.kr/Product/308838704,1,6,yy******,2026.09.12,PURPLE O.S,보라빛이 오묘하게 이뻐요 보는 각도에 따라서 색이 살짝다른게 묘하게 매력있고 소재도 핏도 맘에 들엉ㅎ,5.0,"{""사이즈"": ""적당함"", ""색상"": ""같음"", ""소재"": ""같음""}","[""https://media.wconcept.co.kr/review/308838704/308838704_1789218366007.jpeg?RS=300""]"
308838704,무니드,[20%쿠폰] NOEN CUPRA SHIRT - PURPLE,https://www.wconcept.co.kr/Product/308838704,2,7,ur******,2026.09.12,PURPLE O.S,"디자인, 소재 괜찮아요. 다만 저는 좀더 보라색일거라 생각했는데, 블룩그레이 톤인거 같아요. 그점만 아쉬워요",5.0,"{""사이즈"": ""적당함"", ""색상"": ""비슷함"", ""소재"": ""비슷함""}",[]
308838704,무니드,[20%쿠폰] NOEN CUPRA SHIRT - PURPLE,https://www.wconcept.co.kr/Product/308838704,2,8,hy******,2026.09.12,PURPLE O.S,생각보다 두께가 있어요. 많이 오버핏. 쿨톤에게 어울리는 보라색입니다.,5.0,"{""사이즈"": ""큼"", ""색상"": ""비슷함"", ""소재"": ""같음""}","[""https://media.wconcept.co.kr/review/308838704/308838704_1789215543667.jpg?RS=300""]"
308838704,무니드,[20%쿠폰] NOEN CUPRA SHIRT - PURPLE,https://www.wconcept.co.kr/Product/308838704,2,9,gm******,2026.09.12,PURPLE O.S,차르르 흐르는 원단이 멋짐 어두운 퍼플이라… 퍼플이 맞나 고민… 핏은 자연스럽고 좋음,5.0,"{""사이즈"": ""큼"", ""색상"": ""비슷함"", ""소재"": ""비슷함""}","[""https://media.wconcept.co.kr/review/308838704/308838704_1789211477908.jpg?RS=300""]"
308838704,무니드,[20%쿠폰] NOEN CUPRA SHIRT - PURPLE,https://www.wconcept.co.kr/Product/308838704,2,10,y4******,2026.09.12,PURPLE O.S,다른 브랜드에서 이거랑 비슷한 셔츠 구매했는데 핏이 달라요 더 고급지고… 비슷한거 고민이시면 걍 무니드에서 사세요,5.0,"{""사이즈"": ""적당함"", ""색상"": ""같음"", ""소재"": ""같음""}","[""https://media.wconcept.co.kr/review/308838704/308838704_1789201323217.jpeg?RS=300""]"
308838704,무니드,[20%쿠폰] NOEN CUPRA SHIRT - PURPLE,https://www.wconcept.co.kr/Product/308838704,2,11,bl******,2026.09.12,PURPLE O.S,오버핏이라 꽤 크긴 합니다. 블루 느낌이 나는 보랏빛이라 너무 튀지 않고 요즘 날씨에 입기 좋습니다. 아우터로 입어도 좋을 것 같아요.,5.0,"{""사이즈"": ""큼"", ""색상"": ""비슷함"", ""소재"": ""비슷함""}",[]
308838704,무니드,[20%쿠폰] NOEN CUPRA SHIRT - PURPLE,https://www.wconcept.co.kr/Product/308838704,2,12,w-******,2026.09.12,PURPLE O.S,색감 쿨톤에 찰떡 맞습니다 흔하지 않고 너무 보라보라 하지도 않아 오히려 더 좋습니다. 블루 보라 그레이가 섞인 색감입니다~~~ 소재는 큐브라 원단같아요 너무 좋아여,5.0,"{""사이즈"": ""적당함"", ""색상"": ""같음"", ""소재"": ""같음""}",[]
308838704,무니드,[20%쿠폰] NOEN CUPRA SHIRT - PURPLE,https://www.wconcept.co.kr/Product/308838704,3,13,ne******,2026.09.12,PURPLE O.S,"색상, 소재..넘넘 많에 들어요.^^ 색상은 흔하지 않아 좋고, 자르르한 느낌의 소재가 더욱 고급스럽게 느껴집니다. 55,66 입으시는 분들 멋스럽게 잘 입으실것 같아요.",4.0,"{""사이즈"": ""적당함"", ""색상"": ""같음"", ""소재"": ""같음""}",[]
308838704,무니드,[20%쿠폰] NOEN CUPRA SHIRT - PURPLE,https://www.wconcept.co.kr/Product/308838704,3,14,yo******,2026.09.12,PURPLE O.S,진짜진짜 잘샀어요 소재 차르르하면서 도톰하고 색감 고급지고 빈티지함. .아주만족합니다 부드러워요.,5.0,"{""사이즈"": ""큼"", ""색상"": ""같음"", ""소재"": ""같음""}","[""https://media.wconcept.co.kr/review/308838704/308838704_1789181975529.jpg?RS=300""]"
308838704,무니드,[20%쿠폰] NOEN CUPRA SHIRT - PURPLE,https://www.wconcept.co.kr/Product/308838704,3,15,we******,2026.09.11,PURPLE O.S,개 이뻐요 투톤인데 가지 색상인데 희안하게 투톤 색상 나네요 리투아니아 린넨 이후로 첨인데 멋집니다 시간은 걸렸는데 대만족 좀 크긴 커요,5.0,"{""사이즈"": ""큼"", ""색상"": ""다름"", ""소재"": ""같음""}",[]
308838704,무니드,[20%쿠폰] NOEN CUPRA SHIRT - PURPLE,https://www.wconcept.co.kr/Product/308838704,3,16,se******,2026.09.10,PURPLE O.S,차콜과 고민하다가 퍼플로 구매햤어요. 받아보니 생각보다 좀 더 쨍해서 잠깐 당황했디만 옷 자체는 예뻐서 그냥 입기로 했습니다. 일교차 생겨서 지금부터 입기 괜찮은 것 같아요. 입어보다 차콜도 살까 합니다,5.0,"{""사이즈"": ""큼"", ""색상"": ""비슷함"", ""소재"": ""비슷함""}","[""https://media.wconcept.co.kr/review/308838704/308838704_1789037828258.jpeg?RS=300"", ""https://media.wconcept.co.kr/review/308838704/308838704_1789037828145.jpeg?RS=300""]"
308838704,무니드,[20%쿠폰] NOEN CUPRA SHIRT - PURPLE,https://www.wconcept.co.kr/Product/308838704,3,17,ne******,2026.09.10,PURPLE O.S,"살이 많이 쪘음에도 불구하고... 잘 맞고 넘이쁘네요 코디하기편하고 촤르르 떨어지는핏,소재 맘에들어요",5.0,"{""사이즈"": ""적당함"", ""색상"": ""같음"", ""소재"": ""같음""}","[""https://media.wconcept.co.kr/review/308838704/308838704_1789004495728.jpg?RS=300""]"
308838704,무니드,[20%쿠폰] NOEN CUPRA SHIRT - PURPLE,https://www.wconcept.co.kr/Product/308838704,3,18,sw******,2026.09.08,PURPLE O.S,유행은 돌고 돌아 예전에 유행했던 소재네요. 컬러는 마음에 드는데 키작녀인 저에게는 좀 커서 어떻게 코디할지 고민을 해봐야 할거 같아요. 단추가 그냥 뿅 떨어졌는데 다른 단추도 박다 말았더라구요. 마감이 실망 입니다.,5.0,"{""사이즈"": ""큼"", ""색상"": ""같음"", ""소재"": ""같음""}","[""https://media.wconcept.co.kr/review/308838704/308838704_1788867734798.jpeg?RS=300""]"
308920367,하우투러브미,[30%쿠폰] 앨리 주름 스카프[charcoal],https://www.wconcept.co.kr/Product/308920367,1,1,kc******,2026.09.13,CHARCOAL_FREE,실제로 받아보니 생각했던 것보다 더 예쁘고 핏도 마음에 들어요 소재도 부드럽고 착용감이 편해서 자주 손이 갈 것 같아요 만족합니다,5.0,{},"[""https://media.wconcept.co.kr/review/308920367/308920367_1789297809819.jpeg?RS=300""]"
308920367,하우투러브미,[30%쿠폰] 앨리 주름 스카프[charcoal],https://www.wconcept.co.kr/Product/308920367,1,2,jh******,2026.09.12,CHARCOAL_FREE,깔끔하고 이뻐서 만족합니다 !! 저렴하게 잘 구매한 것 같아요,5.0,{},[]
308920367,하우투러브미,[30%쿠폰] 앨리 주름 스카프[charcoal],https://www.wconcept.co.kr/Product/308920367,1,3,ai******,2026.09.12,CHARCOAL_FREE,"요론 비슷한 니트들 많은데 넥라인 색감 링클 핏 세박자 너무 이쁩니당 근데 팔뚝이 조금 핏하게 나와서 마른55까지가 이쁠거같아요,,, 아이보리도 구매하고파요",5.0,{},"[""https://media.wconcept.co.kr/review/308920367/308920367_1789208443790.jpeg?RS=300""]"
308920367,하우투러브미,[30%쿠폰] 앨리 주름 스카프[charcoal],https://www.wconcept.co.kr/Product/308920367,1,4,lh******,2026.09.12,CHARCOAL_FREE,가격대비 퀄리티 예술이고 색도 제가 원했던 차콜 그 자체예요. 티셔츠랑 같이 하면 가을여자!,5.0,{},[]
308920367,하우투러브미,[30%쿠폰] 앨리 주름 스카프[charcoal],https://www.wconcept.co.kr/Product/308920367,1,5,bl******,2026.09.12,CHARCOAL_FREE,부드럽고 가볍게 두르기 좋습니다. 스카프만 샀는데 이곳 저곳 다 잘 어울립니다,5.0,{},[]
308920367,하우투러브미,[30%쿠폰] 앨리 주름 스카프[charcoal],https://www.wconcept.co.kr/Product/308920367,1,6,cs******,2026.09.10,CHARCOAL_FREE,믿고 사는 하우투예요 ㅎㅎ 소재도 좋고 톡톡해서 여러모로 활용도 높을 것 같아요 같이 산 세트반팔티도 빨리 왔으면 좋겠네용,5.0,{},"[""https://media.wconcept.co.kr/review/308920367/308920367_1789045753161.jpeg?RS=300""]"
308920367,하우투러브미,[30%쿠폰] 앨리 주름 스카프[charcoal],https://www.wconcept.co.kr/Product/308920367,2,7,wc******,2026.09.09,CHARCOAL_FREE,상의랑 세트로 샀는데 너무 만족합니다 스카프는 다른티랑 매치해도 이뻐요 다들 사세요 아니 사지마세요 (저만 입게..) 하우투러브미 최고 🤍,5.0,{},"[""https://media.wconcept.co.kr/review/308920367/308920367_1788933693291.jpeg?RS=300""]"
308920367,하우투러브미,[30%쿠폰] 앨리 주름 스카프[charcoal],https://www.wconcept.co.kr/Product/308920367,2,8,he******,2026.09.08,CHARCOAL_FREE,받기전까지 별로일까 걱정했는데 맘에 드네요 너무 흐물거리지도 않고 길이도 적당해 실내에서 하기에도 좋은 제품이예요.,4.0,{},"[""https://media.wconcept.co.kr/review/308920367/308920367_1788854579656.jpeg?RS=300""]"
308920367,하우투러브미,[30%쿠폰] 앨리 주름 스카프[charcoal],https://www.wconcept.co.kr/Product/308920367,2,9,fr******,2026.09.08,CHARCOAL_FREE,티셔츠를 따로 주문해서 같이 코디할려고 기다리는중인데 단독으로 그냥 다른 옷에다 잘어울려서 매치하기 편해요,5.0,{},[]
308920367,하우투러브미,[30%쿠폰] 앨리 주름 스카프[charcoal],https://www.wconcept.co.kr/Product/308920367,2,10,ji******,2026.09.04,CHARCOAL_FREE,간절기에 매우 적합한 아이템을 할인된 가격으로 사서 아주 만족합니다! 추천합니다!,5.0,{},[]
308920367,하우투러브미,[30%쿠폰] 앨리 주름 스카프[charcoal],https://www.wconcept.co.kr/Product/308920367,2,11,sa******,2026.09.04,CHARCOAL_FREE,티셔츠와 세트로 입고 출근했어요^^ 스카프 덕분에 살랑살랑 가을 느낌 물씬납니다. 다른 아우터에 매치하기에도 좋을것같아요🖤,5.0,{},"[""https://media.wconcept.co.kr/review/308920367/308920367_1788505467867.jpeg?RS=300"", ""https://media.wconcept.co.kr/review/308920367/308920367_1788505467770.jpeg?RS=300""]"
308920367,하우투러브미,[30%쿠폰] 앨리 주름 스카프[charcoal],https://www.wconcept.co.kr/Product/308920367,2,12,lh******,2026.09.04,CHARCOAL_FREE,가을 하객룩으로 입고싶어서 오픈하자마자 바로 주무했어요 이런 스타일 처음입어봐서 걱정했는데 너무 마음에 듭니다ㅠㅠ아이보리색도 구매하려구여!,5.0,{},"[""https://media.wconcept.co.kr/review/308920367/308920367_1788499665281.jpeg?RS=300""]"
308920367,하우투러브미,[30%쿠폰] 앨리 주름 스카프[charcoal],https://www.wconcept.co.kr/Product/308920367,3,13,sh******,2026.09.03,CHARCOAL_FREE,스카프가 이번 가을에 유행인가..! 니트랑 세트로 구매했는데 스카프 먼저 받았어요ㅎㅎ 단독으로는 할 수 있나 했는데 기본티에 해보니까 가을여자 느낌 낭낭해서 잘 샀다 싶어요,5.0,{},"[""https://media.wconcept.co.kr/review/308920367/308920367_1788440507585.jpeg?RS=300""]"
308833741,메무아,[30%쿠폰] 블랭크 딥 브이넥 울니트_4 color,https://www.wconcept.co.kr/Product/308833741,1,1,km******,2026.09.10,페일크림_FREE,너무이뻐요 딥브이넥이라 어깨흘러내림은 있지만 더 섹시미가 뿜뿜입니다^^,5.0,"{""사이즈"": ""큼"", ""색상"": ""같음"", ""소재"": ""같음""}","[""https://media.wconcept.co.kr/review/308833741/308833741_1789017105936.jpg?RS=300""]"
308833741,메무아,[30%쿠폰] 블랭크 딥 브이넥 울니트_4 color,https://www.wconcept.co.kr/Product/308833741,1,2,wc******,2026.09.10,딥레드_FREE,딥레드라 무난하게 입을 수 있어요 소재는 완전 부들부들한 재질은 아닙니다 루즈한 핏이라 편하게 잘 입을 수 있어요,5.0,"{""사이즈"": ""큼"", ""색상"": ""같음"", ""소재"": ""비슷함""}","[""https://media.wconcept.co.kr/review/308833741/308833741_1789014439189.jpeg?RS=300""]"
308833741,메무아,[30%쿠폰] 블랭크 딥 브이넥 울니트_4 color,https://www.wconcept.co.kr/Product/308833741,1,3,mi******,2026.09.09,딥레드_FREE,색상이 깊이가 있는 레드라서 튀지않고 다양한 색상의 옷과 코디하기 좋아요 살짝 가슬거림이 있지만 크게 불편하지 않고 여유로운 핏이라 날씬해 보여요,5.0,"{""사이즈"": ""적당함"", ""색상"": ""같음"", ""소재"": ""같음""}","[""https://media.wconcept.co.kr/review/308833741/308833741_1788962912724.jpg?RS=300""]"
308833741,메무아,[30%쿠폰] 블랭크 딥 브이넥 울니트_4 color,https://www.wconcept.co.kr/Product/308833741,1,4,pm******,2026.09.09,차콜_FREE,좀두꺼워서 더 쌀쌀해지면입어야될거같아요 굿,5.0,"{""사이즈"": ""적당함"", ""색상"": ""같음"", ""소재"": ""같음""}",[]
308833741,메무아,[30%쿠폰] 블랭크 딥 브이넥 울니트_4 color,https://www.wconcept.co.kr/Product/308833741,1,5,wc******,2026.09.08,페일크림_FREE,같이 코디되어있는 레이스 슬리브리스는 아직 안와서 아쉽지만 같이 입으면 여성스러워 보일듯하네요. 착용감은 살짝 까끌 거립니다.,5.0,"{""사이즈"": ""큼"", ""색상"": ""같음"", ""소재"": ""같음""}","[""https://media.wconcept.co.kr/review/308833741/308833741_1788872435058.jpg?RS=300""]"
308833741,메무아,[30%쿠폰] 블랭크 딥 브이넥 울니트_4 color,https://www.wconcept.co.kr/Product/308833741,1,6,92******,2026.09.08,차콜_FREE,예뻐요 빨리 더위꺾이면 입어야겠어요 레이어드 찰떡일듯요 보풀도 없을것 같아요,5.0,"{""사이즈"": ""적당함"", ""색상"": ""같음"", ""소재"": ""같음""}",[]
308833741,메무아,[30%쿠폰] 블랭크 딥 브이넥 울니트_4 color,https://www.wconcept.co.kr/Product/308833741,2,7,re******,2026.09.08,페일크림_FREE,올가을을 위한 첫쇼핑 완전 성공이네요 진짜 넘 핏이 예쁘고 맨살에도 부드럽습니다^^ 너무 마른분들에겐 어깨라인이 클거같기도...,5.0,"{""사이즈"": ""적당함"", ""색상"": ""같음"", ""소재"": ""같음""}",[]
308833741,메무아,[30%쿠폰] 블랭크 딥 브이넥 울니트_4 color,https://www.wconcept.co.kr/Product/308833741,2,8,wc******,2026.09.07,페일크림_FREE,엉덩이 아래로 떨어지는 길이고 허리시보리?가 엉덩이에 걸리지않고 뚝 떨어지는 라인이예요 165이상이 입어야 너무 길지않고 예쁠거 같아요~ 그리고 살짝 따가워요,5.0,"{""사이즈"": ""큼"", ""색상"": ""비슷함"", ""소재"": ""비슷함""}",[]
308833741,메무아,[30%쿠폰] 블랭크 딥 브이넥 울니트_4 color,https://www.wconcept.co.kr/Product/308833741,2,9,pi******,2026.09.06,페일크림_FREE,브이넥이 깊어서 안에 레이스나시입고입으면 괜찮겠어요.,5.0,"{""사이즈"": ""적당함"", ""색상"": ""같음"", ""소재"": ""비슷함""}","[""https://media.wconcept.co.kr/review/308833741/308833741_1788680178295.jpg?RS=300""]"
308833741,메무아,[30%쿠폰] 블랭크 딥 브이넥 울니트_4 color,https://www.wconcept.co.kr/Product/308833741,2,10,wc******,2026.09.06,페일크림_FREE,루즈한느낌이긴한데 색이 예쁘네요 하의에따라 분위기가 많이 다를꺼같아요,5.0,"{""사이즈"": ""큼"", ""색상"": ""같음"", ""소재"": ""같음""}","[""https://media.wconcept.co.kr/review/308833741/308833741_1788652112674.jpg?RS=300""]"
308833741,메무아,[30%쿠폰] 블랭크 딥 브이넥 울니트_4 color,https://www.wconcept.co.kr/Product/308833741,2,11,ln******,2026.09.05,딥브라운_FREE,핏 좋은것 같아요 좋아요 잘입으께요 만족합니다,5.0,"{""사이즈"": ""적당함"", ""색상"": ""같음"", ""소재"": ""같음""}",[]
308833741,메무아,[30%쿠폰] 블랭크 딥 브이넥 울니트_4 color,https://www.wconcept.co.kr/Product/308833741,2,12,mi******,2026.09.05,페일크림_FREE,상체 55입는데 많이 여유있게 입을수 있는 니트예요 이너로 다른 레이스가 있어서 코디대로 주문하지 않았는데 함께 코디된 레이스가 계속 밟히네요 ! 색상은 이미지와 거의 흡사한데 리뷰대로 크림에 연그레이 한방울 섞어놓은듯한 흔하지 않은 컬러예요 맨살에 부드럽게 입을수 있겠고 다양한 코디가 가능할거 같아 만족스럽습니다,5.0,"{""사이즈"": ""적당함"", ""색상"": ""비슷함"", ""소재"": ""비슷함""}","[""https://media.wconcept.co.kr/review/308833741/308833741_1788597688911.jpg?RS=300""]"
308833741,메무아,[30%쿠폰] 블랭크 딥 브이넥 울니트_4 color,https://www.wconcept.co.kr/Product/308833741,3,13,wc******,2026.09.05,페일크림_FREE,소재좋아요 핏도 적당하고 레이어드 해서 입으니 멋스럽네요,5.0,"{""사이즈"": ""적당함"", ""색상"": ""같음"", ""소재"": ""같음""}",[]
308833741,메무아,[30%쿠폰] 블랭크 딥 브이넥 울니트_4 color,https://www.wconcept.co.kr/Product/308833741,3,14,pu******,2026.09.05,페일크림_FREE,빠른배송 감사합니다 근데 이너나시를 아직 안보내주셔서 뭐랑 입어야할지...,5.0,"{""사이즈"": ""적당함"", ""색상"": ""같음"", ""소재"": ""같음""}","[""https://media.wconcept.co.kr/review/308833741/308833741_1788565056600.jpg?RS=300""]"
308833741,메무아,[30%쿠폰] 블랭크 딥 브이넥 울니트_4 color,https://www.wconcept.co.kr/Product/308833741,3,15,do******,2026.09.04,차콜_FREE,깊은 브이넥 니트가 눈에 자주 보이고 레이어드하기에도 유용해서 구매했어요. 재질은 다른 리뷰에도 말했듯이 좋아보이진 않지만 또 너무 싸 보이지도 않은 그럭저럭 쇼핑몰 4만원대 니트처럼 보여요. 맨살엔 따가울꺼 같고 꼭 안에 이너를 레이어드해서 이쁘게 입어봐야 겠어요~,4.0,"{""사이즈"": ""큼"", ""색상"": ""같음"", ""소재"": ""비슷함""}","[""https://media.wconcept.co.kr/review/308833739/308833739_1788488335535.jpg?RS=300"", ""https://media.wconcept.co.kr/review/308833739/308833739_1788488335434.jpg?RS=300""]"
308833741,메무아,[30%쿠폰] 블랭크 딥 브이넥 울니트_4 color,https://www.wconcept.co.kr/Product/308833741,3,16,se******,2026.09.04,페일크림_FREE,모델처럼 새틴 레이스 셋업이랑 코디하려고 샀습니다. 역시 색상 잘 어울리고요 핏도 예뻐요. 소재는 얇고 살짝 까실거려서 아주 편한 옷은 아니지만 저는 잘 입을 것 같아요,5.0,"{""사이즈"": ""적당함"", ""색상"": ""같음"", ""소재"": ""같음""}","[""https://media.wconcept.co.kr/review/308833741/308833741_1788483322215.jpg?RS=300""]"
308833741,메무아,[30%쿠폰] 블랭크 딥 브이넥 울니트_4 color,https://www.wconcept.co.kr/Product/308833741,3,17,go******,2026.09.03,딥브라운_FREE,색상은 마음에 드는데 기장이 너무 길어서 아쉽네요..,5.0,"{""사이즈"": ""큼"", ""색상"": ""비슷함"", ""소재"": ""비슷함""}","[""https://media.wconcept.co.kr/review/308833747/308833747_1788439420727.jpeg?RS=300""]"
308833741,메무아,[30%쿠폰] 블랭크 딥 브이넥 울니트_4 color,https://www.wconcept.co.kr/Product/308833741,3,18,ju******,2026.09.03,딥레드_FREE,브이넥이 깊어서 레이어드 하기 좋아요 코디 그대로 삿어요 아직은 못 입고 곧 추워지면 포인트 주기 좋을거 같네여 화사한 레드라 얼굴이 살아요,5.0,"{""사이즈"": ""적당함"", ""색상"": ""같음"", ""소재"": ""같음""}","[""https://media.wconcept.co.kr/review/308833741/308833741_1788382179392.jpeg?RS=300""]"
308891203,망고매니플리즈,[20%쿠폰] [단독][3rd]MELISA SHIRRING ONE PIECE_CHARCOAL,https://www.wconcept.co.kr/Product/308891203,1,1,rn******,2026.09.12,"CHARCOAL, FREE_original",핏이 이게 맞는지 모르겠어요 ㅋㅋㅋ 임신하신분들이 많이 구매하신것 같은데 쩨가 임신한것같네요 ㅋㅋㅋㅋㅌ몸이문제인건징 ㅎㅎ 암튼 집에서 편하게 입으려구요 이번엔 그냥그래요 ㅋㅋㅋ,5.0,"{""사이즈"": ""적당함"", ""색상"": ""비슷함"", ""소재"": ""같음""}","[""https://media.wconcept.co.kr/review/308891203/308891203_1789194399925.jpeg?RS=300"", ""https://media.wconcept.co.kr/review/308891203/308891203_1789194399873.jpeg?RS=300"", ""https://media.wconcept.co.kr/review/308891203/308891203_1789194399785.jpeg?RS=300""]"
308891203,망고매니플리즈,[20%쿠폰] [단독][3rd]MELISA SHIRRING ONE PIECE_CHARCOAL,https://www.wconcept.co.kr/Product/308891203,1,2,ks******,2026.09.10,"CHARCOAL, FREE_original",야상이랑. 같이 착용하려구 구매했는데 원단도 맘에들고 이뻐요.기장은 줄이려구 했는데 그냥 길게 입어도 괜찮겠어요.,5.0,"{""사이즈"": ""적당함"", ""색상"": ""같음"", ""소재"": ""같음""}","[""https://media.wconcept.co.kr/review/308891203/308891203_1789040451277.jpg?RS=300""]"
308891203,망고매니플리즈,[20%쿠폰] [단독][3rd]MELISA SHIRRING ONE PIECE_CHARCOAL,https://www.wconcept.co.kr/Product/308891203,1,3,mj******,2026.09.10,"CHARCOAL, FREE_original",26주 임산부 입니다! 그냥 저냥 입을 만 해요~ 코디 잘 하면 이쁠거 같고 단품으로 입으면 좀 임부복 같긴 해요 ㅎㅎ,5.0,"{""사이즈"": ""적당함"", ""색상"": ""비슷함"", ""소재"": ""비슷함""}","[""https://media.wconcept.co.kr/review/308891203/308891203_1789014879717.jpeg?RS=300""]"
308891203,망고매니플리즈,[20%쿠폰] [단독][3rd]MELISA SHIRRING ONE PIECE_CHARCOAL,https://www.wconcept.co.kr/Product/308891203,1,4,dd******,2026.09.09,"CHARCOAL, FREE_long",프리뷰 보고 반해서 기다렸다가 바로 주문했어요 임신 25주차인데 매우 만족해요 임산부한테 특히 잘 어울리는 것 같아요 ㅎㅎ,5.0,"{""사이즈"": ""적당함"", ""색상"": ""같음"", ""소재"": ""같음""}","[""https://media.wconcept.co.kr/review/308891203/308891203_1788961503404.jpeg?RS=300"", ""https://media.wconcept.co.kr/review/308891203/308891203_1788961503281.jpeg?RS=300""]"
308891203,망고매니플리즈,[20%쿠폰] [단독][3rd]MELISA SHIRRING ONE PIECE_CHARCOAL,https://www.wconcept.co.kr/Product/308891203,1,5,yu******,2026.09.09,"CHARCOAL, FREE_original",155cm 기준 발목 끝까지 와요 진짜 드레스 같은 느낌적인 느낌 옷은 신축성 있으면서 잡아주는 핏인데 매우 편하고요 좋네요,5.0,"{""사이즈"": ""큼"", ""색상"": ""같음"", ""소재"": ""같음""}","[""https://media.wconcept.co.kr/review/308891203/308891203_1788949695574.jpeg?RS=300""]"
308891203,망고매니플리즈,[20%쿠폰] [단독][3rd]MELISA SHIRRING ONE PIECE_CHARCOAL,https://www.wconcept.co.kr/Product/308891203,1,6,ha******,2026.09.08,"CHARCOAL, FREE_original",키작녀 161 통통55 끌리지 않는 길이에요~ 촉감은 부드러워요~ 단독으로 입기엔 임산부옷같아서 가볍게 벨트 하나 했구요~ 아기엄마라 가을에 가족행사에 입고 가려고 구매했는데 위에 자켓 하나 걸치면 멋스러울것 같아요~,5.0,"{""사이즈"": ""적당함"", ""색상"": ""같음"", ""소재"": ""같음""}","[""https://media.wconcept.co.kr/review/308891203/308891203_1788837259678.jpg?RS=300""]"
308891203,망고매니플리즈,[20%쿠폰] [단독][3rd]MELISA SHIRRING ONE PIECE_CHARCOAL,https://www.wconcept.co.kr/Product/308891203,2,7,ha******,2026.09.08,"CHARCOAL, FREE_original",8개월차 임산부 텐션있는 소재라 편하고 길이도좋긴한데 생각보다 상의쪽이 타잇해서 고민했으나 출산후도 잘입을것같아요!,5.0,"{""사이즈"": ""적당함"", ""색상"": ""같음"", ""소재"": ""같음""}","[""https://media.wconcept.co.kr/review/308891203/308891203_1788828598171.jpg?RS=300""]"
308891203,망고매니플리즈,[20%쿠폰] [단독][3rd]MELISA SHIRRING ONE PIECE_CHARCOAL,https://www.wconcept.co.kr/Product/308891203,2,8,pm******,2026.09.05,"CHARCOAL, FREE_original",너무 너무 예쁩니다. 임신 중에도 입을 수 있다고 해서 구매했어요. 그런데 실밥 정리가 안 돼 있어요. 생각보다 두껍긴 한데 제가 여기 야상도 구매했거든요. 여기 옷을 잘 만드네요.,5.0,"{""사이즈"": ""적당함"", ""색상"": ""같음"", ""소재"": ""같음""}","[""https://media.wconcept.co.kr/review/308891203/308891203_1788601763350.jpeg?RS=300""]"
308891203,망고매니플리즈,[20%쿠폰] [단독][3rd]MELISA SHIRRING ONE PIECE_CHARCOAL,https://www.wconcept.co.kr/Product/308891203,2,9,je******,2026.09.04,"CHARCOAL, FREE_original",인스타에서 임산부후기보고 구매했는데 넘넘 편하고 예뻐요 팔도 가볍게 가려주고 한여름엔덥고 여름끝무렵에서 초가을까지 입을 수 있을거같아요 :),5.0,"{""사이즈"": ""적당함"", ""색상"": ""같음"", ""소재"": ""같음""}","[""https://media.wconcept.co.kr/review/308891203/308891203_1788507634173.jpeg?RS=300""]"
308891203,망고매니플리즈,[20%쿠폰] [단독][3rd]MELISA SHIRRING ONE PIECE_CHARCOAL,https://www.wconcept.co.kr/Product/308891203,2,10,pi******,2026.09.03,"CHARCOAL, FREE_long",임신중이라 요즘 사고싶은게많아도 못사고있는데 마침 망매플 원피스가 딱 좋아보여서 샀어요. 167이라 롱기장으로 구매했고 길이는 아주 만족스럽네요. 30주라 배가 꽤 나왔는데도 어디 조이거나 불편하지 않고 좋네요. 편합니다. 한 번 세탁했는데 변형이나 보풀도 없고 좋아요! 손이 자주갈 편한 그런 원피스고 출산후에도 잘입을거같아요,5.0,"{""사이즈"": ""적당함"", ""색상"": ""같음"", ""소재"": ""같음""}","[""https://media.wconcept.co.kr/review/308891203/308891203_1788408612991.jpeg?RS=300""]"
308891203,망고매니플리즈,[20%쿠폰] [단독][3rd]MELISA SHIRRING ONE PIECE_CHARCOAL,https://www.wconcept.co.kr/Product/308891203,2,11,wc******,2026.09.01,"CHARCOAL, FREE_original",이번 시즌에서 제일 눈여겨 보던 제품이라 아직 날이 덥지만 미리 구매한다 생각하고 주문했어요 전반적으로 나쁘지 않은데 제가 기대가 컸는지 넥라인도 사진보다 어색하고 살이 약간 쪄서 55-55반 사이정도 되는데 좀 딱 맞는 느낌입니다 ㅠㅠ 허리선이 낮은게 모델컷에선 예뻐보였는데 실제로는 모르겠어요 좀 애매하고 뭔가 모르게 임부복 느낌이 나요 ㅎㅎ 전반적 느낌은 괜찮아서 개인적으로는 좀 아쉽지만 고민하다 품습니다 ㅎㅎ,3.0,"{""사이즈"": ""작음"", ""색상"": ""같음"", ""소재"": ""비슷함""}","[""https://media.wconcept.co.kr/review/308891203/308891203_1788266424389.jpeg?RS=300""]"
308891203,망고매니플리즈,[20%쿠폰] [단독][3rd]MELISA SHIRRING ONE PIECE_CHARCOAL,https://www.wconcept.co.kr/Product/308891203,2,12,tn******,2026.09.01,"CHARCOAL, FREE_original","가을에 잘 어울리는 차콜컬러에 쫀쫀한 소재에요~어깨가 넓은 편이라 입을 때 조금 끼는 느낌이 있는데 신축성이 좋아서 불편하지는 않아요. 허리선이 살짝 위에 있어서 다리 길어보이고 셔츠나 가디건, 자켓등 두루두루 코디하기 좋을 것 같습니다!",5.0,"{""사이즈"": ""적당함"", ""색상"": ""같음"", ""소재"": ""같음""}","[""https://media.wconcept.co.kr/review/308891203/308891203_1788241023718.jpeg?RS=300"", ""https://media.wconcept.co.kr/review/308891203/308891203_1788241023578.jpeg?RS=300""]"
308891203,망고매니플리즈,[20%쿠폰] [단독][3rd]MELISA SHIRRING ONE PIECE_CHARCOAL,https://www.wconcept.co.kr/Product/308891203,3,13,bo******,2026.08.30,"CHARCOAL, FREE_long",이번 망매플 가을시즌옷이 다 예뻐서 좋아요! 임신하니 원피스가 확실히 편해졌는데 25주차에도 편하게 잘 맞고 키가 큰편인데 롱사이즈도 딱 좋습니다! 검정색상도 추가 구매하고싶어요ㅎㅎ,5.0,"{""사이즈"": ""적당함"", ""색상"": ""같음"", ""소재"": ""같음""}","[""https://media.wconcept.co.kr/review/308891203/308891203_1788092934651.jpg?RS=300""]"
308891203,망고매니플리즈,[20%쿠폰] [단독][3rd]MELISA SHIRRING ONE PIECE_CHARCOAL,https://www.wconcept.co.kr/Product/308891203,3,14,cu******,2026.08.30,"CHARCOAL, FREE_original","임신 23주차인데, 너무 잘맞고 이뻐요ㅠㅠㅠ 출산하고도 잘 입을거 같아서 검정도 구매하러 갑니다!!!! 최고👍🏻",5.0,"{""사이즈"": ""적당함"", ""색상"": ""같음"", ""소재"": ""같음""}",[]
308891203,망고매니플리즈,[20%쿠폰] [단독][3rd]MELISA SHIRRING ONE PIECE_CHARCOAL,https://www.wconcept.co.kr/Product/308891203,3,15,ga******,2026.08.29,"CHARCOAL, FREE_original",모델핏 그대로예요 편하고 너무 이뻐요 잘입을게용,5.0,"{""사이즈"": ""적당함"", ""색상"": ""같음"", ""소재"": ""같음""}","[""https://media.wconcept.co.kr/review/308891203/308891203_1787991744775.jpeg?RS=300"", ""https://media.wconcept.co.kr/review/308891203/308891203_1787991744662.jpeg?RS=300""]"
308891203,망고매니플리즈,[20%쿠폰] [단독][3rd]MELISA SHIRRING ONE PIECE_CHARCOAL,https://www.wconcept.co.kr/Product/308891203,3,16,bi******,2026.08.29,"CHARCOAL, FREE_original",원단 짱짱하고 마감도깔끔하고 디자인도 무난하고 편하게 잘 잎을수 있겠어요,5.0,"{""사이즈"": ""적당함"", ""색상"": ""같음"", ""소재"": ""같음""}","[""https://media.wconcept.co.kr/review/308891203/308891203_1787975300837.jpg?RS=300""]"
308891203,망고매니플리즈,[20%쿠폰] [단독][3rd]MELISA SHIRRING ONE PIECE_CHARCOAL,https://www.wconcept.co.kr/Product/308891203,3,17,se******,2026.08.28,"CHARCOAL, FREE_original",편안한데 우아하고 예뻐요. 35주 임산부에게도 신축성 있어서 잘맞구요! 166cm 에 오리지널 기장 딱 좋아요:),5.0,"{""사이즈"": ""적당함"", ""색상"": ""같음"", ""소재"": ""같음""}","[""https://media.wconcept.co.kr/review/308891203/308891203_1787904253183.jpg?RS=300""]"
308891203,망고매니플리즈,[20%쿠폰] [단독][3rd]MELISA SHIRRING ONE PIECE_CHARCOAL,https://www.wconcept.co.kr/Product/308891203,3,18,kn******,2026.08.28,"CHARCOAL, FREE_original",소재가 마음에 들어요 161인 저에게 길이감이며 사이즈도 딱이구요 날씬해 보이기까지 ㅎㅎ 망매플 사랑해요❤️,5.0,"{""사이즈"": ""적당함"", ""색상"": ""같음"", ""소재"": ""같음""}","[""https://media.wconcept.co.kr/review/308891203/308891203_1787845017115.jpeg?RS=300""]"
308881545,언에디트,[20%쿠폰] I Wool Drape Neck Feminine Knit_2colors,https://www.wconcept.co.kr/Product/308881545,1,1,jw******,2026.09.11,SAND,이름처럼 페미닌한 니트입니다. 촉감도 부드럽고 보풀이 잘 일어날 것 같지않아 다행입니다.,5.0,"{""사이즈"": ""적당함"", ""색상"": ""비슷함"", ""소재"": ""같음""}",[]
308881545,언에디트,[20%쿠폰] I Wool Drape Neck Feminine Knit_2colors,https://www.wconcept.co.kr/Product/308881545,1,2,sn******,2026.09.10,SAND,생각보다 여유핏이예요 ! 넘 이쁘네요 최고ㅋㅋ,5.0,"{""사이즈"": ""적당함"", ""색상"": ""같음"", ""소재"": ""같음""}","[""https://media.wconcept.co.kr/review/308881545/308881545_1789033922626.jpeg?RS=300""]"
308881545,언에디트,[20%쿠폰] I Wool Drape Neck Feminine Knit_2colors,https://www.wconcept.co.kr/Product/308881545,1,3,wc******,2026.09.09,SAND,후기가좋아서삿는데 제가말라서그런지 저한테는 좀 커요,5.0,"{""사이즈"": ""큼"", ""색상"": ""비슷함"", ""소재"": ""비슷함""}","[""https://media.wconcept.co.kr/review/308881545/308881545_1788927943908.jpeg?RS=300""]"
308881545,언에디트,[20%쿠폰] I Wool Drape Neck Feminine Knit_2colors,https://www.wconcept.co.kr/Product/308881545,1,4,ji******,2026.09.09,CHARCOAL,차콜 색상이 분위기 있고 실제로 보니 더 예뻐요. 넥라인이 자연스럽게 잡혀서 얼굴도 여리여리해 보이고 편하게 입기 좋아요,5.0,"{""사이즈"": ""적당함"", ""색상"": ""같음"", ""소재"": ""같음""}","[""https://media.wconcept.co.kr/review/308881545/308881545_1788912210085.jpg?RS=300""]"
308881545,언에디트,[20%쿠폰] I Wool Drape Neck Feminine Knit_2colors,https://www.wconcept.co.kr/Product/308881545,1,5,ji******,2026.09.09,SAND,색감이 은은하고 고급스러워서 마음에 들어요. 여유 있는 핏이라 편하면서도 여성스럽게 떨어져서 데일리로 자주 입을 것 같아요,5.0,"{""사이즈"": ""적당함"", ""색상"": ""같음"", ""소재"": ""같음""}","[""https://media.wconcept.co.kr/review/308881545/308881545_1788912141457.jpeg?RS=300""]"
308881545,언에디트,[20%쿠폰] I Wool Drape Neck Feminine Knit_2colors,https://www.wconcept.co.kr/Product/308881545,1,6,su******,2026.09.08,SAND,색상과 디자인이 맘에 들어서 구매했습니다 두께감 있고 톡톡해서 겨울에도 이너로 입을 수 있을 것 같아요 맘에 들어요,5.0,"{""사이즈"": ""적당함"", ""색상"": ""비슷함"", ""소재"": ""같음""}","[""https://media.wconcept.co.kr/review/308881545/308881545_1788869813947.jpeg?RS=300""]"
308881545,언에디트,[20%쿠폰] I Wool Drape Neck Feminine Knit_2colors,https://www.wconcept.co.kr/Product/308881545,2,7,sh******,2026.09.08,SAND,가을분위기라서 좋아요. 여유있고 우아해요.,5.0,"{""사이즈"": ""적당함"", ""색상"": ""같음"", ""소재"": ""비슷함""}",[]
308881545,언에디트,[20%쿠폰] I Wool Drape Neck Feminine Knit_2colors,https://www.wconcept.co.kr/Product/308881545,2,8,gk******,2026.09.07,CHARCOAL,드레이프된 넥부분이 너무예뻐요 베이지도살려구여,5.0,"{""사이즈"": ""적당함"", ""색상"": ""같음"", ""소재"": ""같음""}",[]
308881545,언에디트,[20%쿠폰] I Wool Drape Neck Feminine Knit_2colors,https://www.wconcept.co.kr/Product/308881545,2,9,vo******,2026.09.04,SAND,합 너무 이뻐요..💛 드레이프 넥이 분위기 있게 만들어주고 전체적인 품도 마음에 들어요. 날씬해보여요 언에디트 옷은 몇개 있는데 항상 만족스러워요:) 컬러도 예뿌구 >.<이쁜 옷 많이 만들어주세요,5.0,"{""사이즈"": ""적당함"", ""색상"": ""같음"", ""소재"": ""같음""}","[""https://media.wconcept.co.kr/review/308938402/308938402_1788511317881.jpeg?RS=300"", ""https://media.wconcept.co.kr/review/308938402/308938402_1788511317769.jpeg?RS=300"", ""https://media.wconcept.co.kr/review/308938402/308938402_1788510849141.jpeg?RS=300""]"
308881545,언에디트,[20%쿠폰] I Wool Drape Neck Feminine Knit_2colors,https://www.wconcept.co.kr/Product/308881545,2,10,by******,2026.08.31,SAND,배송 받자마자 부들부들 촉감이 너무 좋더라고요 ㅎㅎ 확실히 가을에는 샌드 컬러가 분위기 있고 차분해보이는 것 같아 구매했는데 역시나네요. 대충 입어도 드레이프 잘 잡히고 과하지 않은 오프숄더로도 입을 수 있어서 활용도 높을 것 같아요. 소매가 길고 여리여리핏이라 만족스러워요!,5.0,"{""사이즈"": ""적당함"", ""색상"": ""같음"", ""소재"": ""같음""}","[""https://media.wconcept.co.kr/review/308938402/308938402_1788133814957.jpeg?RS=300"", ""https://media.wconcept.co.kr/review/308938402/308938402_1788133814906.jpeg?RS=300"", ""https://media.wconcept.co.kr/review/308938402/308938402_1788133814803.jpeg?RS=300""]"
308881545,언에디트,[20%쿠폰] I Wool Drape Neck Feminine Knit_2colors,https://www.wconcept.co.kr/Product/308881545,2,11,wj******,2026.08.29,SAND,"드레이프넥 디자인이 마음에 들어서 구매했는데 실제로 입어보니 더 예뻐요 !! 기본 니트보다 확실히 분위기가 있는 것 같아요! 울 소재라 따뜻하면서도 촉감이 부드러워서 따갑지 않고 부담 없이 입기 좋습니당 핏도 몸에 너무 달라붙지 않아 편안해요 ~ 하나만 입어도 포인트가 돼서 자주 손이 갈 것 같은 니트예요! 드레이프넥 덕분에 고급진 분위기가 자동으로 연출 됩니다 ,,, 전체적으로 디자인과 착용감 모두 만족스러워서 잘 구매한 것 같아요!",5.0,"{""사이즈"": ""적당함"", ""색상"": ""같음"", ""소재"": ""같음""}","[""https://media.wconcept.co.kr/review/308938402/308938402_1787991566627.jpeg?RS=300"", ""https://media.wconcept.co.kr/review/308938402/308938402_1787991566541.jpeg?RS=300"", ""https://media.wconcept.co.kr/review/308938402/308938402_1787991566432.jpeg?RS=300""]"
308881545,언에디트,[20%쿠폰] I Wool Drape Neck Feminine Knit_2colors,https://www.wconcept.co.kr/Product/308881545,2,12,wi******,2026.08.28,CHARCOAL,드레이프를 좋아해서 보자마자 샀어요 맘에 들어요,5.0,"{""사이즈"": ""적당함"", ""색상"": ""같음"", ""소재"": ""같음""}",[]
308499919,시티브리즈,[주말특가] [신규 컬러] NEW 링클 프리 오픈카라 셔츠_10COLORS,https://www.wconcept.co.kr/Product/308499919,1,1,hj******,2026.09.13,"WHITE, FREE",링클프리 소재로 구김이 잘 가지 않고 착용감이 좋아요. 특히 오픈카라 디자인이 맘에 드네요,5.0,"{""사이즈"": ""적당함"", ""색상"": ""비슷함"", ""소재"": ""비슷함""}",[]
308499919,시티브리즈,[주말특가] [신규 컬러] NEW 링클 프리 오픈카라 셔츠_10COLORS,https://www.wconcept.co.kr/Product/308499919,1,2,gh******,2026.09.12,"FREE, LIGHT PINK","소재나 핏, 길이 다 너무 좋아요ㅎㅎ 핑크색이 사고싶어서 산건데 저한테 안 어울려서 좀 아쉽지만 그래도 옷 자체는 예쁩니다",5.0,"{""사이즈"": ""적당함"", ""색상"": ""같음"", ""소재"": ""같음""}","[""https://media.wconcept.co.kr/review/308499919/308499919_1789216575470.jpg?RS=300""]"
308499919,시티브리즈,[주말특가] [신규 컬러] NEW 링클 프리 오픈카라 셔츠_10COLORS,https://www.wconcept.co.kr/Product/308499919,1,3,ka******,2026.09.12,"WHITE, FREE",지금날씨에 입기딱좋아요 라인이 예뻐요. 슬랙스에 잘어울립니다.,5.0,"{""사이즈"": ""적당함"", ""색상"": ""같음"", ""소재"": ""비슷함""}","[""https://media.wconcept.co.kr/review/308499919/308499919_1789210002359.jpeg?RS=300""]"
308499919,시티브리즈,[주말특가] [신규 컬러] NEW 링클 프리 오픈카라 셔츠_10COLORS,https://www.wconcept.co.kr/Product/308499919,1,4,ch******,2026.09.12,"FREE, CHARCOAL",가을에 입기 좋은 루즈핏 셔츠예요 품이 넉넉해서 편하게 이을수있을듯,5.0,"{""사이즈"": ""큼"", ""색상"": ""같음"", ""소재"": ""같음""}","[""https://media.wconcept.co.kr/review/308499919/308499919_1789193981276.jpeg?RS=300""]"
308499919,시티브리즈,[주말특가] [신규 컬러] NEW 링클 프리 오픈카라 셔츠_10COLORS,https://www.wconcept.co.kr/Product/308499919,1,5,wc******,2026.09.12,"FREE, CHARCOAL",가볍게 입기 좋아요. 요즘 날씨에 딱임 주름도 그닥 안가고 휘뚤마뚤 잘입을게요,5.0,"{""사이즈"": ""적당함"", ""색상"": ""같음"", ""소재"": ""같음""}",[]
308499919,시티브리즈,[주말특가] [신규 컬러] NEW 링클 프리 오픈카라 셔츠_10COLORS,https://www.wconcept.co.kr/Product/308499919,1,6,pr******,2026.09.11,"FREE, GREY",부들부들 소재 좋구요~ 자연스럽게 어깨 넘겨서 입기 좋아요~ 기장이 길지도 짧지도 않아 딱 입니다. 다른 색상도 구매 하랴고요,5.0,"{""사이즈"": ""적당함"", ""색상"": ""같음"", ""소재"": ""같음""}",[]
308499919,시티브리즈,[주말특가] [신규 컬러] NEW 링클 프리 오픈카라 셔츠_10COLORS,https://www.wconcept.co.kr/Product/308499919,2,7,te******,2026.09.11,"WHITE, FREE",뒷트임이 맘에들어 구매했는데 받아보니 편하게 입을수 있어 잘 입었어요. 소재가 막 고급스럽지는 않지만 적당히 가성비 있습니다. 소재는 시원해 보이지만 입으면 살짝 덥습니다,4.0,"{""사이즈"": ""적당함"", ""색상"": ""같음"", ""소재"": ""같음""}","[""https://media.wconcept.co.kr/review/308499919/308499919_1789113113823.jpg?RS=300""]"
308499919,시티브리즈,[주말특가] [신규 컬러] NEW 링클 프리 오픈카라 셔츠_10COLORS,https://www.wconcept.co.kr/Product/308499919,2,8,ap******,2026.09.10,"WHITE, FREE",지금 딱 입기 좋은거같아요. 디자인도 평범하지 않고 링클프리라 구김도 덜해서 좋아요!,5.0,"{""사이즈"": ""적당함"", ""색상"": ""같음"", ""소재"": ""같음""}","[""https://media.wconcept.co.kr/review/308499919/308499919_1789023283309.jpg?RS=300""]"
308499919,시티브리즈,[주말특가] [신규 컬러] NEW 링클 프리 오픈카라 셔츠_10COLORS,https://www.wconcept.co.kr/Product/308499919,2,9,jo******,2026.09.09,"FREE, CHARCOAL",편하고 마음에 들어요 바지 스커트 모두 어울리네요,5.0,"{""사이즈"": ""적당함"", ""색상"": ""같음"", ""소재"": ""같음""}","[""https://media.wconcept.co.kr/review/308499919/308499919_1788964062274.jpeg?RS=300""]"
308499919,시티브리즈,[주말특가] [신규 컬러] NEW 링클 프리 오픈카라 셔츠_10COLORS,https://www.wconcept.co.kr/Product/308499919,2,10,my******,2026.09.08,"BLUE, FREE",링클프리인데 포장을 뜯으니 주름이 어마어마하네요. 한 번 빨면 괜찮겠죠? 색상 길이감 착용감 다 좋아요.,5.0,"{""사이즈"": ""적당함"", ""색상"": ""같음"", ""소재"": ""같음""}","[""https://media.wconcept.co.kr/review/308499919/308499919_1788877175853.jpg?RS=300""]"
308499919,시티브리즈,[주말특가] [신규 컬러] NEW 링클 프리 오픈카라 셔츠_10COLORS,https://www.wconcept.co.kr/Product/308499919,2,11,wc******,2026.09.08,"FREE, LIGHT BLUE",화이트 구매후 마음에 들어거 추가구매했어뇨 좋어요,5.0,"{""사이즈"": ""적당함"", ""색상"": ""같음"", ""소재"": ""같음""}",[]
308499919,시티브리즈,[주말특가] [신규 컬러] NEW 링클 프리 오픈카라 셔츠_10COLORS,https://www.wconcept.co.kr/Product/308499919,2,12,ak******,2026.09.07,"WHITE, FREE",소재가 너무 부들부들합니다. 지금 계절에 가장 입기 좋습니다.,5.0,"{""사이즈"": ""적당함"", ""색상"": ""같음"", ""소재"": ""같음""}","[""https://media.wconcept.co.kr/review/308499919/308499919_1788758252826.jpg?RS=300""]"
308499919,시티브리즈,[주말특가] [신규 컬러] NEW 링클 프리 오픈카라 셔츠_10COLORS,https://www.wconcept.co.kr/Product/308499919,3,13,ye******,2026.09.05,"BUTTER, FREE",계속 궁금했던 옷인데 신상나와서 사봤어요 이직면접볼때 입으려구요!!!! 좋은 기운이 있기를 바랍니다 ㅎㅎㅎ호호호,5.0,"{""사이즈"": ""적당함"", ""색상"": ""비슷함"", ""소재"": ""비슷함""}","[""https://media.wconcept.co.kr/review/308499919/308499919_1788614522782.jpeg?RS=300""]"
308499919,시티브리즈,[주말특가] [신규 컬러] NEW 링클 프리 오픈카라 셔츠_10COLORS,https://www.wconcept.co.kr/Product/308499919,3,14,eu******,2026.09.04,"FREE, CHARCOAL",차콜색상 예뻐요 단정해보여요. 이제 곧 잘입을듯해요.,5.0,"{""사이즈"": ""적당함"", ""색상"": ""같음"", ""소재"": ""같음""}","[""https://media.wconcept.co.kr/review/308499919/308499919_1788502147837.jpg?RS=300""]"
308499919,시티브리즈,[주말특가] [신규 컬러] NEW 링클 프리 오픈카라 셔츠_10COLORS,https://www.wconcept.co.kr/Product/308499919,3,15,wc******,2026.09.04,"WHITE, FREE",좋아요 부드럽고 진짜 주름이 잘 안질거같고 근데 원래 포장에 비닐은 없능건거요?,5.0,"{""사이즈"": ""적당함"", ""색상"": ""같음"", ""소재"": ""같음""}","[""https://media.wconcept.co.kr/review/308499919/308499919_1788474021051.jpeg?RS=300""]"
308499919,시티브리즈,[주말특가] [신규 컬러] NEW 링클 프리 오픈카라 셔츠_10COLORS,https://www.wconcept.co.kr/Product/308499919,3,16,gy******,2026.09.03,"FREE, CHARCOAL",차콜 참이뻐요 쌀쌀해지면 자주 입을거 같아요ㅋㅋ,5.0,"{""사이즈"": ""적당함"", ""색상"": ""같음"", ""소재"": ""같음""}","[""https://media.wconcept.co.kr/review/308499919/308499919_1788446666058.jpeg?RS=300""]"
308499919,시티브리즈,[주말특가] [신규 컬러] NEW 링클 프리 오픈카라 셔츠_10COLORS,https://www.wconcept.co.kr/Product/308499919,3,17,su******,2026.09.03,"FREE, LIGHT BLUE",색 너무 예쁩니다 품은 근데 박시하게 입으니까 편하네요,5.0,"{""사이즈"": ""적당함"", ""색상"": ""같음"", ""소재"": ""같음""}",[]
308499919,시티브리즈,[주말특가] [신규 컬러] NEW 링클 프리 오픈카라 셔츠_10COLORS,https://www.wconcept.co.kr/Product/308499919,3,18,su******,2026.09.03,"MINT, FREE",민트 컬러 상큼하니 너무 예쁘네요 예전 링클프리보다 좀 얇아서 주름은 더 지는것 같은데 입어봐야할것 같아요,5.0,"{""사이즈"": ""적당함"", ""색상"": ""비슷함"", ""소재"": ""비슷함""}",[]
306649958,세이지먼트,LISBON LAM LEATHER JACKET_BLACK,https://www.wconcept.co.kr/Product/306649958,1,1,mi******,2026.09.12,Black _FREE,작년부터 고민하던 제품인데 세일가로 사서 좋아요! 정핏보다 살짝넉넉한 핏이고 여기저기 잘입을것같아요 마음에 들어요!!,5.0,"{""사이즈"": ""적당함"", ""색상"": ""같음"", ""소재"": ""비슷함""}","[""https://media.wconcept.co.kr/review/306649958/306649958_1789208563201.jpeg?RS=300""]"
306649958,세이지먼트,LISBON LAM LEATHER JACKET_BLACK,https://www.wconcept.co.kr/Product/306649958,1,2,sh******,2026.09.11,Black _FREE,레더자켓 중에 디자인이 클래식 한편이라 골랐는데 유행안타고 입을수 있을것 같고 입었을때 진짜 이뻐요 ~~ 두깨는 생각보다 얇아서 초겨울까지는 못입을것 같아요,5.0,"{""사이즈"": ""적당함"", ""색상"": ""같음"", ""소재"": ""같음""}","[""https://media.wconcept.co.kr/review/306649958/306649958_1789093354289.jpg?RS=300""]"
306649958,세이지먼트,LISBON LAM LEATHER JACKET_BLACK,https://www.wconcept.co.kr/Product/306649958,1,3,iy******,2026.09.10,Black _FREE,사이즈도 적당하고 두께감도 있어서 잘 입을것같아요,5.0,"{""사이즈"": ""적당함"", ""색상"": ""같음"", ""소재"": ""같음""}",[]
306649958,세이지먼트,LISBON LAM LEATHER JACKET_BLACK,https://www.wconcept.co.kr/Product/306649958,1,4,wc******,2026.09.09,Black _FREE,"받아보니 더 이뻐요~ 상의 44~55에 딱 적당한 루즈핏입니다. 요즘 가죽 비슷하게 나온 제품들도 30,40만원대인데 세일가로 가죽자켓을 저렴한가격에 사서 좋아요👍 가을,초겨울,초봄까지 뽕빼도록 할께요^^ 아.근데 가죽냄새가 좀 심한편입니다. 베란다에 며칠 걸어두면 될꺼같아요~",5.0,"{""사이즈"": ""적당함"", ""색상"": ""같음"", ""소재"": ""같음""}","[""https://media.wconcept.co.kr/review/306649958/306649958_1788936747299.jpeg?RS=300"", ""https://media.wconcept.co.kr/review/306649958/306649958_1788936747220.jpeg?RS=300"", ""https://media.wconcept.co.kr/review/306649958/306649958_1788936747110.jpeg?RS=300""]"
306649958,세이지먼트,LISBON LAM LEATHER JACKET_BLACK,https://www.wconcept.co.kr/Product/306649958,1,5,su******,2026.09.07,Black _FREE,저에게도 적당한 오버핏이라서 좋네요 다만 소매는 좀 길어서 모델처럼 접어입거나 수선해서 입어야 될 것 같아요 색상이 완전 블랙이 아니라는 후기가 많아서 걱정했는데 다른 블랙색상 가죽자켓과 비교하니 이게 훨씬더 예쁘네요,5.0,"{""사이즈"": ""큼"", ""색상"": ""비슷함"", ""소재"": ""비슷함""}","[""https://media.wconcept.co.kr/review/306649958/306649958_1788772922621.jpeg?RS=300""]"
306649958,세이지먼트,LISBON LAM LEATHER JACKET_BLACK,https://www.wconcept.co.kr/Product/306649958,1,6,sd******,2026.09.06,Black _FREE,상품평대로 크기 적당하니 좋군요 77사이즈도 이쁘게 맞아요이번가을 기다려짐,5.0,"{""사이즈"": ""적당함"", ""색상"": ""비슷함"", ""소재"": ""비슷함""}",[]
306649958,세이지먼트,LISBON LAM LEATHER JACKET_BLACK,https://www.wconcept.co.kr/Product/306649958,2,7,li******,2026.09.05,Black _FREE,배송 빠르고 할인 많이 돼서 나름 저렴하게 구매했어요 가죽 가공때문에 짙은 브라운 처럼 보일 수 있으나 블랙 맞네요 이쁘고 스크래치 강한 가공 처리라 맘에 들어요 박시한거 워낙 좋아해서 딱이에요,5.0,"{""사이즈"": ""큼"", ""색상"": ""같음"", ""소재"": ""같음""}","[""https://media.wconcept.co.kr/review/306649958/306649958_1788599407135.jpeg?RS=300""]"
306649958,세이지먼트,LISBON LAM LEATHER JACKET_BLACK,https://www.wconcept.co.kr/Product/306649958,2,8,wc******,2026.09.05,Black _FREE,살짝 오버사이즈는 맞는데 팔이 조금 길어서 연출된 것처럼 꼭 접어입어야 할 것 같아요!,5.0,"{""사이즈"": ""큼"", ""색상"": ""같음"", ""소재"": ""같음""}","[""https://media.wconcept.co.kr/review/306649958/306649958_1788539909540.jpg?RS=300""]"
306649958,세이지먼트,LISBON LAM LEATHER JACKET_BLACK,https://www.wconcept.co.kr/Product/306649958,2,9,ka******,2026.09.04,Black _FREE,소재 좋네요. 유행 안 탈 스타일이고 55반에게는 살짝 오버핏입니다.,5.0,"{""사이즈"": ""적당함"", ""색상"": ""같음"", ""소재"": ""같음""}","[""https://media.wconcept.co.kr/review/306649958/306649958_1788515971759.jpg?RS=300""]"
306649958,세이지먼트,LISBON LAM LEATHER JACKET_BLACK,https://www.wconcept.co.kr/Product/306649958,2,10,m-******,2026.09.03,Black _FREE,생각보다 많이 크지 않아서 좋아요 그리고 냄새는 생각보다 안나네요,5.0,"{""사이즈"": ""적당함"", ""색상"": ""같음"", ""소재"": ""비슷함""}",[]
306649958,세이지먼트,LISBON LAM LEATHER JACKET_BLACK,https://www.wconcept.co.kr/Product/306649958,2,11,yg******,2026.09.02,Black _FREE,160 기준으로 엉덩이 완전히 덮는 길이에요. 너무 큰 오버핏은 아니라서 좋아요. 아주 짙은 검정은 아니고 자연스러운 검정색? 깊~은 밤색 느낌이에요. 군더더기 없는 이런 디자인의 완전히 깔끔한 자켓을 찾고 있었는데 잘 없더라고요. 계속 눈여겨보고 있다가 가을에 입어야겠다 싶어서 여름 들어올 때 할인 잘 먹여서 구입 후 실착장은 한번도 못하긴 했는데 저에겐 오히려 잘 됐어요. 처음에 냄새가 심해서 2주 정도 걸어두니까 냄새가 많이 빠졌어요. 처음 배송 받고는 걸어만 둬도 그냥 방에 냄새가 풍길정도ㅠㅠ.. 지금도 착용하면 가까이 있으니까 당연히 냄새가 나긴 하는데 이건 가죽 특성이니까요~ 앞으로 제 몸에 맞게 길들여지는 게 기대됩니다. 이 제품 구입으로 세이지먼트 제 위시 브랜드가 되었습니다!,5.0,"{""사이즈"": ""적당함"", ""색상"": ""같음"", ""소재"": ""같음""}","[""https://media.wconcept.co.kr/review/306649958/306649958_1788352253699.jpg?RS=300""]"
306649958,세이지먼트,LISBON LAM LEATHER JACKET_BLACK,https://www.wconcept.co.kr/Product/306649958,2,12,yj******,2026.09.02,Black _FREE,사고 싶었지만 정말 오래 고민하다가 여름이 지나가는 지금 시점에는 사야겠다 싶어서 샀는데 역시 이쁘네요 유행도 타지 않는 디자인에 리얼가죽에 이 가격이면 만족해요 근데 생각보다 오버핏은 아니네요 적당히 잘 맞아요,5.0,"{""사이즈"": ""적당함"", ""색상"": ""같음"", ""소재"": ""같음""}","[""https://media.wconcept.co.kr/review/306649958/306649958_1788348819997.jpg?RS=300""]"
306649958,세이지먼트,LISBON LAM LEATHER JACKET_BLACK,https://www.wconcept.co.kr/Product/306649958,3,13,sk******,2026.08.24,Black _FREE,가죽 재질도 좋고. 가볍고. 디자인도 유행 타지 않을거같고. 오래이쁘게 입을수 있을거같아요 색도 번들거리지않고차분한 광택이.좋아요,5.0,"{""사이즈"": ""적당함"", ""색상"": ""같음"", ""소재"": ""같음""}",[]
306649958,세이지먼트,LISBON LAM LEATHER JACKET_BLACK,https://www.wconcept.co.kr/Product/306649958,3,14,ho******,2026.08.22,Black _FREE,잘받았습니다 감사합니다 좋아보여요.길이감좋아요.,5.0,"{""사이즈"": ""적당함"", ""색상"": ""비슷함"", ""소재"": ""비슷함""}","[""https://media.wconcept.co.kr/review/306649958/306649958_1787364652534.jpg?RS=300""]"
306649958,세이지먼트,LISBON LAM LEATHER JACKET_BLACK,https://www.wconcept.co.kr/Product/306649958,3,15,hi******,2026.07.31,Black _FREE,너무 만족스런 구매였어요 이뻐서 빨리 가을이 와서 입고 싶어요 배송도 깔끔하게 잘 왔습니다,5.0,"{""사이즈"": ""적당함"", ""색상"": ""같음"", ""소재"": ""같음""}","[""https://media.wconcept.co.kr/review/306649958/306649958_1785474211853.jpeg?RS=300""]"
306649958,세이지먼트,LISBON LAM LEATHER JACKET_BLACK,https://www.wconcept.co.kr/Product/306649958,3,16,bl******,2026.06.30,Black _FREE,고민하다 구매했는데 넘 좋아요 편하고 예뻐서 잘 입고 있어요,5.0,"{""사이즈"": ""적당함"", ""색상"": ""같음"", ""소재"": ""같음""}",[]
306649958,세이지먼트,LISBON LAM LEATHER JACKET_BLACK,https://www.wconcept.co.kr/Product/306649958,3,17,li******,2026.06.26,Black _FREE,좋습니다 감사합니다 감사합니다. 좋은 하루 보내세요,5.0,"{""사이즈"": ""적당함"", ""색상"": ""같음"", ""소재"": ""같음""}",[]
306649958,세이지먼트,LISBON LAM LEATHER JACKET_BLACK,https://www.wconcept.co.kr/Product/306649958,3,18,ka******,2026.06.24,Black _FREE,세일가에 잘 산 것 같아여 너무 맘에 들어요 색도 고급집니다.,5.0,"{""사이즈"": ""적당함"", ""색상"": ""같음"", ""소재"": ""같음""}","[""https://media.wconcept.co.kr/review/306649958/306649958_1782303596792.jpeg?RS=300""]"
308886950,틸아이다이,[단 하루!] Wool cashmere V neck knit set [TIFA05SW08]_Charcoal,https://www.wconcept.co.kr/Product/308886950,1,1,si******,2026.08.25,CHARCOAL_FREE,깊은브이넥 니트 찾던 중에 소재도 캐시미어로 좋고 브이넥도 적당한데 나시까지 세트라 사지 않을 이유가 없어서 구매했는데 나시는...너무 작네용.. 몸통도 작고 길이도 작아요..집에 있는 나시중에 작은편인 비뮤즈맨션 나시랑 비교했을때도 확실히 작네요.. 브이넥니트는 잘 입을것 같아요!,5.0,"{""사이즈"": ""적당함"", ""색상"": ""같음"", ""소재"": ""같음""}","[""https://media.wconcept.co.kr/review/308886950/308886950_1787657627050.jpeg?RS=300"", ""https://media.wconcept.co.kr/review/308886950/308886950_1787657626911.jpeg?RS=300""]"
308352023,앤하츠,Vintage Muse Raglan Sweatshirt_CHARCOAL,https://www.wconcept.co.kr/Product/308352023,1,1,wc******,2026.09.12,S,S라서 마니 박시한건 아니지만 보통티사이즈에서 조금만 큰?듯한 적당한 사이즈네요.프린트가 넘 맘에들어 할인된 가격에 득템.지금 쌀쌀해지기 시작해서 바로 입으면 굿.원단 보시라고 확대 컷,5.0,"{""사이즈"": ""적당함"", ""색상"": ""같음"", ""소재"": ""같음""}","[""https://media.wconcept.co.kr/review/308352023/308352023_1789188047533.jpg?RS=300""]"
308352023,앤하츠,Vintage Muse Raglan Sweatshirt_CHARCOAL,https://www.wconcept.co.kr/Product/308352023,1,2,se******,2026.09.12,M,퀄리티가 좋습니다.맘에 들어요. 행사때 할인받아 더 좋이ㅡㅇ,5.0,"{""사이즈"": ""적당함"", ""색상"": ""같음"", ""소재"": ""같음""}","[""https://media.wconcept.co.kr/review/308352023/308352023_1789164184210.jpg?RS=300""]"
308352023,앤하츠,Vintage Muse Raglan Sweatshirt_CHARCOAL,https://www.wconcept.co.kr/Product/308352023,1,3,ro******,2026.09.12,S,딸애가 맘에든다고하네요 사진과같아요 편한 맨투맨 티셔츠입니다,4.0,"{""사이즈"": ""적당함"", ""색상"": ""같음"", ""소재"": ""같음""}","[""https://media.wconcept.co.kr/review/308352023/308352023_1789162946237.jpg?RS=300""]"
308352023,앤하츠,Vintage Muse Raglan Sweatshirt_CHARCOAL,https://www.wconcept.co.kr/Product/308352023,1,4,se******,2026.09.11,M,가격이 좀 있다고 생각했는데 받아보니 그만큼 퀄리티가 좋네요! 👍🏻👍🏻,5.0,"{""사이즈"": ""적당함"", ""색상"": ""같음"", ""소재"": ""같음""}","[""https://media.wconcept.co.kr/review/308352023/308352023_1789120581076.jpeg?RS=300""]"
308352023,앤하츠,Vintage Muse Raglan Sweatshirt_CHARCOAL,https://www.wconcept.co.kr/Product/308352023,1,5,wc******,2026.09.09,M,일러스트 그림이 너무 예뻐보여 두가지색 다구매했어요 소재 좋고 오버핏이라 완전편하내요 너무나 예뻐요,5.0,"{""사이즈"": ""적당함"", ""색상"": ""같음"", ""소재"": ""같음""}","[""https://media.wconcept.co.kr/review/308352023/308352023_1788954797015.jpg?RS=300""]"
308352023,앤하츠,Vintage Muse Raglan Sweatshirt_CHARCOAL,https://www.wconcept.co.kr/Product/308352023,1,6,wc******,2026.09.09,S,넘 넘 이쁜 옷이얘요 너무 이뻐요 이건꼭 사야하는 ~,5.0,"{""사이즈"": ""적당함"", ""색상"": ""같음"", ""소재"": ""같음""}","[""https://media.wconcept.co.kr/review/308352023/308352023_1788925051950.jpg?RS=300""]"
308352023,앤하츠,Vintage Muse Raglan Sweatshirt_CHARCOAL,https://www.wconcept.co.kr/Product/308352023,2,7,so******,2026.09.08,M,오버핏이고 두께도 적당해요. 앞에 여자그림 맘에 들어서 구매했어요,5.0,"{""사이즈"": ""큼"", ""색상"": ""같음"", ""소재"": ""같음""}","[""https://media.wconcept.co.kr/review/308352023/308352023_1788842191406.jpg?RS=300""]"
308352023,앤하츠,Vintage Muse Raglan Sweatshirt_CHARCOAL,https://www.wconcept.co.kr/Product/308352023,2,8,ya******,2026.09.07,M,가을도 왔고 해서 구매했습니다 이쁘네요 맘에들어요,5.0,"{""사이즈"": ""적당함"", ""색상"": ""같음"", ""소재"": ""같음""}","[""https://media.wconcept.co.kr/review/308352023/308352023_1788736024378.jpg?RS=300""]"
308352023,앤하츠,Vintage Muse Raglan Sweatshirt_CHARCOAL,https://www.wconcept.co.kr/Product/308352023,2,9,ac******,2026.09.06,M,차콜 색이람디자인이 너무 맘어들어 구매했습니다. 역시나 이뻐요 블랙 H라인스커트에 입어도 이쁘겠습니다. 맘에 쏙들어요,5.0,"{""사이즈"": ""적당함"", ""색상"": ""같음"", ""소재"": ""같음""}","[""https://media.wconcept.co.kr/review/308352023/308352023_1788682999016.jpg?RS=300""]"
308352023,앤하츠,Vintage Muse Raglan Sweatshirt_CHARCOAL,https://www.wconcept.co.kr/Product/308352023,2,10,wc******,2026.09.06,M,생각보다 소재 좋고 겨울버전으로 (기모) 도 이쁠거 같을.처음 접한 브랜드이지만 찜하고 계속 3333@@,5.0,"{""사이즈"": ""적당함"", ""색상"": ""같음"", ""소재"": ""같음""}",[]
308352023,앤하츠,Vintage Muse Raglan Sweatshirt_CHARCOAL,https://www.wconcept.co.kr/Product/308352023,2,11,hy******,2026.09.05,S,사이즈 고민 많이 했는데 스몰도 적당히 핏되게 예쁘네요 한치수 업했어도 괜찮았겠지만.. 만족스럽습니다,5.0,"{""사이즈"": ""적당함"", ""색상"": ""같음"", ""소재"": ""같음""}","[""https://media.wconcept.co.kr/review/308352023/308352023_1788534278145.jpg?RS=300""]"
308352023,앤하츠,Vintage Muse Raglan Sweatshirt_CHARCOAL,https://www.wconcept.co.kr/Product/308352023,2,12,wc******,2026.09.04,S,핏이 너무 예뻐요 맨투맨티 뚱뚱해보일수있는데 이건 적당한 길이감이 너무 좋습니다,5.0,"{""사이즈"": ""적당함"", ""색상"": ""같음"", ""소재"": ""같음""}",[]
308352023,앤하츠,Vintage Muse Raglan Sweatshirt_CHARCOAL,https://www.wconcept.co.kr/Product/308352023,3,13,21******,2026.09.04,M,너무이뻐요 좀더 시원해지면 입고다니려고요 굿굿,5.0,"{""사이즈"": ""적당함"", ""색상"": ""같음"", ""소재"": ""같음""}",[]
308352023,앤하츠,Vintage Muse Raglan Sweatshirt_CHARCOAL,https://www.wconcept.co.kr/Product/308352023,3,14,lb******,2026.09.03,S,많이 두껍지 않아서 이제 곧 입을 수 있을꺼 같아요!! 제 키에 약간 오버핏처럼 보이는데 잘 맞구 예쁘네용 .세탁 후 건조기 돌렸는데 좀 줄어든거 같기도 하고.. 그래도 만족합니다!,5.0,"{""사이즈"": ""적당함"", ""색상"": ""같음"", ""소재"": ""같음""}","[""https://media.wconcept.co.kr/review/308352023/308352023_1788435377742.jpg?RS=300""]"
308352023,앤하츠,Vintage Muse Raglan Sweatshirt_CHARCOAL,https://www.wconcept.co.kr/Product/308352023,3,15,le******,2026.09.03,S,화면 그대로 색상 디자인 소재 동일해요~간절기에 캐주얼하게 잘입게될거 같아요!!,4.0,"{""사이즈"": ""적당함"", ""색상"": ""같음"", ""소재"": ""같음""}",[]
308352023,앤하츠,Vintage Muse Raglan Sweatshirt_CHARCOAL,https://www.wconcept.co.kr/Product/308352023,3,16,wc******,2026.09.02,M,색상 핏 모두 맘에 들어요. 적당히 핏의 맨투맨 이라 스커트 바지 모두 잘 어울리고 ᆢ특히 나염 프린트가 너무 이뻐여,5.0,"{""사이즈"": ""적당함"", ""색상"": ""같음"", ""소재"": ""같음""}","[""https://media.wconcept.co.kr/review/308352023/308352023_1788346950031.jpg?RS=300""]"
308352023,앤하츠,Vintage Muse Raglan Sweatshirt_CHARCOAL,https://www.wconcept.co.kr/Product/308352023,3,17,le******,2026.09.01,M,실물이 느무느무 이쁜 옷 이예용!!! ㅎ 빨리 서늘해진 날씨가 왔으면 좋겠네요!,5.0,"{""사이즈"": ""큼"", ""색상"": ""같음"", ""소재"": ""같음""}","[""https://media.wconcept.co.kr/review/308352023/308352023_1788273368023.jpg?RS=300""]"
308352023,앤하츠,Vintage Muse Raglan Sweatshirt_CHARCOAL,https://www.wconcept.co.kr/Product/308352023,3,18,wc******,2026.09.01,S,가을에 입기 좋은 두께감이고 원단도 괜찮아요. 컬러는 화면처럼 완전 짙은 차콜이길 바랬는데 좀 밝은 느낌이지만 예쁘네요.,4.0,"{""사이즈"": ""적당함"", ""색상"": ""비슷함"", ""소재"": ""같음""}","[""https://media.wconcept.co.kr/review/308352023/308352023_1788228513044.jpg?RS=300""]"
308324595,레브바이레브,[단독특가] [단독] 루 스퀘어 로퍼 Black[2.5cm / 5cm],https://www.wconcept.co.kr/Product/308324595,1,1,si******,2026.09.13,245,"예쁩니다 생각보다 여유있는 사이즈라 양말신어도 편하네요 바지, 치마 다 잘 어울릴거같아요",5.0,"{""사이즈"": ""적당함"", ""색상"": ""비슷함"", ""발볼"": ""적당함""}","[""https://media.wconcept.co.kr/review/308324595/308324595_1789288744645.jpg?RS=300""]"
308324595,레브바이레브,[단독특가] [단독] 루 스퀘어 로퍼 Black[2.5cm / 5cm],https://www.wconcept.co.kr/Product/308324595,1,2,ha******,2026.09.12,245,"스퀘어 라인으로 세련, 예쁜데 편하기까지?!!! 완전 만족이에요~ 반사이즈 걸쳐 신는데 여유롭게 나와서 정사이즈(245) 로 구매해도 괜찮아요~",5.0,"{""사이즈"": ""적당함"", ""색상"": ""같음"", ""발볼"": ""적당함""}","[""https://media.wconcept.co.kr/review/308324595/308324595_1789213097196.jpeg?RS=300""]"
308324595,레브바이레브,[단독특가] [단독] 루 스퀘어 로퍼 Black[2.5cm / 5cm],https://www.wconcept.co.kr/Product/308324595,1,3,yj******,2026.09.12,225,원래 225신는데 정사이즈 시켰는데 양말안신으면 걸을때마다 발이 빠져요! 양말신고 신으면 아주 딱맞을듯해요 사이즈 넉넉하게 나온편인것같아요,5.0,"{""사이즈"": ""적당함"", ""색상"": ""같음"", ""발볼"": ""적당함""}","[""https://media.wconcept.co.kr/review/308324595/308324595_1789195393794.jpeg?RS=300""]"
308324595,레브바이레브,[단독특가] [단독] 루 스퀘어 로퍼 Black[2.5cm / 5cm],https://www.wconcept.co.kr/Product/308324595,1,4,da******,2026.09.12,240,발볼이 있어서 한치수 크게했더니 양말신고도 신을수 있게 넉넉하네요,5.0,"{""사이즈"": ""적당함"", ""색상"": ""같음"", ""발볼"": ""적당함""}",[]
308324595,레브바이레브,[단독특가] [단독] 루 스퀘어 로퍼 Black[2.5cm / 5cm],https://www.wconcept.co.kr/Product/308324595,1,5,th******,2026.09.12,245,사이즈 안 맞을까봐 반신반의 하며 샀는데 정사이즈로 했더니 너무 잘 맞아요! 발등이 높은 편인데도 편안하게 잘 맞고 뒷꿈치 까질 것 같은 재질도 아니라서 잘 신을 수 있을 것 같아요 ㅎㅎ 디자인도 너무 예뻐요,5.0,"{""사이즈"": ""적당함"", ""색상"": ""같음"", ""발볼"": ""적당함""}",[]
308324595,레브바이레브,[단독특가] [단독] 루 스퀘어 로퍼 Black[2.5cm / 5cm],https://www.wconcept.co.kr/Product/308324595,1,6,wc******,2026.09.12,240,"앞코가 스퀘어로 빠져서 엄청 세련되어 보여요. 꼭 격식 차린 자리 아니어도 데님 바지나 미디 스커트랑 해서 데일리하게 신기 좋습니다. 평소 신발을 240을 신어서 정사이즈로 시켰는데, 생각보다 뒷꿈치가 많이 남아서 뒷꿈치용 깔창을 깔았어요. 그래서 발등이 높거나 발볼이 큰게 아니라면 개인적으론 반사이즈 다운하거나 정사이즈 시키고 깔창 까는게 좋을거 같습니다. (근데 사이즈 실패 확률 낮추려면 정사이즈로 사는게 제일 좋을거 같긴 해요..) 그리고 평상시 제가 신발을 질질 끄는 습관이 조금 있어서 그런가 몇 번 안 신었는데도 뒷굽이 금방 헤지긴 했지만 마감 자체는 나쁘지는 않습니다. 그냥 가성비 있게 무난하게 신기에는 괜찮아요.",4.0,"{""사이즈"": ""큼"", ""색상"": ""같음"", ""발볼"": ""적당함""}",[]
308324595,레브바이레브,[단독특가] [단독] 루 스퀘어 로퍼 Black[2.5cm / 5cm],https://www.wconcept.co.kr/Product/308324595,2,7,wc******,2026.09.11,255,평소 운동화 250을 신는데 오래 신으면 발이 부어 255로 주문했습니다 . 양말 신고도 걸을때 헐떡 거리긴 하네요. 뒷꿈치는 좀 푹신한 느낌인데 전체적으로 딱딱해요. 디자인은 무난합니다. 슬랙스 청바지 다 잘 어울립니다.,5.0,"{""사이즈"": ""큼"", ""색상"": ""같음"", ""발볼"": ""적당함""}","[""https://media.wconcept.co.kr/review/308324595/308324595_1789097708606.jpeg?RS=300""]"
308324595,레브바이레브,[단독특가] [단독] 루 스퀘어 로퍼 Black[2.5cm / 5cm],https://www.wconcept.co.kr/Product/308324595,2,8,ki******,2026.09.10,225,발볼이 없는 225인데 맨발로 신으면 약간 큰 정도인데 양말 신으면 딱 맞을 것 같아요! 회사 출근룩에 휘뚜루마뚜루 어울릴 것 같아요!,5.0,"{""사이즈"": ""적당함"", ""색상"": ""같음"", ""발볼"": ""적당함""}","[""https://media.wconcept.co.kr/review/308324595/308324595_1789043979655.jpeg?RS=300""]"
308324595,레브바이레브,[단독특가] [단독] 루 스퀘어 로퍼 Black[2.5cm / 5cm],https://www.wconcept.co.kr/Product/308324595,2,9,hj******,2026.09.10,240,심플해서 맘에 들어오 ㅋㅋ 뒷굽은 좀 아픈데 적응해야할득,5.0,"{""사이즈"": ""적당함"", ""색상"": ""같음"", ""발볼"": ""적당함""}","[""https://media.wconcept.co.kr/review/308324595/308324595_1789036146609.jpeg?RS=300""]"
308324595,레브바이레브,[단독특가] [단독] 루 스퀘어 로퍼 Black[2.5cm / 5cm],https://www.wconcept.co.kr/Product/308324595,2,10,ha******,2026.09.10,235,굽이 낮기도 하고 푹신푹신해서 발이 편안하네요 근데 박스 열자마자 냄새가 너무 나네요ㅜ,5.0,"{""사이즈"": ""적당함"", ""색상"": ""같음"", ""발볼"": ""적당함""}","[""https://media.wconcept.co.kr/review/308324595/308324595_1789028240371.jpg?RS=300"", ""https://media.wconcept.co.kr/review/308324595/308324595_1789028240270.jpg?RS=300""]"
308324595,레브바이레브,[단독특가] [단독] 루 스퀘어 로퍼 Black[2.5cm / 5cm],https://www.wconcept.co.kr/Product/308324595,2,11,f3******,2026.09.10,230,사이즈는 양말 신고 신으면 맞을거 같아요 사이즈가 조금 크게 나옴,5.0,"{""사이즈"": ""적당함"", ""색상"": ""같음"", ""발볼"": ""적당함""}","[""https://media.wconcept.co.kr/review/308324595/308324595_1789009576701.jpeg?RS=300""]"
308324595,레브바이레브,[단독특가] [단독] 루 스퀘어 로퍼 Black[2.5cm / 5cm],https://www.wconcept.co.kr/Product/308324595,2,12,id******,2026.09.09,235,길이는 좀 넉넉하게 나왔습니다 발등은 낮은편인거같아요 양말에 신고신으니 편하게 잘맞아요 무난하게 어디든 잘 어울리는 디자인입니다,5.0,"{""사이즈"": ""큼"", ""색상"": ""같음"", ""발볼"": ""적당함""}",[]
308324595,레브바이레브,[단독특가] [단독] 루 스퀘어 로퍼 Black[2.5cm / 5cm],https://www.wconcept.co.kr/Product/308324595,3,13,wc******,2026.09.09,230,신발 너무 이뻐요 고급져보이고 넘 이뻐요 엄마도 이쁘다네요,5.0,"{""사이즈"": ""적당함"", ""색상"": ""같음"", ""발볼"": ""적당함""}","[""https://media.wconcept.co.kr/review/308324595/308324595_1788924729893.jpg?RS=300""]"
308324595,레브바이레브,[단독특가] [단독] 루 스퀘어 로퍼 Black[2.5cm / 5cm],https://www.wconcept.co.kr/Product/308324595,3,14,ag******,2026.09.08,255,역시 후기대로 이쁘네요! 배송도 담날 오고ㅠㅠ 스커트 청바지 다 잘어울리네여! 시크한 느낌이 들어서 더 좋아요!! 로퍼 찾으시면 왕 추천해요!^^,5.0,"{""사이즈"": ""큼"", ""색상"": ""같음"", ""발볼"": ""적당함""}","[""https://media.wconcept.co.kr/review/308324595/308324595_1788862403450.jpeg?RS=300""]"
308324595,레브바이레브,[단독특가] [단독] 루 스퀘어 로퍼 Black[2.5cm / 5cm],https://www.wconcept.co.kr/Product/308324595,3,15,la******,2026.09.07,240,"제 신발사이즈보다 반 업해서 240샀더니 양말신고도 넉넉해요. 신발사면 뒤꿈치 까지는데, 이건 뒤가 낮아서 뒤꿈치에 오질 않아요. ^^* 너무 편하고 좋아요. 사이즈 크게 살 필요는 없을 거 같아요. 양말 신고 신을거여서 크게 사긴했는데요!! 가을개시 입니다~~**",5.0,"{""사이즈"": ""적당함"", ""색상"": ""같음"", ""발볼"": ""적당함""}",[]
308324595,레브바이레브,[단독특가] [단독] 루 스퀘어 로퍼 Black[2.5cm / 5cm],https://www.wconcept.co.kr/Product/308324595,3,16,ly******,2026.09.06,235,5cm힐로 구입했어요 처음에 로퍼로 와서 교환까지 시간이 걸렸지만 그래도 바로 교환해주셨습니다 결혼식에 신고 처음 신고 갔음에도 발이 많이 아프진 않았습니다,5.0,"{""사이즈"": ""적당함"", ""색상"": ""같음"", ""발볼"": ""적당함""}","[""https://media.wconcept.co.kr/review/308324595/308324595_1788660529372.jpeg?RS=300"", ""https://media.wconcept.co.kr/review/308324595/308324595_1788660529261.jpeg?RS=300""]"
308324595,레브바이레브,[단독특가] [단독] 루 스퀘어 로퍼 Black[2.5cm / 5cm],https://www.wconcept.co.kr/Product/308324595,3,17,wl******,2026.09.05,240(5cm),"가죽이 부드러워 발이 편하고, 쿠션감도 좋아 오래 걸어도 부담이 적습니다. 슬랙스나 스커트, 청바지에 모두 잘 어울려 활용도가 높아요 😊",5.0,"{""사이즈"": ""적당함"", ""색상"": ""같음"", ""발볼"": ""적당함""}",[]
308324595,레브바이레브,[단독특가] [단독] 루 스퀘어 로퍼 Black[2.5cm / 5cm],https://www.wconcept.co.kr/Product/308324595,3,18,wc******,2026.09.04,255,255에서260사이즈신어요 조금크게나온것같아요 255사이즈도편하게잘맞아요 데일리로신고다니기에좋을것같아요,5.0,"{""사이즈"": ""적당함"", ""색상"": ""같음"", ""발볼"": ""적당함""}","[""https://media.wconcept.co.kr/review/308324595/308324595_1788479898293.jpg?RS=300""]"
308965613,언에디트,[위캔드오프] I Wool Henley Neck Contrast Knit_Midnight,https://www.wconcept.co.kr/Product/308965613,1,1,dp******,2026.09.13,MIDNIGHT,조금 두꺼운 니트 재질입니다 날씨가 좀 더 추워지면 잘 입고 다닐 것 같아요,5.0,"{""사이즈"": ""적당함"", ""색상"": ""같음"", ""소재"": ""같음""}","[""https://media.wconcept.co.kr/review/308965613/308965613_1789280260226.jpeg?RS=300""]"
308965613,언에디트,[위캔드오프] I Wool Henley Neck Contrast Knit_Midnight,https://www.wconcept.co.kr/Product/308965613,1,2,bo******,2026.09.12,MIDNIGHT,사이즈는 박시하고요 지금 입기에는 많이 두꺼워요,5.0,"{""사이즈"": ""적당함"", ""색상"": ""비슷함"", ""소재"": ""비슷함""}","[""https://media.wconcept.co.kr/review/308965613/308965613_1789223119460.jpg?RS=300""]"
308965613,언에디트,[위캔드오프] I Wool Henley Neck Contrast Knit_Midnight,https://www.wconcept.co.kr/Product/308965613,1,3,ji******,2026.09.10,MIDNIGHT,너무 이뻐요!! 소재도 부들부들하고 두께도 너무 두껍지도 얇지도 않게 딱 좋아요 단독으로 입어도 레이어드 해도 다 이쁠 것 같아요,5.0,"{""사이즈"": ""적당함"", ""색상"": ""같음"", ""소재"": ""비슷함""}","[""https://media.wconcept.co.kr/review/308965613/308965613_1789043697783.jpg?RS=300""]"
308965613,언에디트,[위캔드오프] I Wool Henley Neck Contrast Knit_Midnight,https://www.wconcept.co.kr/Product/308965613,1,4,go******,2026.09.09,MIDNIGHT,사이즈가 굉장히 여유 있어요 좋아요 말랑말랑 포근한 소재이고 쿨톤도 소화 가능하네요,5.0,"{""사이즈"": ""큼"", ""색상"": ""같음"", ""소재"": ""같음""}","[""https://media.wconcept.co.kr/review/308965613/308965613_1788948973716.jpeg?RS=300""]"
308965613,언에디트,[위캔드오프] I Wool Henley Neck Contrast Knit_Midnight,https://www.wconcept.co.kr/Product/308965613,1,5,ji******,2026.09.09,MIDNIGHT,생각했던 것보다 핏이 더 예쁘고 색감도 고급스러워요. 단추 디테일이 포인트가 돼서 심플하게 입어도 분위기가 살아나요,5.0,"{""사이즈"": ""적당함"", ""색상"": ""같음"", ""소재"": ""같음""}","[""https://media.wconcept.co.kr/review/308965613/308965613_1788912334007.jpeg?RS=300""]"
308936541,에토스,[단독] KHAKI TRENCH_KHAKI,https://www.wconcept.co.kr/Product/308936541,1,1,sh******,2024.11.04,KHAKI,역시는 역시다.. 유명한 것에는 이유가 있네요 통상적인 트렌치 형태가 아니라 좋아요,5.0,"{""사이즈"": ""큼"", ""색상"": ""같음"", ""소재"": ""같음""}","[""https://media.wconcept.co.kr/review/302285260/302285260_1730677926945.jpeg?RS=300""]"
308936541,에토스,[단독] KHAKI TRENCH_KHAKI,https://www.wconcept.co.kr/Product/308936541,1,2,sw******,2024.10.23,KHAKI,오래 기다렸는데 기다린 보람이 있어요 여유 있는 핏이 만족스럽습니다,5.0,"{""사이즈"": ""큼"", ""색상"": ""비슷함"", ""소재"": ""비슷함""}",[]
308936541,에토스,[단독] KHAKI TRENCH_KHAKI,https://www.wconcept.co.kr/Product/308936541,1,3,lo******,2024.10.23,KHAKI,작년부터 사고 싶어서 엄청나게 기대를 하고 구입했으나 아직은 길들여지지 않은 내 옷 같지 않은 느낌 ㅎ,5.0,"{""사이즈"": ""큼"", ""색상"": ""비슷함"", ""소재"": ""비슷함""}",[]
308936541,에토스,[단독] KHAKI TRENCH_KHAKI,https://www.wconcept.co.kr/Product/308936541,1,4,lu******,2024.10.20,KHAKI,카키색 트렌치~이 가을 멋스런 분위기를 선사하네요^^ETHOS는 소재도 고급스럽지만 미니멀한 디자인이 고급스러움을 더해주는거 같습니다♡짧은 기간 함께하지만 해마다 가을이 기다려질거 같네요~,5.0,"{""사이즈"": ""적당함"", ""색상"": ""같음"", ""소재"": ""같음""}","[""https://media.wconcept.co.kr/review/302285260/302285260_1729409903564.jpg?RS=300""]"
308936541,에토스,[단독] KHAKI TRENCH_KHAKI,https://www.wconcept.co.kr/Product/308936541,1,5,ja******,2024.10.15,KHAKI,진짜 오래 기다렸다 받았어요. 카키가 잘 어울리지 않는 편임에도 박시한 핏이 너무 이뻐서 구매합니다.,5.0,"{""사이즈"": ""큼"", ""색상"": ""비슷함"", ""소재"": ""비슷함""}",[]
308936541,에토스,[단독] KHAKI TRENCH_KHAKI,https://www.wconcept.co.kr/Product/308936541,1,6,du******,2024.10.14,KHAKI,진짜너무예뽀요 색감은 실물이훨씬더예쁘네요 제가 키랑덩치가크고 팔이길어서 소매를 접었을때 하얗게나오게는 안되네요ㅎㅎㅎ 겨울에도 겹쳐입으면 ㅇ입을수있을것같은 소재입니다,5.0,"{""사이즈"": ""큼"", ""색상"": ""같음"", ""소재"": ""같음""}","[""https://media.wconcept.co.kr/review/302285260/302285260_1728915209073.jpg?RS=300""]"
308936541,에토스,[단독] KHAKI TRENCH_KHAKI,https://www.wconcept.co.kr/Product/308936541,2,7,bo******,2024.10.09,KHAKI,계속 눈여겨보고있었는데 예전에 판매하셨던 제품이라 재입고는 포기하고있었거든요 ㅠㅜ 근데 사장님인스타보고 재입고라니 진짜 알람맞춰놓고오픈까지 대기하고있었습니다 너무맘에들어요!! 안에 배색 포인트도 너무 이쁘구용 이제 선선해지는데 너무 잘입을것같아요!!,5.0,"{""사이즈"": ""적당함"", ""색상"": ""같음"", ""소재"": ""같음""}","[""https://media.wconcept.co.kr/review/302285260/302285260_1728474093121.jpeg?RS=300""]"
308936541,에토스,[단독] KHAKI TRENCH_KHAKI,https://www.wconcept.co.kr/Product/308936541,2,8,jj******,2024.09.25,KHAKI,박시핏을 좋아하는 분이라면 아주 만족하실 것 같습니다. 두께감도 꽤 있어서 아주 한파가 아니라면 든든히 껴입고 아우터로 걸쳐도 좋을 것 같아요. 이번 가을 겨울에 카키트렌치로 두루두루 코디하겠습니다~,5.0,"{""사이즈"": ""큼"", ""색상"": ""같음"", ""소재"": ""비슷함""}",[]
308936541,에토스,[단독] KHAKI TRENCH_KHAKI,https://www.wconcept.co.kr/Product/308936541,2,9,46******,2024.05.22,KHAKI,트랜치 너무 이쁘고 마음에 들어서 좋아요 ~~ ㅋㅋㅋ,5.0,"{""사이즈"": ""적당함"", ""색상"": ""같음"", ""소재"": ""같음""}",[]
308936541,에토스,[단독] KHAKI TRENCH_KHAKI,https://www.wconcept.co.kr/Product/308936541,2,10,yy******,2024.05.08,KHAKI,뒤늦게 이 트렌치에 꽂혀서 구하려고 엄청 노력했는데 재고 뜬 걸 보고 바로 주문넣었어요. 생각한대로 엄청 크지만 그게 이 트렌치의 매력이라 잘 입을듯 싶어요.,5.0,"{""사이즈"": ""큼"", ""색상"": ""같음"", ""소재"": ""같음""}","[""https://media.wconcept.co.kr/review/302295611/302295611_1715148671166.jpeg?RS=300""]"
308936541,에토스,[단독] KHAKI TRENCH_KHAKI,https://www.wconcept.co.kr/Product/308936541,2,11,so******,2024.03.31,KHAKI,엄청크기는 하지만 편하게 입을수 있을거같아요.,5.0,"{""사이즈"": ""큼"", ""색상"": ""비슷함"", ""소재"": ""비슷함""}",[]
308936541,에토스,[단독] KHAKI TRENCH_KHAKI,https://www.wconcept.co.kr/Product/308936541,2,12,yj******,2024.03.29,KHAKI,사이즈 좀 크지만 너무 예뻐고 마음에 들어요 ~~,5.0,"{""사이즈"": ""큼"", ""색상"": ""같음"", ""소재"": ""같음""}",[]
308936541,에토스,[단독] KHAKI TRENCH_KHAKI,https://www.wconcept.co.kr/Product/308936541,3,13,la******,2024.03.26,KHAKI,색강보다 두께감도 있고 재질도 좋아요. 지금 계절에 입기 딱좋고 제키에겐 조금 크다는 느낌은 있지만 그래두 괘찮아요. 기장만 조금 줄이면 될것 같아요,5.0,"{""사이즈"": ""큼"", ""색상"": ""같음"", ""소재"": ""같음""}","[""https://media.wconcept.co.kr/review/302295611/302295611_1711462647065.jpeg?RS=300""]"
308936541,에토스,[단독] KHAKI TRENCH_KHAKI,https://www.wconcept.co.kr/Product/308936541,3,14,ho******,2024.03.17,KHAKI,눈팅하다 솔드아웃보고 바로재입고신청 문자때려놓고 알람뜨자마자 샀어요 안샀으면 후회할뻔했어요 ㅋㅋ 상의 77~88입는데도 많이크긴하지만 떨어지는 핏이너무이뻐요 조금만 키가 더 컷음 ㅋㅋ 더이뻣을거같지만 아주만족합니다,5.0,"{""사이즈"": ""큼"", ""색상"": ""같음"", ""소재"": ""같음""}","[""https://media.wconcept.co.kr/review/302295611/302295611_1710678570071.jpeg?RS=300"", ""https://media.wconcept.co.kr/review/302295611/302295611_1710678569976.jpeg?RS=300""]"
308936541,에토스,[단독] KHAKI TRENCH_KHAKI,https://www.wconcept.co.kr/Product/308936541,3,15,ik******,2024.03.14,KHAKI,전체적으로 크지만 그래서 더 멋진 옷이네요 소재도 탄탄하고(안감도 신경을 많이 썼네요) 여러룩으로 잘 입어질 것 같습니다,5.0,"{""사이즈"": ""큼"", ""색상"": ""비슷함"", ""소재"": ""비슷함""}","[""https://media.wconcept.co.kr/review/302295611/thumbnail/6653387_302295611_1710415771988.jpg?RS=300""]"
308936541,에토스,[단독] KHAKI TRENCH_KHAKI,https://www.wconcept.co.kr/Product/308936541,3,16,wc******,2024.03.12,KHAKI,여기저기 이런 스타일 찾다가 맘에들어 주문했는데 맘에듭니다 단 옷이 겨울코트보다 더 무게감이 있어 그게 좀 아쉬워요 옷이 무거우면 이뻐도 손이 잘 안가게 되더라구요 디자인은 맘에듭니다^^,5.0,"{""사이즈"": ""큼"", ""색상"": ""같음"", ""소재"": ""같음""}",[]
308936541,에토스,[단독] KHAKI TRENCH_KHAKI,https://www.wconcept.co.kr/Product/308936541,3,17,ad******,2024.03.07,KHAKI,지난번에 장바구니 담아놓고 품절되고.. 못사서 너무 아쉬웠는데.. 이번에 풀리자마자 구매했어요. 사이즈 정말 멋스럽게 루~~즈합니다^^ 심플하게 별것없는데 툭 걸치면 안에 뭘입어도 멋지게 만드네요.,5.0,"{""사이즈"": ""큼"", ""색상"": ""같음"", ""소재"": ""같음""}","[""https://media.wconcept.co.kr/review/302295611/302295611_1709802133747.jpg?RS=300""]"
308936541,에토스,[단독] KHAKI TRENCH_KHAKI,https://www.wconcept.co.kr/Product/308936541,3,18,sh******,2024.03.06,KHAKI,진짜 큰데 진짜 예뻐요 오버핏 좋아하기 때문에 마음에 듬니다~ 잘 입고 다닐께요!,5.0,"{""사이즈"": ""큼"", ""색상"": ""같음"", ""소재"": ""같음""}",[]
308886984,틸아이다이,[단 하루!] [다연 Pick][스크런치 SET] Check overfit shirt jacket set [TIFA05SH03]_Navy,https://www.wconcept.co.kr/Product/308886984,1,1,my******,2026.09.09,NAVY_FREE,소재 디자인 모두 마음에 듭니다. 그런데 금액이 너무 사악해요.ㅠㅠ,5.0,"{""사이즈"": ""적당함"", ""색상"": ""같음"", ""소재"": ""같음""}",[]
308886984,틸아이다이,[단 하루!] [다연 Pick][스크런치 SET] Check overfit shirt jacket set [TIFA05SH03]_Navy,https://www.wconcept.co.kr/Product/308886984,1,2,ta******,2026.09.07,NAVY_FREE,아무때나 걸치기 좋은 셔츠예요. 좀 하늘하늘한 느낌일 줄 알았는데 생각보다 두께감이 좀 있고 가을에는 유용하게 입을 것 같아요. 같이 주는 스크런치도 무난하게 쓰기 좋아요!,5.0,"{""사이즈"": ""큼"", ""색상"": ""같음"", ""소재"": ""비슷함""}",[]
308886984,틸아이다이,[단 하루!] [다연 Pick][스크런치 SET] Check overfit shirt jacket set [TIFA05SH03]_Navy,https://www.wconcept.co.kr/Product/308886984,1,3,ja******,2026.09.03,NAVY_FREE,소재가 너무 얇지 않아서 가을에 입기 좋을 것 같아요 스크런치랑 옷 둘다 마감도 괜찮고 배송도 빨랐어요,5.0,"{""사이즈"": ""적당함"", ""색상"": ""같음"", ""소재"": ""같음""}","[""https://media.wconcept.co.kr/review/308886984/308886984_1788444720644.jpeg?RS=300""]"
308886984,틸아이다이,[단 하루!] [다연 Pick][스크런치 SET] Check overfit shirt jacket set [TIFA05SH03]_Navy,https://www.wconcept.co.kr/Product/308886984,1,4,in******,2026.08.28,NAVY_FREE,웜톤한테 잘 어울리는 푸른끼도는 셔츠에요. 여름엔 더워서 못입고 시원한 가을 오면 걸치기 딱 좋을거같아요.,5.0,"{""사이즈"": ""적당함"", ""색상"": ""같음"", ""소재"": ""같음""}","[""https://media.wconcept.co.kr/review/308886984/308886984_1787843468241.jpg?RS=300""]"
308886984,틸아이다이,[단 하루!] [다연 Pick][스크런치 SET] Check overfit shirt jacket set [TIFA05SH03]_Navy,https://www.wconcept.co.kr/Product/308886984,1,5,qw******,2026.08.25,NAVY_FREE,아무래도 소재가 좋은 편은 아닌데 체크 디자인이 너무 예뻐서 샀습니다. 실물도 예쁘고요. 다만 좀 후들후들하면서 약간 번들거리는 느낌도 있어요.,5.0,"{""사이즈"": ""적당함"", ""색상"": ""같음"", ""소재"": ""비슷함""}","[""https://media.wconcept.co.kr/review/308886984/308886984_1787652823312.jpeg?RS=300""]"
308886984,틸아이다이,[단 하루!] [다연 Pick][스크런치 SET] Check overfit shirt jacket set [TIFA05SH03]_Navy,https://www.wconcept.co.kr/Product/308886984,1,6,s1******,2026.08.23,NAVY_FREE,"틸아이다이 옷을 좋아해서 자주 구입하는 편인데, 그 중에서도 특히 이 셔츠는 너무 맘에 들어요! 소재도 약간 부들 부들 실크? 같은 느낌이고, 원 사이즈라 약간 크긴 하지만 박시한 느낌으로 입으면 예뻐요!",5.0,"{""사이즈"": ""큼"", ""색상"": ""같음"", ""소재"": ""같음""}","[""https://media.wconcept.co.kr/review/308886984/308886984_1787485177390.jpg?RS=300""]"
308886984,틸아이다이,[단 하루!] [다연 Pick][스크런치 SET] Check overfit shirt jacket set [TIFA05SH03]_Navy,https://www.wconcept.co.kr/Product/308886984,2,7,ir******,2026.08.21,NAVY_FREE,라이브 보고 예뻐서 바로 구매!! 완전 후들후들 촉감이 부드러워요 스크런치까지 같이 주는거 센스 짱이네요 ㅎㅎ 스크런치도 고무줄 짱짱하고 퀄리티 좋음 너무 마음에 드는 쇼핑이었다❤️,5.0,"{""사이즈"": ""적당함"", ""색상"": ""같음"", ""소재"": ""같음""}","[""https://media.wconcept.co.kr/review/308886984/308886984_1787284579849.jpeg?RS=300"", ""https://media.wconcept.co.kr/review/308886984/308886984_1787284579657.jpeg?RS=300""]"
307652598,우이,[20%쿠폰] 에센셜 브이넥 가디건 블랙 OU1806,https://www.wconcept.co.kr/Product/307652598,1,1,ho******,2026.09.13,FREE,생각보다 도톰해서 딱 지금부터 입을 수 있어요 적당한 브이넥이러 스카프랑 연출하기 너무 좋아요!,5.0,"{""사이즈"": ""적당함"", ""색상"": ""같음"", ""소재"": ""같음""}","[""https://media.wconcept.co.kr/review/307652598/307652598_1789297834045.jpg?RS=300""]"
307652598,우이,[20%쿠폰] 에센셜 브이넥 가디건 블랙 OU1806,https://www.wconcept.co.kr/Product/307652598,1,2,wc******,2026.09.12,FREE,소재도 부들부들하고 좋아요 가을 내내 잘 입을 듯 싶습니당 👍🏻◝✩,5.0,"{""사이즈"": ""적당함"", ""색상"": ""같음"", ""소재"": ""같음""}","[""https://media.wconcept.co.kr/review/307652598/307652598_1789224483249.jpeg?RS=300""]"
307652598,우이,[20%쿠폰] 에센셜 브이넥 가디건 블랙 OU1806,https://www.wconcept.co.kr/Product/307652598,1,3,ri******,2026.09.12,FREE,편하게 입는 블랙 가디건 하의는 그레이 통바지에 일단 연출하는걸루~♡ 자켓안에도 굳,5.0,"{""사이즈"": ""적당함"", ""색상"": ""같음"", ""소재"": ""같음""}","[""https://media.wconcept.co.kr/review/307652598/307652598_1789209221458.jpg?RS=300""]"
307652598,우이,[20%쿠폰] 에센셜 브이넥 가디건 블랙 OU1806,https://www.wconcept.co.kr/Product/307652598,1,4,mo******,2026.09.12,FREE,깔별로 쟁여템..부드럽고 예쁩니다.착한가격에 잘 입겠습니다.,5.0,"{""사이즈"": ""적당함"", ""색상"": ""같음"", ""소재"": ""같음""}","[""https://media.wconcept.co.kr/review/307652598/307652598_1789203846921.jpg?RS=300""]"
307652598,우이,[20%쿠폰] 에센셜 브이넥 가디건 블랙 OU1806,https://www.wconcept.co.kr/Product/307652598,1,5,bt******,2026.09.12,FREE,소재가 살짝 생각했던것과는 다르네요~ 옷은 여유있는 스타일은 아니예요~ 가격이 좋아요~,5.0,"{""사이즈"": ""적당함"", ""색상"": ""비슷함"", ""소재"": ""비슷함""}","[""https://media.wconcept.co.kr/review/307652598/307652598_1789201663934.jpg?RS=300""]"
307652598,우이,[20%쿠폰] 에센셜 브이넥 가디건 블랙 OU1806,https://www.wconcept.co.kr/Product/307652598,1,6,kk******,2026.09.12,FREE,생각보다 넉넉한 핏은 아니지만(제가몸집이있는편) 착용감이 편하고 아주 좋아요^^,5.0,"{""사이즈"": ""적당함"", ""색상"": ""같음"", ""소재"": ""같음""}",[]
307652598,우이,[20%쿠폰] 에센셜 브이넥 가디건 블랙 OU1806,https://www.wconcept.co.kr/Product/307652598,2,7,ba******,2026.09.11,FREE,일반적인 가격정도의 니트입니다.물세닥한번하고. 건조시키니 미세한보플들이 일긴하는데. 원단은 보세가격 니트원단과 같습니다. 편하게입기좋은 스타일이네요,5.0,"{""사이즈"": ""적당함"", ""색상"": ""같음"", ""소재"": ""비슷함""}","[""https://media.wconcept.co.kr/review/307652598/307652598_1789123001459.jpeg?RS=300""]"
307652598,우이,[20%쿠폰] 에센셜 브이넥 가디건 블랙 OU1806,https://www.wconcept.co.kr/Product/307652598,2,8,sn******,2026.09.10,FREE,봄가을로 가볍게 입기 좋은 제품입니다 살짝 반들거리는게 걸리긴하는데 꽤나 부드러워요,5.0,"{""사이즈"": ""적당함"", ""색상"": ""같음"", ""소재"": ""비슷함""}",[]
307652598,우이,[20%쿠폰] 에센셜 브이넥 가디건 블랙 OU1806,https://www.wconcept.co.kr/Product/307652598,2,9,go******,2026.09.09,FREE,이번가을 잘 입을 것 같아요 ! 재질은 생각했던 재질은 아닌데 그래두 괜찮아오,5.0,"{""사이즈"": ""적당함"", ""색상"": ""같음"", ""소재"": ""같음""}","[""https://media.wconcept.co.kr/review/307652598/307652598_1788946543211.jpeg?RS=300""]"
307652598,우이,[20%쿠폰] 에센셜 브이넥 가디건 블랙 OU1806,https://www.wconcept.co.kr/Product/307652598,2,10,sp******,2026.09.09,FREE,조금 반딱거리는 느낌은 있지만 목 파짐도 적당하고 길이 형태 다 좋아요~~,5.0,"{""사이즈"": ""적당함"", ""색상"": ""비슷함"", ""소재"": ""비슷함""}","[""https://media.wconcept.co.kr/review/307652598/307652598_1788929576408.jpg?RS=300""]"
307652598,우이,[20%쿠폰] 에센셜 브이넥 가디건 블랙 OU1806,https://www.wconcept.co.kr/Product/307652598,2,11,pk******,2026.09.06,FREE,생각보다 소재가 부들부들해요 하나쯤 잇으면 좋음,5.0,"{""사이즈"": ""적당함"", ""색상"": ""같음"", ""소재"": ""같음""}","[""https://media.wconcept.co.kr/review/307652598/307652598_1788706164222.jpg?RS=300""]"
307652598,우이,[20%쿠폰] 에센셜 브이넥 가디건 블랙 OU1806,https://www.wconcept.co.kr/Product/307652598,2,12,am******,2026.09.06,FREE,가을에 입기 좋겠네요 청바지랑 잘 어울려요~ㅎㅎ,5.0,"{""사이즈"": ""적당함"", ""색상"": ""같음"", ""소재"": ""비슷함""}","[""https://media.wconcept.co.kr/review/307652598/307652598_1788699712666.jpeg?RS=300""]"
307652598,우이,[20%쿠폰] 에센셜 브이넥 가디건 블랙 OU1806,https://www.wconcept.co.kr/Product/307652598,3,13,ac******,2026.09.03,FREE,옷이 편하고 좋습니다. 가을에 입으면 이쁠 거 같아요.,5.0,"{""사이즈"": ""적당함"", ""색상"": ""같음"", ""소재"": ""같음""}","[""https://media.wconcept.co.kr/review/307652598/307652598_1788443420264.jpg?RS=300""]"
307652598,우이,[20%쿠폰] 에센셜 브이넥 가디건 블랙 OU1806,https://www.wconcept.co.kr/Product/307652598,3,14,ji******,2026.09.03,FREE,부드럽고 간절기 가디건으로 엄청 고민하다가 할인까지해서 겟했어요 옷걸이도 감동이에요,5.0,"{""사이즈"": ""적당함"", ""색상"": ""비슷함"", ""소재"": ""비슷함""}",[]
307652598,우이,[20%쿠폰] 에센셜 브이넥 가디건 블랙 OU1806,https://www.wconcept.co.kr/Product/307652598,3,15,hy******,2026.08.30,FREE,다른 색상입어보고 편하고 좋아서 블랙도 구입했어요 ^^,5.0,"{""사이즈"": ""적당함"", ""색상"": ""같음"", ""소재"": ""같음""}","[""https://media.wconcept.co.kr/review/307652598/307652598_1788076559437.jpeg?RS=300""]"
307652598,우이,[20%쿠폰] 에센셜 브이넥 가디건 블랙 OU1806,https://www.wconcept.co.kr/Product/307652598,3,16,wc******,2026.08.30,FREE,아이보리이뻐서 검정도샀어요. 아이보리가 더 부드러운거같아요. 이뻐요,5.0,"{""사이즈"": ""적당함"", ""색상"": ""같음"", ""소재"": ""같음""}","[""https://media.wconcept.co.kr/review/307652598/307652598_1788065930066.jpg?RS=300""]"
307652598,우이,[20%쿠폰] 에센셜 브이넥 가디건 블랙 OU1806,https://www.wconcept.co.kr/Product/307652598,3,17,ic******,2026.08.26,FREE,배송이 정말 빠르네요~ 예쁜 옷걸이에 아주 잘 도착했어요. 착용감은 부드럽고 따뜻해요. 블랙 브이넥이 베이직하지만 살짝 밋밋하기도 해요~ 가슴쪽에 로고나 아님 작은 디테일이 있었음 하는 아쉬움도 있어요. 스커트나 바지 다 잘 어울려서 많이 착용 할 것 같아요^^,5.0,"{""사이즈"": ""적당함"", ""색상"": ""같음"", ""소재"": ""같음""}","[""https://media.wconcept.co.kr/review/307652598/307652598_1787748990694.jpg?RS=300""]"
307652598,우이,[20%쿠폰] 에센셜 브이넥 가디건 블랙 OU1806,https://www.wconcept.co.kr/Product/307652598,3,18,na******,2026.08.25,FREE,"소재가 별로 좋은편이 아니라 가격이 저렴하지만 기본 블랙 가디건으로는 괜찬습니다. 여름엔 덥고 가을,봉 겨울ㅈ이너로.좋아요",3.0,"{""사이즈"": ""작음"", ""색상"": ""비슷함"", ""소재"": ""비슷함""}","[""https://media.wconcept.co.kr/review/307652598/307652598_1787662999952.jpeg?RS=300""]"
308978417,프렌치시크,[30%쿠폰] [인생360] [3단기장] [FW] 벨에포크 미들 클래식 폴딩핀턱 와이드 슬랙스_F6F550SL,https://www.wconcept.co.kr/Product/308978417,1,1,ga******,2026.09.12,"차콜_XS(44), (미들클래식)기본기장",인생바지네요 허리 기장 어느 한군데 손 볼 부분이 없이 찰떡입니다 바느질 탄탄하고 입었을때 떨어지는 선이 예쁩니다 블랙도 주문 하려고 합니다 지금부터 초겨을까지 좋은 두께감이에요 한겨울빼고는 쭉 착용할 듯 합니다,5.0,"{""사이즈"": ""적당함"", ""색상"": ""같음"", ""소재"": ""같음""}","[""https://media.wconcept.co.kr/review/308978417/308978417_1789188458746.jpg?RS=300"", ""https://media.wconcept.co.kr/review/308978417/308978417_1789188458566.jpg?RS=300""]"
308978417,프렌치시크,[30%쿠폰] [인생360] [3단기장] [FW] 벨에포크 미들 클래식 폴딩핀턱 와이드 슬랙스_F6F550SL,https://www.wconcept.co.kr/Product/308978417,1,2,ly******,2026.09.11,"블랙_M(66), (미들클래식)롱기장",생각보단 크지만 소재 좋고 품질 좋아요 잘 입을 것 같아요,5.0,"{""사이즈"": ""큼"", ""색상"": ""비슷함"", ""소재"": ""비슷함""}","[""https://media.wconcept.co.kr/review/308978417/308978417_1789125735581.jpeg?RS=300""]"
308920124,하우투러브미,[30%쿠폰] 네아 실키 다트 셔츠[champagne],https://www.wconcept.co.kr/Product/308920124,1,1,bo******,2026.09.11,CHAMPAGNE_FREE,실제로 보는게 더 예쁜 블라우스에요!! 소재도 독특하고 고급미가 뿜뿜입니다,5.0,"{""사이즈"": ""적당함"", ""색상"": ""같음"", ""소재"": ""같음""}","[""https://media.wconcept.co.kr/review/308920124/308920124_1789103405464.jpeg?RS=300""]"
308920124,하우투러브미,[30%쿠폰] 네아 실키 다트 셔츠[champagne],https://www.wconcept.co.kr/Product/308920124,1,2,wh******,2026.09.10,CHAMPAGNE_FREE,색깔 핏 디자인 다 너무너무 예쁨 꾸안꾸로도 꾸꾸로도 다 활용가능해서 더 좋음 니트랑 같이 삿는데 빨리 시원해져서 입고싶음,5.0,"{""사이즈"": ""적당함"", ""색상"": ""같음"", ""소재"": ""같음""}","[""https://media.wconcept.co.kr/review/308920124/308920124_1789020249919.jpg?RS=300""]"
308920124,하우투러브미,[30%쿠폰] 네아 실키 다트 셔츠[champagne],https://www.wconcept.co.kr/Product/308920124,1,3,06******,2026.09.07,CHAMPAGNE_FREE,너무너무 이쁩니다~ 약간 도톰해서 더 맘에 듭니다~,5.0,"{""사이즈"": ""적당함"", ""색상"": ""같음"", ""소재"": ""같음""}","[""https://media.wconcept.co.kr/review/308920124/308920124_1788782990986.jpg?RS=300""]"
308920124,하우투러브미,[30%쿠폰] 네아 실키 다트 셔츠[champagne],https://www.wconcept.co.kr/Product/308920124,1,4,se******,2026.09.03,CHAMPAGNE_FREE,세트바리로 구매했는데 셔츠 활용도 미쳤다 날 분위기 여신으로 만들어쥬쟈냐,5.0,"{""사이즈"": ""적당함"", ""색상"": ""같음"", ""소재"": ""같음""}","[""https://media.wconcept.co.kr/review/308920124/308920124_1788433782552.jpeg?RS=300""]"
308920124,하우투러브미,[30%쿠폰] 네아 실키 다트 셔츠[champagne],https://www.wconcept.co.kr/Product/308920124,1,5,su******,2026.09.03,CHAMPAGNE_FREE,부드러우면서도 너무 얇지 않아 비치지 않아 좋습니다! 큐브라 같은 느낌이에요 ㅎㅎ 같이 코디된 니트를 더 기대했는데 이 블라우스가 더 제게 잘 어울리네요. 너무 크지 않으면서도 적당히 여유가 있어 핏이 너무 예쁩니다. 웜톤에게 색상도 잘 받아서 만족해요 :),5.0,"{""사이즈"": ""적당함"", ""색상"": ""같음"", ""소재"": ""같음""}",[]
308920124,하우투러브미,[30%쿠폰] 네아 실키 다트 셔츠[champagne],https://www.wconcept.co.kr/Product/308920124,1,6,wc******,2026.09.03,CHAMPAGNE_FREE,이 블라우스 촉감이 너무너무 조아요 ! 이거 하나만 입어줘도 고급스럽다 소리 들을거 같아여 😊😆 촉감도 너무 좋고 사이즈도 딱 좋더라구요 스커트나 청바지 다 잘어울려요 안에 나시입고 자켓 느낌으로 입어도 예쁠고 같아여🩷🤍 이 블라우스도 성공적 !!!,5.0,"{""사이즈"": ""적당함"", ""색상"": ""같음"", ""소재"": ""같음""}","[""https://media.wconcept.co.kr/review/308920124/308920124_1788422595334.jpg?RS=300"", ""https://media.wconcept.co.kr/review/308920124/308920124_1788422595210.jpg?RS=300""]"
308890336,씨씨콜렉트,[20%쿠폰] [하린 PICK][CC-Edit] 레더 블루종 점퍼 BR_C264MSJ705,https://www.wconcept.co.kr/Product/308890336,1,1,sa******,2026.09.03,Brown_BR1_55,와우 너무 예뻐요!!! 레더 자켓 많지만 뭔가 핏이 딱 이거다 싶은 게 필요했는데~ 핏이 너무 좋네요... 디쟌이 군더더기 없이 잘 나와서 몸에 적당히 핏되는 이 핏을 확 살려줘요~~ 블루종 스타일이라 자켓 스타일보다 캐주얼한 꾸안꾸 느낌으로 입을 수 있어서 더 좋네요. 이거 하나 딱 걸치면 가을 여자 분위기 완성~~ 빨리 교복템으로 입고 싶네요ㅋㅋ,5.0,"{""사이즈"": ""적당함"", ""색상"": ""같음"", ""소재"": ""같음""}","[""https://media.wconcept.co.kr/review/308890336/308890336_1788421466755.jpg?RS=300""]"
308909473,앤하츠,Satin Lace Midi Skirt_CHARCOAL,https://www.wconcept.co.kr/Product/308909473,1,1,jy******,2026.09.12,S,넘나 이뻐요 부들부들 핏도 기장도 딱이네요 소재도 가을에 잘입을거 같아요 색상이 너무 이쁘고 고급져요,5.0,"{""사이즈"": ""적당함"", ""색상"": ""같음"", ""소재"": ""같음""}","[""https://media.wconcept.co.kr/review/308909473/308909473_1789198670301.jpeg?RS=300""]"
308909473,앤하츠,Satin Lace Midi Skirt_CHARCOAL,https://www.wconcept.co.kr/Product/308909473,1,2,wc******,2026.09.11,S,배송 받은 뒤 다림질 한 번 해야할 거 같아요. 다른 부분은 만족해요.,5.0,"{""사이즈"": ""적당함"", ""색상"": ""같음"", ""소재"": ""같음""}","[""https://media.wconcept.co.kr/review/308909473/308909473_1789130132801.jpg?RS=300""]"
308909473,앤하츠,Satin Lace Midi Skirt_CHARCOAL,https://www.wconcept.co.kr/Product/308909473,1,3,bm******,2026.09.11,M,코디된 티랑 입으려고 주문했어요~ 사이즈 적당히 예뻐요~ 색상도 흔하지 않아 좋아요~,5.0,"{""사이즈"": ""적당함"", ""색상"": ""같음"", ""소재"": ""같음""}","[""https://media.wconcept.co.kr/review/308909473/308909473_1789090782738.jpg?RS=300""]"
308909473,앤하츠,Satin Lace Midi Skirt_CHARCOAL,https://www.wconcept.co.kr/Product/308909473,1,4,va******,2026.09.08,S,새틴같기도 하고 벨벳같기도 하고 오묘한 색감이 너무 예뻐요!,5.0,"{""사이즈"": ""큼"", ""색상"": ""같음"", ""소재"": ""같음""}","[""https://media.wconcept.co.kr/review/308909473/308909473_1788844452425.jpeg?RS=300""]"
308740011,쎄씨,[20%쿠폰] 레이스 슬리브리스 블라우스 아이보리 C129,https://www.wconcept.co.kr/Product/308740011,1,1,jy******,2026.09.08,FREE,이너로 입으면 여리여리해서 목선이 더 예뻐보야요,5.0,"{""사이즈"": ""적당함"", ""색상"": ""같음"", ""소재"": ""같음""}",[]
308740011,쎄씨,[20%쿠폰] 레이스 슬리브리스 블라우스 아이보리 C129,https://www.wconcept.co.kr/Product/308740011,1,2,wc******,2026.09.04,FREE,생각보다길지는 않아요 사이드에 지퍼가있어 실용적이구 이너로 입기 고급져요 코디하기 이쁠거같아요 원단도 좋습니다,5.0,"{""사이즈"": ""적당함"", ""색상"": ""비슷함"", ""소재"": ""같음""}",[]
308740011,쎄씨,[20%쿠폰] 레이스 슬리브리스 블라우스 아이보리 C129,https://www.wconcept.co.kr/Product/308740011,1,3,rl******,2026.08.11,FREE,정말 딱 제가 원하던 디자인이라 고민할거 없이 바로 결재했어요!!! 길이도 사이즈도 찰떡이에요,5.0,"{""사이즈"": ""적당함"", ""색상"": ""같음"", ""소재"": ""같음""}","[""https://media.wconcept.co.kr/review/308740011/308740011_1786444892931.jpeg?RS=300""]"
308740011,쎄씨,[20%쿠폰] 레이스 슬리브리스 블라우스 아이보리 C129,https://www.wconcept.co.kr/Product/308740011,1,4,ma******,2026.08.09,FREE,다 좋은데 살짝 가슴 있는 분들운 불편할거 같네용 ㅎㅎ 그래도 센스 있게 옆지퍼가 있어서 죻아요 ㅎㅎ,5.0,"{""사이즈"": ""작음"", ""색상"": ""같음"", ""소재"": ""같음""}","[""https://media.wconcept.co.kr/review/308740011/308740011_1786201883282.jpeg?RS=300"", ""https://media.wconcept.co.kr/review/308740011/308740011_1786201883233.jpeg?RS=300""]"
308740011,쎄씨,[20%쿠폰] 레이스 슬리브리스 블라우스 아이보리 C129,https://www.wconcept.co.kr/Product/308740011,1,5,pr******,2026.08.05,FREE,생각보다 사이즈 적당하고 이뻐툐 안이 입기 좋아요 맘에도 ㄹ어요,5.0,"{""사이즈"": ""적당함"", ""색상"": ""같음"", ""소재"": ""같음""}","[""https://media.wconcept.co.kr/review/308740011/308740011_1785924805586.jpg?RS=300""]"
308740011,쎄씨,[20%쿠폰] 레이스 슬리브리스 블라우스 아이보리 C129,https://www.wconcept.co.kr/Product/308740011,1,6,ye******,2026.07.28,FREE,생각보다 딱 맞는데 그래도 핏이나 전체적인 느낌이 예뻐요.,5.0,"{""사이즈"": ""작음"", ""색상"": ""비슷함"", ""소재"": ""비슷함""}","[""https://media.wconcept.co.kr/review/308740011/308740011_1785238537604.jpg?RS=300""]"
308886907,틸아이다이,[단 하루!] CASHMERE BLENDED ROUND WOOL KNIT [TIFA04SW07]_Brown,https://www.wconcept.co.kr/Product/308886907,1,1,au******,2026.08.28,BROWN_FREE,브라운 니트 사고 싶었는데 색상도 맘에 들고 캐시미어 혼방이라 부드러워서 잘 입을 것 같아요,5.0,"{""사이즈"": ""적당함"", ""색상"": ""같음"", ""소재"": ""같음""}","[""https://media.wconcept.co.kr/review/308886907/308886907_1787912575092.jpg?RS=300""]"
308886907,틸아이다이,[단 하루!] CASHMERE BLENDED ROUND WOOL KNIT [TIFA04SW07]_Brown,https://www.wconcept.co.kr/Product/308886907,1,2,fe******,2026.08.26,BROWN_FREE,얇고 보들보들해서 입으면 기분 좋아요. 빨리 가을와서 입고 다니고 싶습니다.,5.0,"{""사이즈"": ""적당함"", ""색상"": ""같음"", ""소재"": ""같음""}","[""https://media.wconcept.co.kr/review/308886907/308886907_1787703830798.jpeg?RS=300""]"
308886907,틸아이다이,[단 하루!] CASHMERE BLENDED ROUND WOOL KNIT [TIFA04SW07]_Brown,https://www.wconcept.co.kr/Product/308886907,1,3,mo******,2026.08.23,BROWN_FREE,얊네요 정전기가 걱정이 되긴 하네요 작년에도 이런 니트가 너무 정전기가 심해서 자주 못 입었는데. .,5.0,"{""사이즈"": ""적당함"", ""색상"": ""같음"", ""소재"": ""같음""}",[]
305613843,프론트로우,[앵콜 세일] [Drama Signature] Relaxed Bootcut Trousers_2color,https://www.wconcept.co.kr/Product/305613843,1,1,wc******,2026.09.13,"BLACK, M",입어보니 착용감이 훌륭하고 천도 품질이 좋습니다. 회사와 일상생활에 모두 편하게 잘 입을 수 있을 것 같습니다.,5.0,"{""사이즈"": ""적당함"", ""색상"": ""다름"", ""소재"": ""같음""}",[]
305613843,프론트로우,[앵콜 세일] [Drama Signature] Relaxed Bootcut Trousers_2color,https://www.wconcept.co.kr/Product/305613843,1,2,ki******,2026.09.13,"BLACK, S",핏이 단정하니 예쁩니다 힐을 안신어서 158기준 3센티 줄였어요 정장 느낌으로다가 잘 입을 것 같아요,5.0,"{""사이즈"": ""적당함"", ""색상"": ""같음"", ""소재"": ""같음""}","[""https://media.wconcept.co.kr/review/305613843/305613843_1789281981442.jpeg?RS=300""]"
305613843,프론트로우,[앵콜 세일] [Drama Signature] Relaxed Bootcut Trousers_2color,https://www.wconcept.co.kr/Product/305613843,1,3,fo******,2026.09.12,"BLACK, M",리뷰가 많은 이유가 있네요. 평소 29입는데 사이즈 딱 맞고 너무 날씬해 보여요. 소재는 여름빼고 다 가능할것 같아요,5.0,"{""사이즈"": ""적당함"", ""색상"": ""같음"", ""소재"": ""같음""}",[]
305613843,프론트로우,[앵콜 세일] [Drama Signature] Relaxed Bootcut Trousers_2color,https://www.wconcept.co.kr/Product/305613843,1,4,wc******,2026.09.11,"BLACK, XS",허리가 아주 얇은 마른 체형이면 xs이 전체적으로 잘 맞아요 그래도 허리 커서 벨트 했고 길이는 한단 줄여야할지 바닥 청소하고 다닐지 고민되긴 합니다,4.0,"{""사이즈"": ""적당함"", ""색상"": ""같음"", ""소재"": ""같음""}","[""https://media.wconcept.co.kr/review/305613843/305613843_1789077903942.jpeg?RS=300""]"
305613843,프론트로우,[앵콜 세일] [Drama Signature] Relaxed Bootcut Trousers_2color,https://www.wconcept.co.kr/Product/305613843,1,5,g5******,2026.09.10,"BLACK, M",봄여름버전 사고 넘 잘 입어서 가을버전 나오기 기다렸다가 구매했어요. 두 개 구입했습니다. 다리가 상대적으로 날씬해보이고 예쁜 실루엣입니다. 저의 체형에 딱 맞아요. 소재도 신축성이 좋아 편합니다. 단점은 잘 늘어나요. 그래도 단점을 감안할 만큼 마음에 드는 옷입니다.,5.0,"{""사이즈"": ""적당함"", ""색상"": ""같음"", ""소재"": ""같음""}","[""https://media.wconcept.co.kr/review/305613843/305613843_1789003748255.jpg?RS=300""]"
305613843,프론트로우,[앵콜 세일] [Drama Signature] Relaxed Bootcut Trousers_2color,https://www.wconcept.co.kr/Product/305613843,1,6,g5******,2026.09.10,"BLACK, M",봄여름버전 사고 넘 잘 입어서 가을버전 나오기 기다렸다가 구매했어요. 다리가 상대적으로 날씬해보이고 예쁜 실루엣입니다. 저의 체형에 딱 맞아요. 소재도 신축성이 좋아 편합니다. 단점은 잘 늘어나요. 그래도 단점을 감안할 만큼 마음에 드는 옷입니다.,5.0,"{""사이즈"": ""적당함"", ""색상"": ""같음"", ""소재"": ""같음""}","[""https://media.wconcept.co.kr/review/305613843/305613843_1789003717843.jpg?RS=300""]"
305613843,프론트로우,[앵콜 세일] [Drama Signature] Relaxed Bootcut Trousers_2color,https://www.wconcept.co.kr/Product/305613843,2,7,an******,2026.09.08,"BLACK, XS",벌써 4개째 구매한 찐 애정템이에요 찰랑찰랑해여,5.0,"{""사이즈"": ""적당함"", ""색상"": ""같음"", ""소재"": ""비슷함""}","[""https://media.wconcept.co.kr/review/305613843/305613843_1788821642883.jpeg?RS=300""]"
305613843,프론트로우,[앵콜 세일] [Drama Signature] Relaxed Bootcut Trousers_2color,https://www.wconcept.co.kr/Product/305613843,2,8,an******,2026.09.08,"BLACK, XS",벌써 4개째 구매한 찐 애정템이에요 찰랑찰랑해여,5.0,"{""사이즈"": ""적당함"", ""색상"": ""같음"", ""소재"": ""비슷함""}","[""https://media.wconcept.co.kr/review/305613843/305613843_1788821562399.jpeg?RS=300""]"
305613843,프론트로우,[앵콜 세일] [Drama Signature] Relaxed Bootcut Trousers_2color,https://www.wconcept.co.kr/Product/305613843,2,9,si******,2026.09.03,"BLACK, M",허리가 좀 크지만 전체적인 핏이 너무 예뻐요 다리가 길어보입니다 질도 좋고 구김도 잘 안 가고 가격값 하는 것 같아요,5.0,"{""사이즈"": ""적당함"", ""색상"": ""같음"", ""소재"": ""같음""}",[]
305613843,프론트로우,[앵콜 세일] [Drama Signature] Relaxed Bootcut Trousers_2color,https://www.wconcept.co.kr/Product/305613843,2,10,ss******,2026.08.29,"BLACK, L",기장도 핏도 소재까지 다 마음에 드는 사계절용 기본 블랙팬츠예요!! 두루두루 잘 입을 것 같아요,5.0,"{""사이즈"": ""적당함"", ""색상"": ""같음"", ""소재"": ""같음""}",[]
305613843,프론트로우,[앵콜 세일] [Drama Signature] Relaxed Bootcut Trousers_2color,https://www.wconcept.co.kr/Product/305613843,2,11,10******,2026.08.28,"BROWN, L",색깔이 진짜 예뻐요 보기 드문 밝은 코코아색인거 같아요 🤎,5.0,"{""사이즈"": ""큼"", ""색상"": ""같음"", ""소재"": ""같음""}","[""https://media.wconcept.co.kr/review/305613843/305613843_1787920917888.jpeg?RS=300""]"
305613843,프론트로우,[앵콜 세일] [Drama Signature] Relaxed Bootcut Trousers_2color,https://www.wconcept.co.kr/Product/305613843,2,12,ny******,2026.08.27,"BLACK, M",생각보다 여름에도 입을수 있는 재질이네요. 까실한 느낌 있습니다. 핏은 괜찮은 편입니다,5.0,"{""사이즈"": ""적당함"", ""색상"": ""비슷함"", ""소재"": ""비슷함""}",[]
305613843,프론트로우,[앵콜 세일] [Drama Signature] Relaxed Bootcut Trousers_2color,https://www.wconcept.co.kr/Product/305613843,3,13,eg******,2026.08.22,"BLACK, XS",찰랑찰랑한 소재로 넘 맘에듭니다. 한겨울빼고 사계절 다 괜찮어요.,5.0,"{""사이즈"": ""적당함"", ""색상"": ""같음"", ""소재"": ""같음""}",[]
305613843,프론트로우,[앵콜 세일] [Drama Signature] Relaxed Bootcut Trousers_2color,https://www.wconcept.co.kr/Product/305613843,3,14,mi******,2026.08.20,"BLACK, L",고민하다가 리뷰보고 샀는데 마음에 들어요 차르르 떨어지는데 그렇다고 해서 힘 없는 소재는 아닌 것 같아요! 원단도 괜찮은 것 같고 오래 잘 입을 것 같아요!,5.0,"{""사이즈"": ""적당함"", ""색상"": ""같음"", ""소재"": ""같음""}",[]
305613843,프론트로우,[앵콜 세일] [Drama Signature] Relaxed Bootcut Trousers_2color,https://www.wconcept.co.kr/Product/305613843,3,15,me******,2026.08.06,"BLACK, M",조금 크지만 더운날 들러붙는게 싫어서 여유있게 입고 싶어 미듐 적당합니다. 원단이 좋네요 블라우스오ㅏ 함께 잘 입게될것 같아요.,5.0,"{""사이즈"": ""큼"", ""색상"": ""같음"", ""소재"": ""같음""}","[""https://media.wconcept.co.kr/review/305613843/305613843_1786021715173.jpeg?RS=300""]"
305613843,프론트로우,[앵콜 세일] [Drama Signature] Relaxed Bootcut Trousers_2color,https://www.wconcept.co.kr/Product/305613843,3,16,jr******,2026.07.30,"BLACK, M",고급스러운 정장바지입니다 마음에들어요~~,5.0,"{""사이즈"": ""적당함"", ""색상"": ""같음"", ""소재"": ""같음""}",[]
305613843,프론트로우,[앵콜 세일] [Drama Signature] Relaxed Bootcut Trousers_2color,https://www.wconcept.co.kr/Product/305613843,3,17,zl******,2026.07.24,"BLACK, XS",하나사고 좋아서 하나 더 구매해요~허리 26인데 딱맞아요,5.0,"{""사이즈"": ""적당함"", ""색상"": ""같음"", ""소재"": ""비슷함""}","[""https://media.wconcept.co.kr/review/305613843/305613843_1784833535259.jpeg?RS=300""]"
305613843,프론트로우,[앵콜 세일] [Drama Signature] Relaxed Bootcut Trousers_2color,https://www.wconcept.co.kr/Product/305613843,3,18,vi******,2026.07.21,"BLACK, M",와이드팬츠랑 슬림부츠컷 입다가 이번엔 릴랙스 핏으로 구매했어요 세번째 프론트로우네요. 슬림핏을 꽤오래 애착팬츠로 입었더니 원단 특성때문인지 엉덩이 부분이 할머니 고쟁이처럼 늘어나고 허벅지안쪽에 보풀이 생기더라구요 슬픔😭 사이즈는 상세사이즈 그대로고 특유의 찰랑거리고 찹찹한 느낌이 몸을타고 흘러서 날씬해보여요. 슬림핏 보단 확실히 봤을때 여유감이 있어요. 그치만 일반 부추컷보다 날씬해보이구요. 몇년 또 잘입겠어요.,5.0,"{""사이즈"": ""적당함"", ""색상"": ""같음"", ""소재"": ""같음""}","[""https://media.wconcept.co.kr/review/305613843/305613843_1784630433202.jpg?RS=300""]"
308903586,르메메,"[13+5%쿠폰] [단독][유하,예리 pick]Mouchou High Neck Leather Jumper_Brown",https://www.wconcept.co.kr/Product/308903586,1,1,ha******,2026.08.26,Black_S,가을맞이 레더자켓 샀어용 역시 르메메ㅎㅎ 맘에 듭니당 생각보다 가벼워용,5.0,"{""사이즈"": ""적당함"", ""색상"": ""비슷함"", ""소재"": ""비슷함""}","[""https://media.wconcept.co.kr/review/308189060/308189060_1787745231243.jpg?RS=300""]"
308903586,르메메,"[13+5%쿠폰] [단독][유하,예리 pick]Mouchou High Neck Leather Jumper_Brown",https://www.wconcept.co.kr/Product/308903586,1,2,re******,2026.08.25,Black_S,눈여겨 보다가 세일할 때 득템했어요. 루즈핏으로 입고 싶어서 사이즈 고민을 많이 했는데 s도 적당히 루즈해서 괜찮아요. 좀 더 멋스러운 느낌은 미디움 이었을 거 같아요. 약간 아쉽지만 그래도 디자인이 이뻐 교환없이 품습니다!,5.0,"{""사이즈"": ""적당함"", ""색상"": ""비슷함"", ""소재"": ""비슷함""}","[""https://media.wconcept.co.kr/review/308189060/308189060_1787651835297.jpeg?RS=300""]"
308903586,르메메,"[13+5%쿠폰] [단독][유하,예리 pick]Mouchou High Neck Leather Jumper_Brown",https://www.wconcept.co.kr/Product/308903586,1,3,eu******,2026.08.02,Ivory_S,박시하지만 멋스러운 핏이네요 잘 구매한것 같아 좋아요,5.0,"{""사이즈"": ""적당함"", ""색상"": ""같음"", ""소재"": ""같음""}",[]
308903586,르메메,"[13+5%쿠폰] [단독][유하,예리 pick]Mouchou High Neck Leather Jumper_Brown",https://www.wconcept.co.kr/Product/308903586,1,4,rc******,2026.07.09,Black_S,"상품 너무 좋아요, 너무 좋아요, 너무 좋아요, 잘 어울려요",5.0,"{""사이즈"": ""적당함"", ""색상"": ""같음"", ""소재"": ""같음""}",[]
308903586,르메메,"[13+5%쿠폰] [단독][유하,예리 pick]Mouchou High Neck Leather Jumper_Brown",https://www.wconcept.co.kr/Product/308903586,1,5,ya******,2026.06.24,Ivory_S,구매하고 싶어서 눈여겨보고 있었는데. 세일해서 바로 구매했어요. 넘 예쁩니다.,4.0,"{""사이즈"": ""적당함"", ""색상"": ""같음"", ""소재"": ""같음""}","[""https://media.wconcept.co.kr/review/308189062/308189062_1782289716709.jpg?RS=300""]"
308903586,르메메,"[13+5%쿠폰] [단독][유하,예리 pick]Mouchou High Neck Leather Jumper_Brown",https://www.wconcept.co.kr/Product/308903586,1,6,sh******,2026.06.24,Black_S,재질이 유연해서 조심히 입어야겠지만 이뻐요 하이넥으로 입는게 더 이쁘네요 배송빠르게 와서 여행때 맞춰 잘입었습니다,5.0,"{""사이즈"": ""적당함"", ""색상"": ""비슷함"", ""소재"": ""비슷함""}","[""https://media.wconcept.co.kr/review/308189060/308189060_1782264375154.jpeg?RS=300""]"
308903586,르메메,"[13+5%쿠폰] [단독][유하,예리 pick]Mouchou High Neck Leather Jumper_Brown",https://www.wconcept.co.kr/Product/308903586,2,7,hg******,2026.06.22,Ivory_S,멋스럽죠 인조지만 요즘엔 참 잘 나오는거 같아요 냄세는 약간 나지만 금방 없어지구요 좀 더 질나면 더 예쁠거 같아요,5.0,"{""사이즈"": ""큼"", ""색상"": ""같음"", ""소재"": ""같음""}",[]
308903586,르메메,"[13+5%쿠폰] [단독][유하,예리 pick]Mouchou High Neck Leather Jumper_Brown",https://www.wconcept.co.kr/Product/308903586,2,8,ym******,2026.06.10,Black_S,루즈한느낌이길래 그냥 스몰했는데 저는 덩치가있어서 m으로 주문할걸 살짝 후회가되네요ㅠ 옷자체는 예쁩니다.,5.0,"{""사이즈"": ""적당함"", ""색상"": ""같음"", ""소재"": ""비슷함""}",[]
308903586,르메메,"[13+5%쿠폰] [단독][유하,예리 pick]Mouchou High Neck Leather Jumper_Brown",https://www.wconcept.co.kr/Product/308903586,2,9,lh******,2026.06.08,Black_S,후뚜루 마뚜루 입을 수 있을 것 같아서 세일할때 구매했습니다. 정사이즈보다 약간 커요,5.0,"{""사이즈"": ""적당함"", ""색상"": ""비슷함"", ""소재"": ""비슷함""}","[""https://media.wconcept.co.kr/review/308189060/308189060_1780898339121.jpeg?RS=300""]"
308903586,르메메,"[13+5%쿠폰] [단독][유하,예리 pick]Mouchou High Neck Leather Jumper_Brown",https://www.wconcept.co.kr/Product/308903586,2,10,le******,2026.06.04,Ivory_M,사놓고 한번도 못 입었어요 예쁜 크림색이고 핏도 무난해요 그런데 .. 바보같이 진짜 가죽인줄 알고 샀는데 아니었네여 여름앤 더워서 개시 못할테니 가을을 기다려 볼게여 이브랜드 두번째 구매 해봅니다 괜찮은 거 같아요,5.0,"{""사이즈"": ""적당함"", ""색상"": ""비슷함"", ""소재"": ""비슷함""}","[""https://media.wconcept.co.kr/review/308189062/thumbnail/10521379_308189062_1780543678465.jpg?RS=300"", ""https://media.wconcept.co.kr/review/308189062/308189062_1780543678340.jpg?RS=300""]"
308903586,르메메,"[13+5%쿠폰] [단독][유하,예리 pick]Mouchou High Neck Leather Jumper_Brown",https://www.wconcept.co.kr/Product/308903586,2,11,so******,2026.06.04,Black_S,구매해서 덥기 전까지 매일 입었어요 가울되면 자주 입을예정이에요,5.0,"{""사이즈"": ""적당함"", ""색상"": ""같음"", ""소재"": ""같음""}",[]
308903586,르메메,"[13+5%쿠폰] [단독][유하,예리 pick]Mouchou High Neck Leather Jumper_Brown",https://www.wconcept.co.kr/Product/308903586,2,12,as******,2026.06.03,Ivory_S,적당한 오버핏이고 진짜 대대존예입니다 ㅠㅠ 가을 되면 블랙도 하나 살려구요 !!,5.0,"{""사이즈"": ""큼"", ""색상"": ""같음"", ""소재"": ""같음""}","[""https://media.wconcept.co.kr/review/308189062/308189062_1780490246087.jpeg?RS=300""]"
308903586,르메메,"[13+5%쿠폰] [단독][유하,예리 pick]Mouchou High Neck Leather Jumper_Brown",https://www.wconcept.co.kr/Product/308903586,3,13,al******,2026.06.03,Ivory_M,입기엔 늦게샀지만 너무 예뻐서 마음에 들어요! 가을부터 열심히 입울거예요,5.0,"{""사이즈"": ""적당함"", ""색상"": ""같음"", ""소재"": ""같음""}",[]
308903586,르메메,"[13+5%쿠폰] [단독][유하,예리 pick]Mouchou High Neck Leather Jumper_Brown",https://www.wconcept.co.kr/Product/308903586,3,14,br******,2026.06.02,Black_S,체구가 작은데 오버핏 자켓이 너무 커보이지 않고 어느 하의든 다 잘어울려요 하이넥이라 더 코디하기 쉬운거같아요,5.0,"{""사이즈"": ""큼"", ""색상"": ""같음"", ""소재"": ""같음""}",[]
308903586,르메메,"[13+5%쿠폰] [단독][유하,예리 pick]Mouchou High Neck Leather Jumper_Brown",https://www.wconcept.co.kr/Product/308903586,3,15,sh******,2026.05.27,Black_S,사진이랑 똑같고 여기저기 잘 입을거 같아요. 이뻐요^^,5.0,"{""사이즈"": ""적당함"", ""색상"": ""같음"", ""소재"": ""같음""}",[]
308903586,르메메,"[13+5%쿠폰] [단독][유하,예리 pick]Mouchou High Neck Leather Jumper_Brown",https://www.wconcept.co.kr/Product/308903586,3,16,ha******,2026.05.22,Ivory_S,"옷은 디자인, 마감 다 만족해요. 르메르 옷은 항상 만족해요. 다만 핏이 조금 크긴해요.",5.0,"{""사이즈"": ""큼"", ""색상"": ""같음"", ""소재"": ""같음""}","[""https://media.wconcept.co.kr/review/308189062/thumbnail/10388730_308189062_1779411455278.jpg?RS=300""]"
308903586,르메메,"[13+5%쿠폰] [단독][유하,예리 pick]Mouchou High Neck Leather Jumper_Brown",https://www.wconcept.co.kr/Product/308903586,3,17,yu******,2026.05.21,Ivory_M,레더 자켓 좋아해서 여러개 있는데 하이넥 더블버튼 레더자켓이 눈에 들어와서 구매했어요 트레이닝복에도 스커트에도 무난하게 잘 어울리구 예뻐용,5.0,"{""사이즈"": ""큼"", ""색상"": ""비슷함"", ""소재"": ""비슷함""}","[""https://media.wconcept.co.kr/review/308189062/308189062_1779331611539.jpeg?RS=300""]"
308903586,르메메,"[13+5%쿠폰] [단독][유하,예리 pick]Mouchou High Neck Leather Jumper_Brown",https://www.wconcept.co.kr/Product/308903586,3,18,wk******,2026.05.19,Black_S,너무 예뻐요 세일하길래 미리 사두었습니다 가을에 입어야겠어요,5.0,"{""사이즈"": ""큼"", ""색상"": ""같음"", ""소재"": ""비슷함""}",[]
306040949,유메르,[한정특가] [단독] 줄리아 브이 니트 (Grey),https://www.wconcept.co.kr/Product/306040949,1,1,ji******,2026.09.13,그레이 F,가을맞이 그레이 니트 쇼핑했는데 만족해요. 자주 입어야지,5.0,"{""사이즈"": ""적당함"", ""색상"": ""같음"", ""소재"": ""같음""}","[""https://media.wconcept.co.kr/review/306040949/306040949_1789304880481.jpg?RS=300""]"
306040949,유메르,[한정특가] [단독] 줄리아 브이 니트 (Grey),https://www.wconcept.co.kr/Product/306040949,1,2,go******,2026.09.13,그레이 F,생각보다 부드럽워요. 입으면 더 예뻐보이네요~,5.0,"{""사이즈"": ""적당함"", ""색상"": ""같음"", ""소재"": ""같음""}","[""https://media.wconcept.co.kr/review/306040949/306040949_1789282737078.jpg?RS=300""]"
306040949,유메르,[한정특가] [단독] 줄리아 브이 니트 (Grey),https://www.wconcept.co.kr/Product/306040949,1,3,wc******,2026.09.13,그레이 F,기본니트라서 활용도가 좋을 것 같아요. 소재도 좋아요.,5.0,"{""사이즈"": ""적당함"", ""색상"": ""같음"", ""소재"": ""비슷함""}","[""https://media.wconcept.co.kr/review/306040949/306040949_1789270062317.jpg?RS=300""]"
306040949,유메르,[한정특가] [단독] 줄리아 브이 니트 (Grey),https://www.wconcept.co.kr/Product/306040949,1,4,wc******,2026.09.12,그레이 F,유메르 니트 세일해서 정말 득템 모델핏처럼 레이어드해서 입으니 이뻐요,5.0,"{""사이즈"": ""적당함"", ""색상"": ""같음"", ""소재"": ""같음""}",[]
306040949,유메르,[한정특가] [단독] 줄리아 브이 니트 (Grey),https://www.wconcept.co.kr/Product/306040949,1,5,cj******,2026.09.12,그레이 F,가격도 맘에 들고 스타일 소재 다 맘에 들어요. 잘입을께욤~,5.0,"{""사이즈"": ""적당함"", ""색상"": ""같음"", ""소재"": ""같음""}","[""https://media.wconcept.co.kr/review/306040949/306040949_1789194290719.jpg?RS=300""]"
306040949,유메르,[한정특가] [단독] 줄리아 브이 니트 (Grey),https://www.wconcept.co.kr/Product/306040949,1,6,ki******,2026.09.12,그레이 F,클까봐 걱정했는데 사이즈 괜찮아요! 빨리 입고파요,5.0,"{""사이즈"": ""적당함"", ""색상"": ""같음"", ""소재"": ""같음""}","[""https://media.wconcept.co.kr/review/306040949/306040949_1789172970075.jpeg?RS=300""]"
306040949,유메르,[한정특가] [단독] 줄리아 브이 니트 (Grey),https://www.wconcept.co.kr/Product/306040949,2,7,gr******,2026.09.11,그레이 F,팔부분이 너무 커서 소매올리기에 아주 애매합니다. 단독보다 셔츠와 반드시 레이어드 해서 입으면 좋을 것 같아요~,5.0,"{""사이즈"": ""적당함"", ""색상"": ""비슷함"", ""소재"": ""비슷함""}","[""https://media.wconcept.co.kr/review/306040949/306040949_1789132981218.jpeg?RS=300""]"
306040949,유메르,[한정특가] [단독] 줄리아 브이 니트 (Grey),https://www.wconcept.co.kr/Product/306040949,2,8,di******,2026.09.10,그레이 F,옷 아주 맘에 들어요. 세일을 많이 해서 가격도 맘에 들고요.,5.0,"{""사이즈"": ""큼"", ""색상"": ""같음"", ""소재"": ""비슷함""}","[""https://media.wconcept.co.kr/review/306040949/306040949_1789031194608.jpg?RS=300""]"
306040949,유메르,[한정특가] [단독] 줄리아 브이 니트 (Grey),https://www.wconcept.co.kr/Product/306040949,2,9,wc******,2026.09.10,그레이 F,생각보다 길이가 짧은데 넘 보드랍고 예쁜핏이네요. 베이지색도 사러갑니다!,5.0,"{""사이즈"": ""적당함"", ""색상"": ""같음"", ""소재"": ""같음""}",[]
306040949,유메르,[한정특가] [단독] 줄리아 브이 니트 (Grey),https://www.wconcept.co.kr/Product/306040949,2,10,bs******,2026.09.10,그레이 F,오버핏은 아닌것같아요 정핏 레귤러핏 정도 소재가 톡톡해서 무게감있고 따뜻해요 깊지않은 v neck 이라 손이 잘갈듯 해요 하나만 입기 좋아요!!,5.0,"{""사이즈"": ""적당함"", ""색상"": ""같음"", ""소재"": ""같음""}","[""https://media.wconcept.co.kr/review/306040949/306040949_1789021010873.jpg?RS=300""]"
306040949,유메르,[한정특가] [단독] 줄리아 브이 니트 (Grey),https://www.wconcept.co.kr/Product/306040949,2,11,jw******,2026.09.10,그레이 F,유메르 니트를 이 가격에 살수 있다니 해서 얼릉 구입했어요 촉감도 부드럽고 길이도 적당해요 다만 제가 팔이 긴편인데도 팔길이가 좀 길고 소매통이 좀 넓긴하네요 그래도 이 가격이면 좋은 선택이라 생각합니다~~^^,5.0,"{""사이즈"": ""적당함"", ""색상"": ""비슷함"", ""소재"": ""같음""}","[""https://media.wconcept.co.kr/review/306040949/306040949_1788994997772.jpg?RS=300""]"
306040949,유메르,[한정특가] [단독] 줄리아 브이 니트 (Grey),https://www.wconcept.co.kr/Product/306040949,2,12,sa******,2026.09.10,그레이 F,피부 예민한 편인데 부드럽고 사이즈도 적당하고 색감도 예쁘네요,5.0,"{""사이즈"": ""적당함"", ""색상"": ""같음"", ""소재"": ""비슷함""}","[""https://media.wconcept.co.kr/review/306040949/306040949_1788966264683.jpg?RS=300""]"
306040949,유메르,[한정특가] [단독] 줄리아 브이 니트 (Grey),https://www.wconcept.co.kr/Product/306040949,3,13,wc******,2026.09.09,그레이 F,소재가 너무 부드럽고 가벼워요. 세일하길래 냅다 샀는데 잘 산 것 같아요. 이뻐요.,5.0,"{""사이즈"": ""적당함"", ""색상"": ""같음"", ""소재"": ""같음""}","[""https://media.wconcept.co.kr/review/306040949/306040949_1788950143532.jpg?RS=300""]"
306040949,유메르,[한정특가] [단독] 줄리아 브이 니트 (Grey),https://www.wconcept.co.kr/Product/306040949,3,14,zi******,2026.09.09,그레이 F,소재는 좋은데 밑단 시보리가 넉넉하면 핏이 더 이쁠듯,4.0,"{""사이즈"": ""작음"", ""색상"": ""비슷함"", ""소재"": ""비슷함""}",[]
306040949,유메르,[한정특가] [단독] 줄리아 브이 니트 (Grey),https://www.wconcept.co.kr/Product/306040949,3,15,qh******,2026.09.09,그레이 F,너무너무 착한 가격에 니트를 완전 대만족. 진짜 핏도 재질도 너무 좋아요.,5.0,"{""사이즈"": ""적당함"", ""색상"": ""같음"", ""소재"": ""같음""}","[""https://media.wconcept.co.kr/review/306040949/306040949_1788933675509.jpeg?RS=300""]"
306040949,유메르,[한정특가] [단독] 줄리아 브이 니트 (Grey),https://www.wconcept.co.kr/Product/306040949,3,16,wc******,2026.09.09,그레이 F,도톰하고 좋아요. 옷이 크지 않아서 사이즈 잘보고 사는게 좋을것같아요,5.0,"{""사이즈"": ""작음"", ""색상"": ""비슷함"", ""소재"": ""비슷함""}",[]
306040949,유메르,[한정특가] [단독] 줄리아 브이 니트 (Grey),https://www.wconcept.co.kr/Product/306040949,3,17,pi******,2026.09.09,그레이 F,"기본으로 좋고, 팔통이 크기는 한데 더 예쁜것 같아요.",5.0,"{""사이즈"": ""적당함"", ""색상"": ""같음"", ""소재"": ""같음""}","[""https://media.wconcept.co.kr/review/306040949/306040949_1788921841739.jpg?RS=300""]"
306040949,유메르,[한정특가] [단독] 줄리아 브이 니트 (Grey),https://www.wconcept.co.kr/Product/306040949,3,18,ma******,2026.09.09,그레이 F,"세일할 때 샀어요 핏 넘 좋고 색감도 예뻐요 예정에 근데 유메르 니트 보풀 개쩌는 거 있었는데,, 네이비,, 이거는 다른 상품인 거 같은데 보풀없길...",5.0,"{""사이즈"": ""적당함"", ""색상"": ""같음"", ""소재"": ""같음""}","[""https://media.wconcept.co.kr/review/306040949/306040949_1788884357014.jpg?RS=300""]"
308146744,바시카,[20%쿠폰] 라운드 카라 스웨이드 봄버 자켓_brown,https://www.wconcept.co.kr/Product/308146744,1,1,gr******,2026.09.10,S,딱 정사이즈로 나온 옷 같아요. 원피스 위에 입으면 예쁩니다.,5.0,"{""사이즈"": ""적당함"", ""색상"": ""같음"", ""소재"": ""비슷함""}",[]
308146744,바시카,[20%쿠폰] 라운드 카라 스웨이드 봄버 자켓_brown,https://www.wconcept.co.kr/Product/308146744,1,2,ye******,2026.09.10,M,제가 팔이 좀 긴편이라 걱정했는데 잘맞더라구오!! 가을아우터로 딱이에용..♡,5.0,"{""사이즈"": ""적당함"", ""색상"": ""같음"", ""소재"": ""비슷함""}","[""https://media.wconcept.co.kr/review/308146744/308146744_1788996548339.jpg?RS=300""]"
308146744,바시카,[20%쿠폰] 라운드 카라 스웨이드 봄버 자켓_brown,https://www.wconcept.co.kr/Product/308146744,1,3,wc******,2026.09.06,M,소매가 좀 길지만 멋스럽게 입어봐아죠~~ 얼른 날씨가 시원해져서 입어보고 싶어요~스타일은 좋네요!,5.0,"{""사이즈"": ""적당함"", ""색상"": ""같음"", ""소재"": ""비슷함""}","[""https://media.wconcept.co.kr/review/308146744/308146744_1788677653925.jpg?RS=300""]"
308146744,바시카,[20%쿠폰] 라운드 카라 스웨이드 봄버 자켓_brown,https://www.wconcept.co.kr/Product/308146744,1,4,zu******,2026.08.21,S,생각했던것보다 소재가 가볍고 부드러워서 좋았어요 작은 체구임에도 사이즈 핏 기장감. 적당히 괜찮았구요 다만 소매가 조금 길고 소매끝 품이 좀 크다는게 아쉬웠네요 그래도 만족하며 잘 입을것 같아요,5.0,"{""사이즈"": ""적당함"", ""색상"": ""같음"", ""소재"": ""같음""}",[]
308146744,바시카,[20%쿠폰] 라운드 카라 스웨이드 봄버 자켓_brown,https://www.wconcept.co.kr/Product/308146744,1,5,wc******,2026.08.21,S,"오버핏은 아님, 잠그면 허리부분 쫄림, 예뻐요. 가을 분위기 물씬, 바지랑 치마랑 다 잘어울릴듯",5.0,"{""사이즈"": ""적당함"", ""색상"": ""같음"", ""소재"": ""같음""}","[""https://media.wconcept.co.kr/review/308146744/308146744_1787276103938.jpg?RS=300""]"
308146744,바시카,[20%쿠폰] 라운드 카라 스웨이드 봄버 자켓_brown,https://www.wconcept.co.kr/Product/308146744,1,6,tr******,2026.08.21,S,완전 농협은행 적당히 두툼해요 색상이 미쳤어요 핏도예뻐요,5.0,"{""사이즈"": ""적당함"", ""색상"": ""같음"", ""소재"": ""같음""}","[""https://media.wconcept.co.kr/review/308146744/308146744_1787269756871.jpg?RS=300"", ""https://media.wconcept.co.kr/review/308146744/308146744_1787269756785.jpg?RS=300""]"
308146744,바시카,[20%쿠폰] 라운드 카라 스웨이드 봄버 자켓_brown,https://www.wconcept.co.kr/Product/308146744,2,7,ch******,2026.08.20,S,"사이즈 고민 많이했는데, 마르신분이나 평범이신분들은 스몰입으셔도 여유있으실거에요!! 제가 상체부자인데 여유로워용 컬러 실물이훨씬이쁘네요",5.0,"{""사이즈"": ""적당함"", ""색상"": ""같음"", ""소재"": ""같음""}","[""https://media.wconcept.co.kr/review/308146744/308146744_1787220859693.jpeg?RS=300""]"
308146744,바시카,[20%쿠폰] 라운드 카라 스웨이드 봄버 자켓_brown,https://www.wconcept.co.kr/Product/308146744,2,8,mi******,2026.07.09,S,약간 무게감이 있는데 살짝 오버핏으로 괜찮아요 세일해서 샀어요,4.0,"{""사이즈"": ""적당함"", ""색상"": ""같음"", ""소재"": ""같음""}",[]
308146744,바시카,[20%쿠폰] 라운드 카라 스웨이드 봄버 자켓_brown,https://www.wconcept.co.kr/Product/308146744,2,9,ql******,2026.06.30,S,배송은 느렸지만 옷은 너무 예쁘고 만족스러워요,5.0,"{""사이즈"": ""큼"", ""색상"": ""같음"", ""소재"": ""같음""}",[]
308146744,바시카,[20%쿠폰] 라운드 카라 스웨이드 봄버 자켓_brown,https://www.wconcept.co.kr/Product/308146744,2,10,ro******,2026.06.23,S,너무 크지 않은 스탠다드 핏의 스웨이드 자켓 구매하고 싶었는데 사이즈가 딱 좋았어요. 얇아서 간절기에 입기 좋아요.,5.0,"{""사이즈"": ""적당함"", ""색상"": ""비슷함"", ""소재"": ""비슷함""}","[""https://media.wconcept.co.kr/review/308146744/308146744_1782141561359.jpg?RS=300""]"
308146744,바시카,[20%쿠폰] 라운드 카라 스웨이드 봄버 자켓_brown,https://www.wconcept.co.kr/Product/308146744,2,11,ds******,2026.06.21,S,넘 맘에 들어요 체구 작은 분이면 딱입니다 가을에 입을 거예여,5.0,"{""사이즈"": ""적당함"", ""색상"": ""같음"", ""소재"": ""같음""}",[]
308146744,바시카,[20%쿠폰] 라운드 카라 스웨이드 봄버 자켓_brown,https://www.wconcept.co.kr/Product/308146744,2,12,al******,2026.06.04,M,어디에나 잘어울리고 예쁜색감이에요 가볍습니다,5.0,"{""사이즈"": ""적당함"", ""색상"": ""같음"", ""소재"": ""같음""}","[""https://media.wconcept.co.kr/review/308146744/308146744_1780551020571.jpg?RS=300""]"
308146744,바시카,[20%쿠폰] 라운드 카라 스웨이드 봄버 자켓_brown,https://www.wconcept.co.kr/Product/308146744,3,13,ki******,2026.05.29,S,44반 사이즈인데 크지도 작지도 않고 딱 맞네요 다른 제품들처럼 너무 오버사이즈가 아니라 좋은데 조금만 더 여유있었으면 좋았을거 같아요 두께도 적당히 얇고 맘에 들어요,5.0,"{""사이즈"": ""적당함"", ""색상"": ""비슷함"", ""소재"": ""비슷함""}",[]
308146744,바시카,[20%쿠폰] 라운드 카라 스웨이드 봄버 자켓_brown,https://www.wconcept.co.kr/Product/308146744,3,14,10******,2026.05.24,S,여행갈 때 입으려고 샀는데 배송이 정말이지 너무 오래 걸려서 여행 때도 못 입고 날이 금방 따뜻해지는 바람에 도착하자마자 입어보고 다시 옷장행...사이즈는 맞긴한데 잠궈도 풀어도 몬가 엉상한 폼이 차라리 한사이즈 크게 입는게 맞을듯,3.0,"{""사이즈"": ""적당함"", ""색상"": ""같음"", ""소재"": ""같음""}","[""https://media.wconcept.co.kr/review/308146744/308146744_1779599624165.jpg?RS=300""]"
308146744,바시카,[20%쿠폰] 라운드 카라 스웨이드 봄버 자켓_brown,https://www.wconcept.co.kr/Product/308146744,3,15,tj******,2026.05.12,M,선물했는데 좋아합니다~~!사진이랑 비슷해요.,5.0,"{""사이즈"": ""적당함"", ""색상"": ""비슷함"", ""소재"": ""비슷함""}","[""https://media.wconcept.co.kr/review/308146744/308146744_1778577691490.jpeg?RS=300""]"
308146744,바시카,[20%쿠폰] 라운드 카라 스웨이드 봄버 자켓_brown,https://www.wconcept.co.kr/Product/308146744,3,16,fe******,2026.05.09,S,생각보다 도톰해요! 그래서 전 좋았어요 ㅎㅎ 겨울에서 봄 넘어갈때 잘 입었고 색깔은 제 사진보단 어두워요! 쿨톤이라 컬러가 넘 고민댓는데 솔직히 잘어울리는 컬러는 아닙니다 …만! 그냥 주미니 언니가 입은게 이뻐서 품엇어용 ㅎ,5.0,"{""사이즈"": ""적당함"", ""색상"": ""비슷함"", ""소재"": ""비슷함""}","[""https://media.wconcept.co.kr/review/308146744/308146744_1778336833507.jpeg?RS=300""]"
308146744,바시카,[20%쿠폰] 라운드 카라 스웨이드 봄버 자켓_brown,https://www.wconcept.co.kr/Product/308146744,3,17,ja******,2026.05.07,S,사이즈나 색감이 봄에 입기 너무 예뻤어요,5.0,"{""사이즈"": ""적당함"", ""색상"": ""같음"", ""소재"": ""같음""}",[]
308146744,바시카,[20%쿠폰] 라운드 카라 스웨이드 봄버 자켓_brown,https://www.wconcept.co.kr/Product/308146744,3,18,su******,2026.05.07,S,생각보다 기장은 짧은데 디자인은 예뻐요,5.0,"{""사이즈"": ""적당함"", ""색상"": ""같음"", ""소재"": ""같음""}","[""https://media.wconcept.co.kr/review/308146744/308146744_1778161481098.jpeg?RS=300""]"
307319127,제이청,"[20%쿠폰] [단독] [곰송이, 하언PICK] Wet Faux Leather Blouson_Camel (5차 리오더)",https://www.wconcept.co.kr/Product/307319127,1,1,tj******,2026.09.09,"Camel, Free",저반시즌부터 뉸여겨보던 상품이엇는데 가을시즌되어도 여전히 인기많고 세일도하길래 고민끝에들엿어요 ㅎㅎ 스웨이그 특유의 결마다 색갈달라지는거 싫엇는데 이건 안그래서 좋습니다,5.0,"{""사이즈"": ""적당함"", ""색상"": ""비슷함"", ""소재"": ""비슷함""}",[]
307319127,제이청,"[20%쿠폰] [단독] [곰송이, 하언PICK] Wet Faux Leather Blouson_Camel (5차 리오더)",https://www.wconcept.co.kr/Product/307319127,1,2,ho******,2026.09.08,"Camel, Free",이쁩니다! 꺼내자마자 냄새가 좀 나서 밖에 걸어둬야하긴해요,5.0,"{""사이즈"": ""적당함"", ""색상"": ""같음"", ""소재"": ""같음""}","[""https://media.wconcept.co.kr/review/307319127/307319127_1788862834322.jpeg?RS=300""]"
307319127,제이청,"[20%쿠폰] [단독] [곰송이, 하언PICK] Wet Faux Leather Blouson_Camel (5차 리오더)",https://www.wconcept.co.kr/Product/307319127,1,3,wc******,2026.09.06,"Camel, Free",이뻐요 부들부들하고 단추부분 소매 풀어서 입기도 좋고 두루두루 입기 좋을거같아요,5.0,"{""사이즈"": ""적당함"", ""색상"": ""같음"", ""소재"": ""같음""}","[""https://media.wconcept.co.kr/review/307319127/307319127_1788693555264.jpeg?RS=300""]"
307319127,제이청,"[20%쿠폰] [단독] [곰송이, 하언PICK] Wet Faux Leather Blouson_Camel (5차 리오더)",https://www.wconcept.co.kr/Product/307319127,1,4,ji******,2026.09.03,"Camel, Free","처음 받아봤을 때부터 생각보다 훨씬 예뻐서 만족스러웠어요. 레더 특유의 너무 빳빳하고 부담스러운 느낌 없이 부드럽고 자연스럽게 떨어지는 핏이라 입었을 때 정말 멋스러워요. 폭스레더라 가볍게 걸치기 좋고, 청바지나 슬랙스 스커트에도 어디나 어울려서 활용도좋은듯해요 유행을 많이 타지 않는 디자인이라 오래 입을 수 있을 것 같아요 쌀쌀해지면 잘입을께요~",5.0,"{""사이즈"": ""적당함"", ""색상"": ""같음"", ""소재"": ""같음""}","[""https://media.wconcept.co.kr/review/307319127/307319127_1788412059586.jpg?RS=300""]"
307319127,제이청,"[20%쿠폰] [단독] [곰송이, 하언PICK] Wet Faux Leather Blouson_Camel (5차 리오더)",https://www.wconcept.co.kr/Product/307319127,1,5,wc******,2026.09.01,"Camel, Free",배송도 빠르고 크기도 적당하니 마음에 들어요 특히 색이 고급져 보이고 이뻐요,5.0,"{""사이즈"": ""적당함"", ""색상"": ""같음"", ""소재"": ""같음""}",[]
307319127,제이청,"[20%쿠폰] [단독] [곰송이, 하언PICK] Wet Faux Leather Blouson_Camel (5차 리오더)",https://www.wconcept.co.kr/Product/307319127,1,6,na******,2026.08.29,"Camel, Free","작년부터 사고 싶었늣데..드뎌 샀네여 키작녀라 넘 큰건 별로인데 길이,핏 적당하구 생각보다 가볍네요. 가을이 빨리 오길...",5.0,"{""사이즈"": ""적당함"", ""색상"": ""같음"", ""소재"": ""비슷함""}","[""https://media.wconcept.co.kr/review/307319127/307319127_1787994451790.jpg?RS=300""]"
307319127,제이청,"[20%쿠폰] [단독] [곰송이, 하언PICK] Wet Faux Leather Blouson_Camel (5차 리오더)",https://www.wconcept.co.kr/Product/307319127,2,7,ce******,2026.08.28,"Camel, Free","작년부터 사고싶어서 고민하다가 올해에는 꼭 사야겠다싶었어요! 코팅된 스웨이드느낌? 그래서 저는 더 맘에들구요, 제 키가 155로 작은편인데 적당히 낙낙하고 핏감 맘에들어요@",5.0,"{""사이즈"": ""적당함"", ""색상"": ""같음"", ""소재"": ""같음""}",[]
307319127,제이청,"[20%쿠폰] [단독] [곰송이, 하언PICK] Wet Faux Leather Blouson_Camel (5차 리오더)",https://www.wconcept.co.kr/Product/307319127,2,8,vi******,2026.08.21,"Camel, Free",사진과 같아요. 가격 생각해도 잘 산 것 같습니다!,5.0,"{""사이즈"": ""적당함"", ""색상"": ""같음"", ""소재"": ""같음""}",[]
307319127,제이청,"[20%쿠폰] [단독] [곰송이, 하언PICK] Wet Faux Leather Blouson_Camel (5차 리오더)",https://www.wconcept.co.kr/Product/307319127,2,9,yu******,2026.06.16,"Camel, Free",여러분 이거 꼭 사세여 소재가 좀 특이하긴 한데 몸에 촥 감깁니다 돈값해용 한철 완전 잘 입었어요 고민은 구매를 늦출뿐!,5.0,"{""사이즈"": ""적당함"", ""색상"": ""같음"", ""소재"": ""같음""}","[""https://media.wconcept.co.kr/review/307319127/307319127_1781615354203.jpeg?RS=300""]"
307319127,제이청,"[20%쿠폰] [단독] [곰송이, 하언PICK] Wet Faux Leather Blouson_Camel (5차 리오더)",https://www.wconcept.co.kr/Product/307319127,2,10,ls******,2026.06.05,"Camel, Free",편하고 막입기 좋아요 휘뚜루마두 입을수 있어요 착용감도 괜찮습니다,5.0,"{""사이즈"": ""적당함"", ""색상"": ""비슷함"", ""소재"": ""비슷함""}",[]
307319127,제이청,"[20%쿠폰] [단독] [곰송이, 하언PICK] Wet Faux Leather Blouson_Camel (5차 리오더)",https://www.wconcept.co.kr/Product/307319127,2,11,so******,2026.06.04,"Camel, Free",생각했던대로네요 소재도 부들부들 맘에 들어요,5.0,"{""사이즈"": ""적당함"", ""색상"": ""같음"", ""소재"": ""같음""}",[]
307319127,제이청,"[20%쿠폰] [단독] [곰송이, 하언PICK] Wet Faux Leather Blouson_Camel (5차 리오더)",https://www.wconcept.co.kr/Product/307319127,2,12,ka******,2026.06.01,"Camel, Free",신행가서 잘 입고 다녔어요~! 핏도 예쁘고 컬러도 맘에 들어서 거의 이것만 입고 다녔네용!!다른 리뷰처럼 소재가 신기해요!!,5.0,"{""사이즈"": ""적당함"", ""색상"": ""같음"", ""소재"": ""같음""}",[]
307319127,제이청,"[20%쿠폰] [단독] [곰송이, 하언PICK] Wet Faux Leather Blouson_Camel (5차 리오더)",https://www.wconcept.co.kr/Product/307319127,3,13,gn******,2026.05.21,"Camel, Free",예뻐요 화면과 같아요 은은한 광택 여유로운핏ㅋ,5.0,"{""사이즈"": ""큼"", ""색상"": ""같음"", ""소재"": ""같음""}","[""https://media.wconcept.co.kr/review/307319127/307319127_1779315490832.jpg?RS=300""]"
307319127,제이청,"[20%쿠폰] [단독] [곰송이, 하언PICK] Wet Faux Leather Blouson_Camel (5차 리오더)",https://www.wconcept.co.kr/Product/307319127,3,14,pa******,2026.05.13,"Camel, Free","가격대가 있어서 고민하다가 너무 갖고싶었는데 때마침 세일해서 좋은가격에 구매한것 같아요!! 소재도 스웨이드 같은데 고급스럽고 봄, 가을에 입기 딱인것 같아요ㅎㅎㅎ 오래오래 잘 입을것 같습니다!",5.0,"{""사이즈"": ""적당함"", ""색상"": ""비슷함"", ""소재"": ""비슷함""}","[""https://media.wconcept.co.kr/review/307319127/307319127_1778648522739.jpeg?RS=300""]"
307319127,제이청,"[20%쿠폰] [단독] [곰송이, 하언PICK] Wet Faux Leather Blouson_Camel (5차 리오더)",https://www.wconcept.co.kr/Product/307319127,3,15,jj******,2026.05.09,"Camel, Free",괜찮은것 같아요,5.0,"{""사이즈"": ""적당함"", ""색상"": ""같음"", ""소재"": ""같음""}",[]
307319127,제이청,"[20%쿠폰] [단독] [곰송이, 하언PICK] Wet Faux Leather Blouson_Camel (5차 리오더)",https://www.wconcept.co.kr/Product/307319127,3,16,wc******,2026.05.08,"Camel, Free",기다리다가 받아서 더 귀한 점퍼..맘에 쏙,5.0,"{""사이즈"": ""적당함"", ""색상"": ""같음"", ""소재"": ""같음""}","[""https://media.wconcept.co.kr/review/307319127/307319127_1778215081036.jpg?RS=300""]"
307319127,제이청,"[20%쿠폰] [단독] [곰송이, 하언PICK] Wet Faux Leather Blouson_Camel (5차 리오더)",https://www.wconcept.co.kr/Product/307319127,3,17,sa******,2026.05.01,"Camel, Free","후들거리는 점퍼스타일이예요. 딱 간절기 봄, 가을용 주변에 많이 마주쳐서.. 괜히 샀나 후회..",5.0,"{""사이즈"": ""적당함"", ""색상"": ""같음"", ""소재"": ""비슷함""}",[]
307319127,제이청,"[20%쿠폰] [단독] [곰송이, 하언PICK] Wet Faux Leather Blouson_Camel (5차 리오더)",https://www.wconcept.co.kr/Product/307319127,3,18,aj******,2026.04.30,"Camel, Free",장바구니 넣어놓고 계속 품절돼서 못샀는데 입고 되자마자 샀어용 간절기 최고템!! 스웨이드 자켓이 비슷한거 같으면서 다른데 적당히 여성스러우면서 너무 맘에 들어용,5.0,"{""사이즈"": ""적당함"", ""색상"": ""같음"", ""소재"": ""같음""}","[""https://media.wconcept.co.kr/review/307319127/307319127_1777517256105.jpeg?RS=300""]"
307330122,플로움,Overlay Scarf Dress(3color),https://www.wconcept.co.kr/Product/307330122,1,1,ob******,2026.09.06,"S, Pink",잘 맞아요. 여기저기 입으려고 핑크색으로 샀는데 마음에 들어요. 베이비핑크색이라 활용고 좋을 것 같아요.,5.0,"{""사이즈"": ""적당함"", ""색상"": ""같음"", ""소재"": ""같음""}",[]
307330122,플로움,Overlay Scarf Dress(3color),https://www.wconcept.co.kr/Product/307330122,1,2,ke******,2026.08.23,"Black, L",이 옷은 진짜 단정하니 너무 예쁘네요^^ 가슴둘레 95허리78 XL사이즈 딱 맞아요~~ 화이트도 사고싶네요 ㅠㅠ 천도 고급지고~ 입으니 아가씨때 기분 나더라구요 고마워요 플로움^^,5.0,"{""사이즈"": ""적당함"", ""색상"": ""같음"", ""소재"": ""같음""}","[""https://media.wconcept.co.kr/review/307330122/307330122_1787466993798.jpeg?RS=300""]"
307330122,플로움,Overlay Scarf Dress(3color),https://www.wconcept.co.kr/Product/307330122,1,3,ma******,2026.08.11,"Black, M",결혼식때 입고 가기 좋을거 같아요👍🏻 보통 S 사이즈 입는데 요즘 살이 좀 찌기도 했고 작게 나왔다고 해서 M으로 샀는데 딱 좋네요.,5.0,"{""사이즈"": ""적당함"", ""색상"": ""같음"", ""소재"": ""같음""}",[]
307330122,플로움,Overlay Scarf Dress(3color),https://www.wconcept.co.kr/Product/307330122,1,4,rh******,2026.08.09,"Cream, M",옷이 엄청 고급스럽고 핏이 좋아요 작은 편이라 좀 크게 입어야 할 듯해요ㅠ,5.0,"{""사이즈"": ""작음"", ""색상"": ""같음"", ""소재"": ""같음""}",[]
307330122,플로움,Overlay Scarf Dress(3color),https://www.wconcept.co.kr/Product/307330122,1,5,go******,2026.07.29,"Cream, S",결혼식 2부때 잘 입었어요 ㅎㅎ 고급지고 우아한 느낌이라 마음에 들어요!,5.0,"{""사이즈"": ""적당함"", ""색상"": ""같음"", ""소재"": ""같음""}",[]
307330122,플로움,Overlay Scarf Dress(3color),https://www.wconcept.co.kr/Product/307330122,1,6,wc******,2026.07.15,"Black, S",저는 허리사이즈랑 총장만 보고 S샀는데 흉통쪽이 너무 딱 맞아서 숨쉬기가 어려운 옷은 처음이네요 가슴이 큰편도 아닌데ㅠㅜ 대부분 옷을 사면 키때문에 기장이 짧아서 아쉬운적이 많았는데 이번처럼 흉통부분이 너무 꽉 맞아서 교환한 의류는 처음이네요…!! 그 만큼 엄청 딱 맞게 제작된 옷인가 싶었어요 스몰은 가슴이 너무 딱맞고 허리가 더 오히려 여유있었어요 고민하다가ㅠㅠ M으로 바꿨는데 확실히 가슴부분이 여유있어서 숨쉬기 괜찮았고 키가 커서 그런지 M도 여유있게 괜찮긴하지만 스몰도 아쉽기도하고… 10월 결혼식이라 3개월 남아서 미리 구매해뒀는데 2부에서 잘 입을거 같아용ㅎㅎ,5.0,"{""사이즈"": ""적당함"", ""색상"": ""같음"", ""소재"": ""같음""}","[""https://media.wconcept.co.kr/review/307330122/307330122_1784209793045.jpeg?RS=300""]"
307330122,플로움,Overlay Scarf Dress(3color),https://www.wconcept.co.kr/Product/307330122,2,7,01******,2026.07.10,"Black, XS",배송도 빠르고 제품도 너무 마음에 들어요 최고입니다,5.0,"{""사이즈"": ""적당함"", ""색상"": ""같음"", ""소재"": ""같음""}","[""https://media.wconcept.co.kr/review/307330122/307330122_1783660534060.jpeg?RS=300""]"
307330122,플로움,Overlay Scarf Dress(3color),https://www.wconcept.co.kr/Product/307330122,2,8,qj******,2026.07.08,"Cream, M",체형보완에 좋아요 이쁘다고 칭찬 많이들었어요!,5.0,"{""사이즈"": ""적당함"", ""색상"": ""같음"", ""소재"": ""같음""}","[""https://media.wconcept.co.kr/review/307330122/307330122_1783495250348.jpeg?RS=300"", ""https://media.wconcept.co.kr/review/307330122/307330122_1783495250231.jpeg?RS=300""]"
307330122,플로움,Overlay Scarf Dress(3color),https://www.wconcept.co.kr/Product/307330122,2,9,wc******,2026.07.01,"Cream, M",사이즈 너무 잘맞아요 가족 행사때 입엇는데 다들 옷 이쁘다고 칭찬... 가격이 좀 잇어서 고민했는데 잘산거같아요 ㅎㅎ,5.0,"{""사이즈"": ""적당함"", ""색상"": ""같음"", ""소재"": ""같음""}","[""https://media.wconcept.co.kr/review/307330122/307330122_1782865067603.jpg?RS=300""]"
307330122,플로움,Overlay Scarf Dress(3color),https://www.wconcept.co.kr/Product/307330122,2,10,wc******,2026.06.25,"Cream, XS",너무 예뻐서 마음에 들어요ㅠ 살 조금만 더 빼서 입으면 진짜 딱 예쁠것같아요 엉덩이가 쪼매 낑기지만ㅠ 열심히 다이어트해서 중요한자리때 예쁘게 입을게용,5.0,"{""사이즈"": ""적당함"", ""색상"": ""같음"", ""소재"": ""같음""}","[""https://media.wconcept.co.kr/review/307330122/307330122_1782378970026.jpeg?RS=300""]"
307330122,플로움,Overlay Scarf Dress(3color),https://www.wconcept.co.kr/Product/307330122,2,11,wc******,2026.06.25,"Black, L",디자인도 너무예쁘고 소재도 고급스러워요 다만 다른 후기에서 본것처럼 지퍼가 너무 안올라가요ㅠ불량인가 싶을정도로ㅠ그래도 보는사람마다 다들 예쁘다고 했어요!,5.0,"{""사이즈"": ""적당함"", ""색상"": ""같음"", ""소재"": ""같음""}","[""https://media.wconcept.co.kr/review/307330122/307330122_1782342501324.jpg?RS=300""]"
307330122,플로움,Overlay Scarf Dress(3color),https://www.wconcept.co.kr/Product/307330122,2,12,hk******,2026.06.24,"Cream, XS",사이즈 딱 좋았어요!! 아이보리 색상이라 더 좋았음,5.0,"{""사이즈"": ""적당함"", ""색상"": ""같음"", ""소재"": ""같음""}",[]
307330122,플로움,Overlay Scarf Dress(3color),https://www.wconcept.co.kr/Product/307330122,3,13,qn******,2026.06.23,"Black, M",결혼식 2부 드레스로 입었는데 실 몸무게보다 더 날씬해보이고 다들 이쁘다고 많이해줬어요 ㅠ ㅠ 잘 입었습니다 나중에도 입으려고 블랙으로 구매했는데 선택 잘한 것 같아요 ㅎㅎ,5.0,"{""사이즈"": ""적당함"", ""색상"": ""같음"", ""소재"": ""같음""}","[""https://media.wconcept.co.kr/review/307330122/307330122_1782194230608.jpeg?RS=300""]"
307330122,플로움,Overlay Scarf Dress(3color),https://www.wconcept.co.kr/Product/307330122,3,14,s-******,2026.06.15,"Cream, S",배송이 빠른 덕분에 원하는 날에 입을 수 있어서 좋았습니다 원피스도 너무 예쁩니다,5.0,"{""사이즈"": ""적당함"", ""색상"": ""같음"", ""소재"": ""같음""}","[""https://media.wconcept.co.kr/review/307330122/307330122_1781458717063.jpeg?RS=300""]"
307330122,플로움,Overlay Scarf Dress(3color),https://www.wconcept.co.kr/Product/307330122,3,15,wc******,2026.06.11,"Black, M",동생결혼식때입으려고 샀어요 화면에서도.이뻤는데 실물이.더예뻐요 옷이쁘다고.많이들어서.기분좋았습니당,5.0,"{""사이즈"": ""적당함"", ""색상"": ""같음"", ""소재"": ""같음""}","[""https://media.wconcept.co.kr/review/307330122/307330122_1781183420438.jpeg?RS=300""]"
307330122,플로움,Overlay Scarf Dress(3color),https://www.wconcept.co.kr/Product/307330122,3,16,wc******,2026.06.08,"Black, L",옷은 이쁜 것 같은데 겨드랑이가 많이 보이네요ㅠㅠ 고민하다가 품어요ㅠㅠ,5.0,"{""사이즈"": ""적당함"", ""색상"": ""같음"", ""소재"": ""같음""}","[""https://media.wconcept.co.kr/review/307330122/307330122_1780899908117.jpg?RS=300""]"
307330122,플로움,Overlay Scarf Dress(3color),https://www.wconcept.co.kr/Product/307330122,3,17,rh******,2026.06.02,"Cream, M","너무 예뻐요 사이즈 진짜 고민 했는데 어깨 좀 있고, 골반 있는 스타일이라 M 했는데 딱이에요 허리 너무 얇아보이고 너무 맘에 들어요 단 겨드랑이가 조금 아쉽다..",5.0,"{""사이즈"": ""적당함"", ""색상"": ""같음"", ""소재"": ""같음""}",[]
307330122,플로움,Overlay Scarf Dress(3color),https://www.wconcept.co.kr/Product/307330122,3,18,hz******,2026.05.19,"Cream, L",옷 너무 예뻐요 넉넉하고 빨아도 변형이 안돼서 좋아요 무엇보다 핏도 예쁘고,5.0,"{""사이즈"": ""적당함"", ""색상"": ""같음"", ""소재"": ""같음""}","[""https://media.wconcept.co.kr/review/307330122/307330122_1779154961808.jpeg?RS=300""]"
308891452,마롭,[단하루! 20%쿠폰] 4126 텐셀 슬림핏 셔츠 (화이트),https://www.wconcept.co.kr/Product/308891452,1,1,se******,2026.09.11,"화이트, FREE",비싼감이 없지 않지만 후기가 좋아서 구매해봤는데 다른 저렴한 상품들 아무리 찾아봐도 이게 제일 핏이 예쁘네요 ㅋㅋㅋㅋ,5.0,"{""사이즈"": ""적당함"", ""색상"": ""같음"", ""소재"": ""같음""}","[""https://media.wconcept.co.kr/review/308891452/308891452_1789126606126.jpg?RS=300""]"
308891452,마롭,[단하루! 20%쿠폰] 4126 텐셀 슬림핏 셔츠 (화이트),https://www.wconcept.co.kr/Product/308891452,1,2,wi******,2026.09.11,"화이트, FREE",소재깡패~ 슬림한 핏이 진짜 찾던 셔츠입니다~,5.0,"{""사이즈"": ""적당함"", ""색상"": ""같음"", ""소재"": ""같음""}","[""https://media.wconcept.co.kr/review/308891452/308891452_1789093762480.jpg?RS=300""]"
308891452,마롭,[단하루! 20%쿠폰] 4126 텐셀 슬림핏 셔츠 (화이트),https://www.wconcept.co.kr/Product/308891452,1,3,mi******,2026.09.10,"화이트, FREE",구김은 심하지 않을거같고 두껍지도 않아요. 선선한 요즘 입기좋을듯합니다. 색깔이 새하얗진않고 우유색? 아이보리 한방울들어간 느낌이에요,5.0,"{""사이즈"": ""적당함"", ""색상"": ""같음"", ""소재"": ""같음""}",[]
308891452,마롭,[단하루! 20%쿠폰] 4126 텐셀 슬림핏 셔츠 (화이트),https://www.wconcept.co.kr/Product/308891452,1,4,tj******,2026.09.05,"화이트, FREE",깔끔 심플 디데일도 아주 좋아요 길이감도 딱 이쁘구요 정장에도 케쥬얼에도 다 이쁠거같아요,5.0,"{""사이즈"": ""적당함"", ""색상"": ""같음"", ""소재"": ""같음""}",[]
308886997,틸아이다이,[단 하루!] [이서경 Pick] Washed cotton high neck jacket [TIFA05JK01]_Beige,https://www.wconcept.co.kr/Product/308886997,1,1,wi******,2026.09.01,BEIGE_FREE,"매장에서 입어보고 반해서 더블유컨셉이 더 싸서 바로 구매했어요!! 안에 허리 끈 조절해서 입을 수 있어서 라인 잡기도 좋고, 하이넥도 어중간하지 않고, 딱 예쁜 하이넥 ㅠㅠ 배송 늦게 올 줄 알았는데 빨리 와서 넘 좋았어요!",5.0,"{""사이즈"": ""적당함"", ""색상"": ""같음"", ""소재"": ""같음""}","[""https://media.wconcept.co.kr/review/308886997/308886997_1788266958943.jpeg?RS=300"", ""https://media.wconcept.co.kr/review/308886997/308886997_1788266958885.jpeg?RS=300""]"
308886997,틸아이다이,[단 하루!] [이서경 Pick] Washed cotton high neck jacket [TIFA05JK01]_Beige,https://www.wconcept.co.kr/Product/308886997,1,2,in******,2026.09.01,BEIGE_FREE,엄청 고민고민 하다가 질렀는데 생각보다 더 마음에 들어요 화면에서는 엄청 얇은 소재일 줄 알았는데 실제는 탄탄한 면같은 소재이고 초겨울까지는 이너 잘 입고도 입을거 같아요 안에 스트링 있어서 조일수도있고 아주 좋아요 만족합니다!! 배송상태도 좋아요 이제 조금 더 쌀쌀해지면 바로 입을라구요!,5.0,"{""사이즈"": ""적당함"", ""색상"": ""같음"", ""소재"": ""같음""}","[""https://media.wconcept.co.kr/review/308886997/308886997_1788234519340.jpeg?RS=300"", ""https://media.wconcept.co.kr/review/308886997/308886997_1788234519294.jpeg?RS=300"", ""https://media.wconcept.co.kr/review/308886997/308886997_1788234519186.jpeg?RS=300""]"
308886997,틸아이다이,[단 하루!] [이서경 Pick] Washed cotton high neck jacket [TIFA05JK01]_Beige,https://www.wconcept.co.kr/Product/308886997,1,3,da******,2026.08.21,BEIGE_FREE,"라이브 보다가 넘 예뻐서 구매했어요! 예약배송이라 걱정했는데, 생각보다 금방 배송되어서 좋았습니다 ㅎㅎ 웜톤에 딱 맞는 부드러운 베이지 컬러라 좋고, 안쪽 스트링으로 핏 조절할 수 있어서 편해요! 가을 아우터인데 가볍고 품이 여유있어서 데일리로 잘 입을 것 같습니다.",5.0,"{""사이즈"": ""적당함"", ""색상"": ""같음"", ""소재"": ""비슷함""}","[""https://media.wconcept.co.kr/review/308886997/308886997_1787292827695.jpeg?RS=300"", ""https://media.wconcept.co.kr/review/308886997/308886997_1787292400739.jpeg?RS=300""]"
308920167,하우투러브미,[30%쿠폰] 티아나 숄카라 니트 나시 가디건 세트[gray],https://www.wconcept.co.kr/Product/308920167,1,1,kc******,2026.09.13,GRAY_FREE,실제로 받아보니 생각했던 것보다 더 예쁘고 핏도 마음에 들어요 소재도 부드럽고 착용감이 편해서 자주 손이 갈 것 같아요 만족합니다,5.0,"{""사이즈"": ""적당함"", ""색상"": ""같음"", ""소재"": ""같음""}","[""https://media.wconcept.co.kr/review/308920167/308920167_1789297755722.jpg?RS=300""]"
308920167,하우투러브미,[30%쿠폰] 티아나 숄카라 니트 나시 가디건 세트[gray],https://www.wconcept.co.kr/Product/308920167,1,2,gp******,2026.09.08,GRAY_FREE,예뻐요!! 가을에 정말 자주 입을 것 같아요! 치마보다 부츠컷 팬츠랑 입는게 더 예쁠 것 같아요!!,5.0,"{""사이즈"": ""적당함"", ""색상"": ""같음"", ""소재"": ""같음""}",[]
308920167,하우투러브미,[30%쿠폰] 티아나 숄카라 니트 나시 가디건 세트[gray],https://www.wconcept.co.kr/Product/308920167,1,3,ji******,2026.09.06,GRAY_FREE,입는순간 진짜진짜 고급스러워지고 예뻐요!! 여기저기 너무 잘어울릴것 같아요! 피부가 예민한데 부드럽진 않지만 그렇다고 못입을 정돈 아니어서 잘 입을것 같아요,5.0,"{""사이즈"": ""적당함"", ""색상"": ""같음"", ""소재"": ""같음""}","[""https://media.wconcept.co.kr/review/308920167/308920167_1788675262127.jpeg?RS=300""]"
308920167,하우투러브미,[30%쿠폰] 티아나 숄카라 니트 나시 가디건 세트[gray],https://www.wconcept.co.kr/Product/308920167,1,4,pi******,2026.09.04,GRAY_FREE,민소매 탑의 넥라인이 꽤 깊게 파였는데 그 부분이 원단의 도톰함에서 오는 부피감을 중화시켜 주는 것 같아요. 그렇다고 직장에 못입고 갈 파임은 아니라 딱 좋아요. 가디건은 일자가 아니고 살짝 아방하게 떨어져 몸을 감싸주는 라인이라 더 여리여리하게 보입니다. 마음에 들어요!,5.0,"{""사이즈"": ""적당함"", ""색상"": ""같음"", ""소재"": ""같음""}","[""https://media.wconcept.co.kr/review/308920167/308920167_1788528854620.jpeg?RS=300"", ""https://media.wconcept.co.kr/review/308920167/308920167_1788528854540.jpeg?RS=300""]"
306989933,모노로우,[30%쿠폰] [단독]SARA BAG 6COLORS,https://www.wconcept.co.kr/Product/306989933,1,1,eo******,2026.09.10,BURGUNDY BROWN,끈이 길어서 물건 꺼낼때 편하고 좋아요. 겨울에 코트에도 잘 들 것 같습니다.,5.0,"{""사이즈"": ""적당함"", ""색상"": ""같음"", ""착용감"": ""좋음""}","[""https://media.wconcept.co.kr/review/306989933/306989933_1788999120166.jpg?RS=300""]"
306989933,모노로우,[30%쿠폰] [단독]SARA BAG 6COLORS,https://www.wconcept.co.kr/Product/306989933,1,2,Hs******,2026.09.08,BURGUNDY BROWN,색상이넘튀지않아좋고 편하게들기좋은가방입니다,5.0,"{""사이즈"": ""적당함"", ""색상"": ""같음"", ""착용감"": ""좋음""}",[]
306989933,모노로우,[30%쿠폰] [단독]SARA BAG 6COLORS,https://www.wconcept.co.kr/Product/306989933,1,3,do******,2026.09.06,BURGUNDY BROWN,작년엔가 사서 거의매일 잘 쓰고 있는데 엄마도 가볍고 깔끔한 가방 찾고 있다셔서 후보군들 보여드렸더니 똑같은 모녀 취향.. 색깔까지 동일한 가방으로 재구매합니다. 좋아요 굿굿,5.0,"{""사이즈"": ""적당함"", ""색상"": ""비슷함"", ""착용감"": ""좋음""}","[""https://media.wconcept.co.kr/review/306989933/306989933_1788659388658.jpg?RS=300""]"
306989933,모노로우,[30%쿠폰] [단독]SARA BAG 6COLORS,https://www.wconcept.co.kr/Product/306989933,1,4,ks******,2026.09.03,SUEDE CHOCO BROWN,가을이라 스웨이드백이 갖고 싶어 구매했는데 데일리로 딱인듯,5.0,"{""사이즈"": ""적당함"", ""색상"": ""같음"", ""착용감"": ""좋음""}",[]
306989933,모노로우,[30%쿠폰] [단독]SARA BAG 6COLORS,https://www.wconcept.co.kr/Product/306989933,1,5,ks******,2026.09.03,BURGUNDY BROWN,가을이라 버건디 브라운했는데 넘 좋네요 사이즈도 적당하고.,5.0,"{""사이즈"": ""적당함"", ""색상"": ""같음"", ""착용감"": ""좋음""}",[]
306989933,모노로우,[30%쿠폰] [단독]SARA BAG 6COLORS,https://www.wconcept.co.kr/Product/306989933,1,6,ju******,2026.09.01,BLACK,요즘 아주 데일리백이에요. 튼튼하고 너무 좋아요.,5.0,"{""사이즈"": ""적당함"", ""색상"": ""같음"", ""착용감"": ""좋음""}","[""https://media.wconcept.co.kr/review/306989933/306989933_1788259040093.jpg?RS=300""]"
306989933,모노로우,[30%쿠폰] [단독]SARA BAG 6COLORS,https://www.wconcept.co.kr/Product/306989933,2,7,sg******,2026.08.29,BLACK,동생 생일선물로 샀는데 가볍고 통이 넓다 보니 짐이 엄청 많이 들어가서 좋대요. 짐 넣고 뺄때 덮개 안 불편하냐고 물어봤는데 전혀 모르겠다고 합니다. 에토프 색상이 이뻐보여서 저도 하나 살까 고민중이에요.,5.0,"{""사이즈"": ""적당함"", ""색상"": ""같음"", ""착용감"": ""좋음""}",[]
306989933,모노로우,[30%쿠폰] [단독]SARA BAG 6COLORS,https://www.wconcept.co.kr/Product/306989933,2,8,ni******,2026.08.23,BURGUNDY BROWN,퀼리티가 생각보다 좋아요. 가벼워서 쓰기가 편해요.,5.0,"{""사이즈"": ""적당함"", ""색상"": ""같음"", ""착용감"": ""좋음""}","[""https://media.wconcept.co.kr/review/306989933/306989933_1787411965630.jpeg?RS=300""]"
306989933,모노로우,[30%쿠폰] [단독]SARA BAG 6COLORS,https://www.wconcept.co.kr/Product/306989933,2,9,wc******,2026.08.21,BLACK,출근할때 데일리로 들고다닐 가방 찾고있었는데 생각보다 크기가 좀 크지만 이것저것 많이 들어가서 좋아요~보부상들도 이쁘게 잘 들고다닐수 있을것 같아요 마감 괜찮구요 가죽도 싼티안나고 퀄리티가 좋고 가방이 세련되보여서 들고다닐 맛이나요~ 데일리도 잘 활용해다닐수 있겠어요,5.0,"{""사이즈"": ""큼"", ""색상"": ""같음"", ""착용감"": ""좋음""}","[""https://media.wconcept.co.kr/review/306989933/306989933_1787315693990.jpg?RS=300""]"
306989933,모노로우,[30%쿠폰] [단독]SARA BAG 6COLORS,https://www.wconcept.co.kr/Product/306989933,2,10,mo******,2026.08.19,BURGUNDY BROWN,가볍고 가을에 어울리는 색이예요. 편하게 데일리로 들기 좋을 것 같습니다. 내부 포켓이 1개 뿐인게 좀 아쉬워요.,5.0,"{""사이즈"": ""적당함"", ""색상"": ""같음"", ""착용감"": ""좋음""}","[""https://media.wconcept.co.kr/review/306989933/306989933_1787123998110.jpg?RS=300""]"
306989933,모노로우,[30%쿠폰] [단독]SARA BAG 6COLORS,https://www.wconcept.co.kr/Product/306989933,2,11,du******,2026.08.18,BLACK,사이즈가 적당하고 무게감이 가벼워서 짐 많이 넣어도 괜찮아요,5.0,"{""사이즈"": ""적당함"", ""색상"": ""같음"", ""착용감"": ""좋음""}","[""https://media.wconcept.co.kr/review/306989933/306989933_1787002954558.jpg?RS=300""]"
306989933,모노로우,[30%쿠폰] [단독]SARA BAG 6COLORS,https://www.wconcept.co.kr/Product/306989933,2,12,wc******,2026.08.11,BURGUNDY BROWN,Monorow never disappointed. Love it^^,5.0,"{""사이즈"": ""적당함"", ""색상"": ""비슷함"", ""착용감"": ""좋음""}","[""https://media.wconcept.co.kr/review/306989933/306989933_1786455316411.jpeg?RS=300""]"
306989933,모노로우,[30%쿠폰] [단독]SARA BAG 6COLORS,https://www.wconcept.co.kr/Product/306989933,3,13,cd******,2026.08.10,BLACK,엄청 편히고 생각보다 많리 들어가고 싼티안나거 좋아요,5.0,"{""사이즈"": ""적당함"", ""색상"": ""같음"", ""착용감"": ""좋음""}","[""https://media.wconcept.co.kr/review/306989933/306989933_1786366402667.jpeg?RS=300""]"
306989933,모노로우,[30%쿠폰] [단독]SARA BAG 6COLORS,https://www.wconcept.co.kr/Product/306989933,3,14,wc******,2026.08.01,BLACK,색상 몌쁜 검정이고 가볍고 수납 넉넉해요. 156센티 키인 저에게도 아깨에 메기 적당히 좋아요. 셔츠와 슬랙스 입은 출근룩에도 잘 어울려서 만족합니다^^,5.0,"{""사이즈"": ""적당함"", ""색상"": ""같음"", ""착용감"": ""좋음""}","[""https://media.wconcept.co.kr/review/306989933/306989933_1785562631933.jpg?RS=300""]"
306989933,모노로우,[30%쿠폰] [단독]SARA BAG 6COLORS,https://www.wconcept.co.kr/Product/306989933,3,15,nu******,2026.07.31,BURGUNDY BROWN,무게감은 가볍습니다. 버건디인줄 알고 주문했는데 붉은기는 거의 없네요. 사이즈적당하고 가벼워요,5.0,"{""사이즈"": ""적당함"", ""색상"": ""다름"", ""착용감"": ""좋음""}","[""https://media.wconcept.co.kr/review/306989933/306989933_1785476834825.jpg?RS=300""]"
306989933,모노로우,[30%쿠폰] [단독]SARA BAG 6COLORS,https://www.wconcept.co.kr/Product/306989933,3,16,in******,2026.07.30,BLACK,저렴한 가격에 휘뚜루마뚜루 들고 다니기 좋아요~ 가격 대비 고급짐!,5.0,"{""사이즈"": ""적당함"", ""색상"": ""같음"", ""착용감"": ""좋음""}","[""https://media.wconcept.co.kr/review/306989933/306989933_1785363890366.jpg?RS=300""]"
306989933,모노로우,[30%쿠폰] [단독]SARA BAG 6COLORS,https://www.wconcept.co.kr/Product/306989933,3,17,wc******,2026.07.23,BURGUNDY BROWN,"진짜 가볍고 좋아요. 그리고 보부상이 들고 다니기에도 부족함이없고, 깔끔하고 좋아요",5.0,"{""사이즈"": ""적당함"", ""색상"": ""같음"", ""착용감"": ""좋음""}","[""https://media.wconcept.co.kr/review/306989933/306989933_1784808657144.jpg?RS=300""]"
306989933,모노로우,[30%쿠폰] [단독]SARA BAG 6COLORS,https://www.wconcept.co.kr/Product/306989933,3,18,ji******,2026.07.17,BURGUNDY BROWN,휘뚜루 마뚜루 맬 출근가방이에요~ 가격대비 품질 만족합니다!,5.0,"{""사이즈"": ""적당함"", ""색상"": ""같음"", ""착용감"": ""좋음""}","[""https://media.wconcept.co.kr/review/306989933/306989933_1784277881068.jpeg?RS=300""]"
308472864,로우틸,"[30%쿠폰] [명진 PICK]LT899 PLEATS MAXI SKIRT, BLACK",https://www.wconcept.co.kr/Product/308472864,1,1,as******,2026.09.13,S,생각보다 폭이 좁아서 걸을때 좀 불편해요~ 그것빼곤 만족해요!,5.0,"{""사이즈"": ""적당함"", ""색상"": ""같음"", ""소재"": ""같음""}",[]
308472864,로우틸,"[30%쿠폰] [명진 PICK]LT899 PLEATS MAXI SKIRT, BLACK",https://www.wconcept.co.kr/Product/308472864,1,2,js******,2026.09.12,S,차분하지만 독특하게 예뻐서 손이 잘가요 ㅎㅎ 트임은 없어서 포복에 제한이 있긴 합니다,5.0,"{""사이즈"": ""큼"", ""색상"": ""같음"", ""소재"": ""같음""}","[""https://media.wconcept.co.kr/review/308472864/308472864_1789175514142.jpg?RS=300""]"
308472864,로우틸,"[30%쿠폰] [명진 PICK]LT899 PLEATS MAXI SKIRT, BLACK",https://www.wconcept.co.kr/Product/308472864,1,3,sp******,2026.09.09,S,허리에 살이 조금 있는편이지만 사이즈 불편하지 않게 맞고 생각보다 엄청 길지 않아요!,5.0,"{""사이즈"": ""적당함"", ""색상"": ""같음"", ""소재"": ""같음""}",[]
308472864,로우틸,"[30%쿠폰] [명진 PICK]LT899 PLEATS MAXI SKIRT, BLACK",https://www.wconcept.co.kr/Product/308472864,1,4,to******,2026.09.08,S,명절에 입고가려고 주문했어요~ S사이즈치고 약간 여유러워서 딱 골반에 걸쳐입기 좋은것같습니다,5.0,"{""사이즈"": ""적당함"", ""색상"": ""같음"", ""소재"": ""같음""}","[""https://media.wconcept.co.kr/review/308472864/308472864_1788858195685.jpg?RS=300""]"
308472864,로우틸,"[30%쿠폰] [명진 PICK]LT899 PLEATS MAXI SKIRT, BLACK",https://www.wconcept.co.kr/Product/308472864,1,5,hj******,2026.09.08,S,계속 눈여겨 보다 결국 주문했어요. 앞에만 주름이 있어서 편하게 입을 수 있겠어요. 55반 사이즌데 상세사이즈 보고 S로 주문했어요. 골반에 걸쳐서 입을 순 없지만 허리에 잘 맞아요. 기장이 발목까지 와서 좋아요. 집에 있는 벨트를 하니 더 이쁘네요. 트임이 없지만 주름이 잡혀서 걷는데 불편함은 없겠어요. 지금은 더워서 못 입겠고 조금 서늘해지면 꺼내서 입어야 겠어요. 마감처리도 깔끔한 편이에요. 포장도 깔끔하구요. 데일리로 편하게 입을 수 있겠어요.,5.0,"{""사이즈"": ""적당함"", ""색상"": ""같음"", ""소재"": ""같음""}","[""https://media.wconcept.co.kr/review/308472864/308472864_1788850817688.jpg?RS=300""]"
308472864,로우틸,"[30%쿠폰] [명진 PICK]LT899 PLEATS MAXI SKIRT, BLACK",https://www.wconcept.co.kr/Product/308472864,1,6,ha******,2026.09.06,M,플리츠치마가 a라인인건 많은데 h라인인건 유니크한거 같아요 다만 뒷트임이 없어서 넓은 보폭으로 걸을 순 없지만ㅋㅋ 크게 불편하지 않고 예뻐요 그리고 더스트백에 담겨오는 의류는 처음이었어요 너무 예쁘다..🦭,5.0,"{""사이즈"": ""적당함"", ""색상"": ""같음"", ""소재"": ""같음""}","[""https://media.wconcept.co.kr/review/308472864/308472864_1788669103810.jpg?RS=300"", ""https://media.wconcept.co.kr/review/308472864/308472864_1788668792873.jpg?RS=300""]"
308472864,로우틸,"[30%쿠폰] [명진 PICK]LT899 PLEATS MAXI SKIRT, BLACK",https://www.wconcept.co.kr/Product/308472864,2,7,ho******,2026.09.05,M,골반에 걸쳐져 간지나고요. 길이감우 긴편이에요. 키작녀는 길거같아요. 참고로 제키는 169입니다.,5.0,"{""사이즈"": ""적당함"", ""색상"": ""같음"", ""소재"": ""같음""}","[""https://media.wconcept.co.kr/review/308472864/308472864_1788592063433.jpg?RS=300"", ""https://media.wconcept.co.kr/review/308472864/308472864_1788592063358.jpg?RS=300""]"
308472864,로우틸,"[30%쿠폰] [명진 PICK]LT899 PLEATS MAXI SKIRT, BLACK",https://www.wconcept.co.kr/Product/308472864,2,8,ej******,2026.09.04,S,오랜만에 맘에 드는 스커트를 발견했어요~ 롱기장에 너무 정장느낌도 아니면서 캐쥬얼하지도 않고.. 상의 아우터에 따라 분위기가 바껴서 너무 좋아요~ 160키에 한 단 수선했더니 적당하게 딱 이쁘네요,5.0,"{""사이즈"": ""적당함"", ""색상"": ""같음"", ""소재"": ""같음""}","[""https://media.wconcept.co.kr/review/308472864/308472864_1788524915994.jpg?RS=300""]"
308472864,로우틸,"[30%쿠폰] [명진 PICK]LT899 PLEATS MAXI SKIRT, BLACK",https://www.wconcept.co.kr/Product/308472864,2,9,ku******,2026.09.04,M,평소 롱스커트 자주 입어서 선물했는데 마감 처리가 깔끔해서 좋아요,5.0,"{""사이즈"": ""적당함"", ""색상"": ""같음"", ""소재"": ""같음""}",[]
308472864,로우틸,"[30%쿠폰] [명진 PICK]LT899 PLEATS MAXI SKIRT, BLACK",https://www.wconcept.co.kr/Product/308472864,2,10,wc******,2026.09.04,S,너무 이쁘고 스트레이트 체형에 딱입니다 최근에 산 치마중에 제일 이뻐요,5.0,"{""사이즈"": ""적당함"", ""색상"": ""같음"", ""소재"": ""같음""}",[]
308472864,로우틸,"[30%쿠폰] [명진 PICK]LT899 PLEATS MAXI SKIRT, BLACK",https://www.wconcept.co.kr/Product/308472864,2,11,ki******,2026.09.02,S,사이즈 고민 많이 됐는데 교환할 마음으로 구매했어요 일반 스몰보단 확실히 커요 보통 엠을 입는데 맞는 걸 보니ㅋ 걱정에 비해 잘 맞아서 좋긴한데 가격대비 아리송한..,5.0,"{""사이즈"": ""적당함"", ""색상"": ""같음"", ""소재"": ""같음""}","[""https://media.wconcept.co.kr/review/308472864/308472864_1788341229373.jpeg?RS=300""]"
308472864,로우틸,"[30%쿠폰] [명진 PICK]LT899 PLEATS MAXI SKIRT, BLACK",https://www.wconcept.co.kr/Product/308472864,2,12,62******,2026.09.02,M,진짜 개이쁨진짜 개이쁨 진짜 개이쁨진짜 개이쁨 진짜 개이쁨진짜 개이쁨 진짜 개이쁨진짜 개이쁨,5.0,"{""사이즈"": ""적당함"", ""색상"": ""같음"", ""소재"": ""같음""}",[]
308472864,로우틸,"[30%쿠폰] [명진 PICK]LT899 PLEATS MAXI SKIRT, BLACK",https://www.wconcept.co.kr/Product/308472864,3,13,an******,2026.09.01,S,디자인이 독특하고 허리도 편하고 기장도 길어 멋스러워요,5.0,"{""사이즈"": ""적당함"", ""색상"": ""같음"", ""소재"": ""같음""}",[]
308472864,로우틸,"[30%쿠폰] [명진 PICK]LT899 PLEATS MAXI SKIRT, BLACK",https://www.wconcept.co.kr/Product/308472864,3,14,ls******,2026.09.01,S,편허고 핏도 예쁘고 좋네요~ 자주 입게 될 것 같아요,5.0,"{""사이즈"": ""적당함"", ""색상"": ""같음"", ""소재"": ""같음""}","[""https://media.wconcept.co.kr/review/308472864/308472864_1788239912118.jpg?RS=300""]"
308472864,로우틸,"[30%쿠폰] [명진 PICK]LT899 PLEATS MAXI SKIRT, BLACK",https://www.wconcept.co.kr/Product/308472864,3,15,89******,2026.09.01,M,스몰해야 딱맞고 예뻐보일거 같으나 너무 허리딱맞게 올려입으면 밤티스러워서 차라리 루즈핏으로 샀어요 기장은 한단반 줄였어요 정말 맘에 들어요,5.0,"{""사이즈"": ""큼"", ""색상"": ""같음"", ""소재"": ""같음""}",[]
308472864,로우틸,"[30%쿠폰] [명진 PICK]LT899 PLEATS MAXI SKIRT, BLACK",https://www.wconcept.co.kr/Product/308472864,3,16,vn******,2026.08.31,M,감사합니다. 감사합니다. 이뻐요. 감사합니다,5.0,"{""사이즈"": ""적당함"", ""색상"": ""같음"", ""소재"": ""같음""}",[]
308472864,로우틸,"[30%쿠폰] [명진 PICK]LT899 PLEATS MAXI SKIRT, BLACK",https://www.wconcept.co.kr/Product/308472864,3,17,ba******,2026.08.30,M,"소재가 빳빳하고 긴치마를 좋아해서 마음에들어요~ 봄, 가을에 잘 입을 것 같아요~",5.0,"{""사이즈"": ""적당함"", ""색상"": ""같음"", ""소재"": ""같음""}",[]
308472864,로우틸,"[30%쿠폰] [명진 PICK]LT899 PLEATS MAXI SKIRT, BLACK",https://www.wconcept.co.kr/Product/308472864,3,18,se******,2026.08.30,S,맘에 들어요 가을까지 잘 입겠어요 길이는 길어요,5.0,"{""사이즈"": ""큼"", ""색상"": ""비슷함"", ""소재"": ""비슷함""}","[""https://media.wconcept.co.kr/review/308472864/308472864_1788086624264.jpeg?RS=300""]"
308867100,로트르드민,[20%쿠폰] [단독] Halter Layered Shirt Top,https://www.wconcept.co.kr/Product/308867100,1,1,wc******,2026.09.13,"화이트-블랙, S-M",디자인보고 반해서 구매했는데 너무 예뻐용 제 팔뚝살 문제로 조금 부해보이지만 살빼고 입으면 더더 예쁠것 같아요 소재는 생각보다 얇고 다른 컬러두 사고싶어요 배송도 짱빨라요,5.0,"{""사이즈"": ""적당함"", ""색상"": ""같음"", ""소재"": ""같음""}","[""https://media.wconcept.co.kr/review/308867100/308867100_1789306189462.jpeg?RS=300""]"
308867100,로트르드민,[20%쿠폰] [단독] Halter Layered Shirt Top,https://www.wconcept.co.kr/Product/308867100,1,2,mi******,2026.09.12,"화이트-블랙, Free",여행가서 입었는데 너무 예뻤어요 조금 더 타이트했으면 좋았을것 같아요,5.0,"{""사이즈"": ""적당함"", ""색상"": ""같음"", ""소재"": ""같음""}","[""https://media.wconcept.co.kr/review/308867100/308867100_1789206927339.jpg?RS=300""]"
308867100,로트르드민,[20%쿠폰] [단독] Halter Layered Shirt Top,https://www.wconcept.co.kr/Product/308867100,1,3,08******,2026.09.11,"화이트-블랙, Free",옷은 정말 이쁜데 디자인만 이뻐요 두번 교환끝에 괜찮은 옷으로 받았어요 이번이 세번째 구매인데 항상 그런거 같아요,5.0,"{""사이즈"": ""적당함"", ""색상"": ""비슷함"", ""소재"": ""비슷함""}","[""https://media.wconcept.co.kr/review/308867100/308867100_1789074507742.jpeg?RS=300""]"
308867100,로트르드민,[20%쿠폰] [단독] Halter Layered Shirt Top,https://www.wconcept.co.kr/Product/308867100,1,4,sw******,2026.09.10,"화이트-블랙, Free",가격대비 고퀄리티는 아니에요! 근데 그걸 감안하고도 다른색상 구입하고 싶을 정도로 핏이랑 디자인이 맘에 들어요. 제가 흉곽이 살짝 큰편인데 신축성도 좋고 딱 예쁘게 맞아요,5.0,"{""사이즈"": ""적당함"", ""색상"": ""비슷함"", ""소재"": ""비슷함""}","[""https://media.wconcept.co.kr/review/308867100/308867100_1789051422445.jpeg?RS=300""]"
308867100,로트르드민,[20%쿠폰] [단독] Halter Layered Shirt Top,https://www.wconcept.co.kr/Product/308867100,1,5,dk******,2026.09.10,"블루스트라이프-그레이, Free",독특한데 입었을때 너무 예쁜 스타일이네요 좋아요,5.0,"{""사이즈"": ""적당함"", ""색상"": ""같음"", ""소재"": ""같음""}",[]
308867100,로트르드민,[20%쿠폰] [단독] Halter Layered Shirt Top,https://www.wconcept.co.kr/Product/308867100,1,6,Ju******,2026.09.09,"블루스트라이프-그레이, M-L",배송이 써져있는거보다 정말 빨리왔어요!! 맘에들어요,5.0,"{""사이즈"": ""작음"", ""색상"": ""비슷함"", ""소재"": ""비슷함""}","[""https://media.wconcept.co.kr/review/308867100/308867100_1788963901768.jpeg?RS=300""]"
308867100,로트르드민,[20%쿠폰] [단독] Halter Layered Shirt Top,https://www.wconcept.co.kr/Product/308867100,2,7,ja******,2026.09.09,"화이트-블랙, S-M",너무 임버요 어깨라인을 이쁘개 만들어주네요 ㅎㅎ,5.0,"{""사이즈"": ""큼"", ""색상"": ""다름"", ""소재"": ""다름""}","[""https://media.wconcept.co.kr/review/308867100/308867100_1788949797838.jpeg?RS=300""]"
308867100,로트르드민,[20%쿠폰] [단독] Halter Layered Shirt Top,https://www.wconcept.co.kr/Product/308867100,2,8,lo******,2026.09.09,"화이트-블랙, S-M",부들부들 입을때 느낌좋아요 기본 블랙엔화이트라 깔끔,5.0,"{""사이즈"": ""적당함"", ""색상"": ""같음"", ""소재"": ""같음""}","[""https://media.wconcept.co.kr/review/308867100/308867100_1788946162154.jpg?RS=300""]"
308867100,로트르드민,[20%쿠폰] [단독] Halter Layered Shirt Top,https://www.wconcept.co.kr/Product/308867100,2,9,wc******,2026.09.09,"화이트-블랙, Free",얇아요. 재질이 막 좋지는 않지만 디자인은 이뻐요.,5.0,"{""사이즈"": ""적당함"", ""색상"": ""같음"", ""소재"": ""비슷함""}","[""https://media.wconcept.co.kr/review/308867100/308867100_1788945632622.jpg?RS=300""]"
308867100,로트르드민,[20%쿠폰] [단독] Halter Layered Shirt Top,https://www.wconcept.co.kr/Product/308867100,2,10,ki******,2026.09.09,"화이트-블랙, S-M",아 디자인은 예쁜데ㅎㅎㅎ소재가 너무 후져요.. 이가격퀄리티는 절대아님;; 디자인 예뻐서 일단 입는데 가격은 내리시는게 ㅋㅋㅋ,3.0,"{""사이즈"": ""적당함"", ""색상"": ""같음"", ""소재"": ""다름""}","[""https://media.wconcept.co.kr/review/308867100/308867100_1788913511205.jpg?RS=300""]"
308867100,로트르드민,[20%쿠폰] [단독] Halter Layered Shirt Top,https://www.wconcept.co.kr/Product/308867100,2,11,so******,2026.09.09,"블루스트라이프-그레이, Free",카라부분이 조금 울기는 하는데 전체적으로 만족합니다.,5.0,"{""사이즈"": ""적당함"", ""색상"": ""같음"", ""소재"": ""같음""}","[""https://media.wconcept.co.kr/review/308867100/308867100_1788913274550.jpg?RS=300""]"
308867100,로트르드민,[20%쿠폰] [단독] Halter Layered Shirt Top,https://www.wconcept.co.kr/Product/308867100,2,12,ha******,2026.09.08,"핑크스트라이프-브라운, S-M",페미닌하면서 여리여리해보이지만 어떻게 매치하느냐에 따라 다양한 스타일이 가능해요 *-* 일단 옷 원단이 넘 좋아요!!!,5.0,"{""사이즈"": ""적당함"", ""색상"": ""같음"", ""소재"": ""같음""}","[""https://media.wconcept.co.kr/review/308867100/308867100_1788866413680.jpg?RS=300""]"
308867100,로트르드민,[20%쿠폰] [단독] Halter Layered Shirt Top,https://www.wconcept.co.kr/Product/308867100,3,13,bo******,2026.09.08,"화이트-블랙, Free",이뻐요!! 꾸꾸해야라는 날 입으면 될 것 같아요!!,5.0,"{""사이즈"": ""적당함"", ""색상"": ""같음"", ""소재"": ""같음""}","[""https://media.wconcept.co.kr/review/308867100/308867100_1788858787577.jpg?RS=300""]"
308867100,로트르드민,[20%쿠폰] [단독] Halter Layered Shirt Top,https://www.wconcept.co.kr/Product/308867100,3,14,wc******,2026.09.08,"화이트-블랙, Free",저도 똥머리하거 입어야하는데 머리가 잘안되네여,5.0,"{""사이즈"": ""적당함"", ""색상"": ""같음"", ""소재"": ""같음""}",[]
308867100,로트르드민,[20%쿠폰] [단독] Halter Layered Shirt Top,https://www.wconcept.co.kr/Product/308867100,3,15,nn******,2026.09.08,"화이트-블랙, S-M",디자인도 화면처럼 예쁘고 사이즈도 적당해서 조만간 잘 착용할 수 있을 것 같습니다.,5.0,"{""사이즈"": ""적당함"", ""색상"": ""같음"", ""소재"": ""비슷함""}","[""https://media.wconcept.co.kr/review/308867100/308867100_1788846040139.jpg?RS=300""]"
308867100,로트르드민,[20%쿠폰] [단독] Halter Layered Shirt Top,https://www.wconcept.co.kr/Product/308867100,3,16,tm******,2026.09.08,"화이트-블랙, Free",배송도 빠르게 보내주시고 ㅜㅜㅜ 옷도 사진이랑 똑같이 넘 이뻐요,5.0,"{""사이즈"": ""적당함"", ""색상"": ""같음"", ""소재"": ""비슷함""}",[]
308867100,로트르드민,[20%쿠폰] [단독] Halter Layered Shirt Top,https://www.wconcept.co.kr/Product/308867100,3,17,dj******,2026.09.08,"블루스트라이프-그레이, Free",어깨가 있는 편이라 첨에 라인잡는게 애매했는데 역시나 이쁘네용 ㅎㅎ리센느 느낌 ㅎㅎ,5.0,"{""사이즈"": ""적당함"", ""색상"": ""같음"", ""소재"": ""같음""}","[""https://media.wconcept.co.kr/review/308867100/308867100_1788839893301.jpg?RS=300""]"
308867100,로트르드민,[20%쿠폰] [단독] Halter Layered Shirt Top,https://www.wconcept.co.kr/Product/308867100,3,18,wc******,2026.09.08,"화이트-블랙, M-L",엄청 예뻐요. 노출이 살짝 있어서 산티나까 걱정했는데 왠지 고급진 느낌이 나요.,5.0,"{""사이즈"": ""적당함"", ""색상"": ""같음"", ""소재"": ""같음""}","[""https://media.wconcept.co.kr/review/308867100/308867100_1788835553837.jpg?RS=300""]"
308305489,베르네프,[6차리오더] 스트라이프 오픈카라 티셔츠 (3colors) WINE컬러추가,https://www.wconcept.co.kr/Product/308305489,1,1,wc******,2026.09.10,Navy,오늘갑자기추워서 개시했네요 깔끔하고 예뻐요,5.0,"{""사이즈"": ""적당함"", ""색상"": ""같음"", ""소재"": ""같음""}","[""https://media.wconcept.co.kr/review/308305489/308305489_1789043669681.jpg?RS=300""]"
308305489,베르네프,[6차리오더] 스트라이프 오픈카라 티셔츠 (3colors) WINE컬러추가,https://www.wconcept.co.kr/Product/308305489,1,2,ch******,2026.09.09,Wine,생각했던 그대로네요^^ 그레이랑 고민하다 와인색샀는데 이 색도 이뻐요^^,5.0,"{""사이즈"": ""큼"", ""색상"": ""같음"", ""소재"": ""같음""}","[""https://media.wconcept.co.kr/review/308305489/308305489_1788948592644.jpg?RS=300""]"
308305489,베르네프,[6차리오더] 스트라이프 오픈카라 티셔츠 (3colors) WINE컬러추가,https://www.wconcept.co.kr/Product/308305489,1,3,ke******,2026.09.04,Grey,생각했던 것 만큼 예뻐요! 차분한 그레이고 적당히 루즈해서 좋습니다 네이비 색상도 사고싶어요,5.0,"{""사이즈"": ""적당함"", ""색상"": ""같음"", ""소재"": ""같음""}","[""https://media.wconcept.co.kr/review/308305489/308305489_1788526857917.jpeg?RS=300""]"
308305489,베르네프,[6차리오더] 스트라이프 오픈카라 티셔츠 (3colors) WINE컬러추가,https://www.wconcept.co.kr/Product/308305489,1,4,go******,2026.09.04,Grey,박시한핏에 너무 편하게 툭 걸치기좋아요 이쁩니다,5.0,"{""사이즈"": ""큼"", ""색상"": ""같음"", ""소재"": ""같음""}","[""https://media.wconcept.co.kr/review/308305489/308305489_1788493929640.jpg?RS=300""]"
308305489,베르네프,[6차리오더] 스트라이프 오픈카라 티셔츠 (3colors) WINE컬러추가,https://www.wconcept.co.kr/Product/308305489,1,5,sh******,2026.09.02,Navy,구매하자마자 세일 들어가서 뼈아파요 ^^ 적립금에 포인트까지 썼는데….^^ 그래도 옷은 이뻐요! 초가을에 입기 딱일듯,5.0,"{""사이즈"": ""적당함"", ""색상"": ""같음"", ""소재"": ""같음""}","[""https://media.wconcept.co.kr/review/308305489/308305489_1788313011371.jpeg?RS=300""]"
308305489,베르네프,[6차리오더] 스트라이프 오픈카라 티셔츠 (3colors) WINE컬러추가,https://www.wconcept.co.kr/Product/308305489,1,6,wi******,2026.08.31,Grey,화면이랑 같고 부들부들해요. 가을돼서 입고싶네여,5.0,"{""사이즈"": ""적당함"", ""색상"": ""같음"", ""소재"": ""같음""}",[]
308305489,베르네프,[6차리오더] 스트라이프 오픈카라 티셔츠 (3colors) WINE컬러추가,https://www.wconcept.co.kr/Product/308305489,2,7,on******,2026.08.27,Wine,사이즈는 오버핏으로 나오구요 근데 제가 생각한 색상이 아니에요.. 저는 좀 더 쨍한 와인색을 생각했는데 채도 낮은 벽돌색입니다~~ 그리고 5만원대면 적당하다는 생각..,5.0,"{""사이즈"": ""적당함"", ""색상"": ""다름"", ""소재"": ""비슷함""}",[]
308305489,베르네프,[6차리오더] 스트라이프 오픈카라 티셔츠 (3colors) WINE컬러추가,https://www.wconcept.co.kr/Product/308305489,2,8,qo******,2026.08.23,Grey,다소 크긴 한데 예쁜 것 같아요 와이드 바지랑 입으면 예쁘더라구요 아직 입긴 덥고 가을템으로 추천,5.0,"{""사이즈"": ""큼"", ""색상"": ""같음"", ""소재"": ""같음""}",[]
308305489,베르네프,[6차리오더] 스트라이프 오픈카라 티셔츠 (3colors) WINE컬러추가,https://www.wconcept.co.kr/Product/308305489,2,9,ny******,2026.08.23,Grey,편하게 입기 좋아요~ 에어컨 바람 막이용으로 실내에서 입기도 좋아요!,5.0,"{""사이즈"": ""적당함"", ""색상"": ""같음"", ""소재"": ""같음""}","[""https://media.wconcept.co.kr/review/308305489/308305489_1787456470381.jpg?RS=300""]"
308305489,베르네프,[6차리오더] 스트라이프 오픈카라 티셔츠 (3colors) WINE컬러추가,https://www.wconcept.co.kr/Product/308305489,2,10,bi******,2026.08.22,Navy,그레이랑 네이비중 고민하다 둘다 주문함. 각각의컬러가 주는 장점이 다르지만 네이비 입었을때 얼굴이 좀 더 또렷해보이는건 안비밀!!,5.0,"{""사이즈"": ""적당함"", ""색상"": ""같음"", ""소재"": ""같음""}",[]
308305489,베르네프,[6차리오더] 스트라이프 오픈카라 티셔츠 (3colors) WINE컬러추가,https://www.wconcept.co.kr/Product/308305489,2,11,bi******,2026.08.22,Grey,처음 실물 봤을때의 느낌은 깔끔단정한 디자인과 적당한 두께감에 편히 입겠다였습니다..막상 입어보니 또 다른느낌! 전체적으로 흐르는핏이 힙해 하의매치에 따라 여러이미지 연출이 가능합니다.만족!!!!,5.0,"{""사이즈"": ""적당함"", ""색상"": ""같음"", ""소재"": ""같음""}",[]
308305489,베르네프,[6차리오더] 스트라이프 오픈카라 티셔츠 (3colors) WINE컬러추가,https://www.wconcept.co.kr/Product/308305489,2,12,wc******,2026.08.21,Grey,품과 소매는 완전 오버핏인데 길이는 너무 길지 않아서 더 좋은 것 같아요 재질도 좋고 저렴해보이지도 않고 만족합니다!,5.0,"{""사이즈"": ""적당함"", ""색상"": ""같음"", ""소재"": ""같음""}","[""https://media.wconcept.co.kr/review/308305489/308305489_1787295465042.jpg?RS=300""]"
308305489,베르네프,[6차리오더] 스트라이프 오픈카라 티셔츠 (3colors) WINE컬러추가,https://www.wconcept.co.kr/Product/308305489,3,13,sa******,2026.08.18,Grey,예쁩니다. 색상 디자인 맘에 듭니다. 넉넉한 편이고 살짝 루즈한 핏 나옵니다. 뻣뻣한 소재 아니고 부드럽게 흐르는 소재로 두께가 두껍지 않아요. 오히려 얇은 편. 초가을에 바로 입을 수 있겠네요. 요즘 옷값이 비싼 것 같네요. 세일 했어도 가격 대비 살짝 비싼 느낌은 있습니다.,5.0,"{""사이즈"": ""큼"", ""색상"": ""비슷함"", ""소재"": ""비슷함""}","[""https://media.wconcept.co.kr/review/308305489/308305489_1787014171827.jpg?RS=300"", ""https://media.wconcept.co.kr/review/308305489/308305489_1787014171720.jpg?RS=300""]"
308305489,베르네프,[6차리오더] 스트라이프 오픈카라 티셔츠 (3colors) WINE컬러추가,https://www.wconcept.co.kr/Product/308305489,3,14,dy******,2026.08.15,Grey,루즈핏에 여름에도 실내 위주 외출할때 잘 입을 것 같아요,5.0,"{""사이즈"": ""적당함"", ""색상"": ""같음"", ""소재"": ""같음""}","[""https://media.wconcept.co.kr/review/308305489/308305489_1786777180276.jpg?RS=300""]"
308305489,베르네프,[6차리오더] 스트라이프 오픈카라 티셔츠 (3colors) WINE컬러추가,https://www.wconcept.co.kr/Product/308305489,3,15,pi******,2026.08.13,Navy,적딩한 오버핏으로 날씨 좀 선선해지면 잘 입을것 같아요.,5.0,"{""사이즈"": ""적당함"", ""색상"": ""같음"", ""소재"": ""같음""}","[""https://media.wconcept.co.kr/review/308305489/308305489_1786548464548.jpg?RS=300""]"
308305489,베르네프,[6차리오더] 스트라이프 오픈카라 티셔츠 (3colors) WINE컬러추가,https://www.wconcept.co.kr/Product/308305489,3,16,pi******,2026.08.13,Grey,적딩한 오버핏으로 날씨 좀 선선해지면 잘 입을것 같아요.,5.0,"{""사이즈"": ""적당함"", ""색상"": ""같음"", ""소재"": ""같음""}","[""https://media.wconcept.co.kr/review/308305489/308305489_1786548443063.jpg?RS=300""]"
308305489,베르네프,[6차리오더] 스트라이프 오픈카라 티셔츠 (3colors) WINE컬러추가,https://www.wconcept.co.kr/Product/308305489,3,17,cj******,2026.08.12,Grey,가을에 이쁘게 착용 할 거 같습니다 회색 추천해요 이뻐요 환해집니다~,5.0,"{""사이즈"": ""적당함"", ""색상"": ""비슷함"", ""소재"": ""같음""}",[]
308305489,베르네프,[6차리오더] 스트라이프 오픈카라 티셔츠 (3colors) WINE컬러추가,https://www.wconcept.co.kr/Product/308305489,3,18,fl******,2026.08.12,Grey,네이비 사고 그레이도 삽니다 옆선 스트라이프선 안맞는것 빼곤 최고의 옷입니다 추레해보이지도 않고 단정하고 편해보여요,4.0,"{""사이즈"": ""큼"", ""색상"": ""비슷함"", ""소재"": ""비슷함""}","[""https://media.wconcept.co.kr/review/308305489/308305489_1786461332637.jpg?RS=300""]"
308870556,슬로우롤리,[20%쿠폰] Belted cotton work jacket_2 Colors,https://www.wconcept.co.kr/Product/308870556,1,1,hs******,2026.09.13,Beige_Free,편하게 입으면서도 포인트 있는 자켓을 찾다가 선택했어요. 전체적으로 여유 있는 느낌인데 허리 벨트를 묶으면 핏을 예쁘게 잡아줍니다. 코튼 소재라 피부에 닿는 느낌도 편안하고 움직일 때 불편함이 적었어요. 워크웨어 느낌의 디자인이라 청바지나 면바지와 특히 잘 어울립니다. 소매를 살짝 걷어서 입어도 자연스럽고 멋스러운 분위기가 나네요. 캐주얼룩 좋아하는 분들에게 잘 맞을 것 같습니다.ㅎㅎ,5.0,"{""사이즈"": ""적당함"", ""색상"": ""같음"", ""소재"": ""같음""}",[]
308870556,슬로우롤리,[20%쿠폰] Belted cotton work jacket_2 Colors,https://www.wconcept.co.kr/Product/308870556,1,2,yi******,2026.09.13,Beige_Free,"엉덩이까지 오는 길지 않는 기장에 핏은 넉넉한 편이고, 허리에 끈이 있어 날씬해 보여요 또 색감이 청바지랑 잘어울리고, 마감도 깔끔하네요",5.0,"{""사이즈"": ""적당함"", ""색상"": ""같음"", ""소재"": ""같음""}",[]
308870556,슬로우롤리,[20%쿠폰] Belted cotton work jacket_2 Colors,https://www.wconcept.co.kr/Product/308870556,1,3,hy******,2026.09.12,Beige_Free,워크 자켓 디자인에 벨트 조합이라 흔하지 않고 너무 예뻐요! 허리 끈 묶어서 연출하면 라인도 예쁘게 잡히고 비율도 좋아 보입니다ㅋㅋ 베이지 컬러라 어디든 코디하기 편하고 코튼 원단도 탄탄해서 오래 입을 수 있을 것 같아요! 완전 성공했습니다👏👏,5.0,"{""사이즈"": ""적당함"", ""색상"": ""같음"", ""소재"": ""같음""}",[]
308870556,슬로우롤리,[20%쿠폰] Belted cotton work jacket_2 Colors,https://www.wconcept.co.kr/Product/308870556,1,4,da******,2026.09.12,Beige_Free,그냥 봐도 가을가을한 느낌이쥬?! 실물 색감도 그래요ㅎㅎ 모델처럼 청바지에 매치해서 입어봤는데 그냥 예뻐요ㅎㅎ 카라만 컬러가 다르니까 더 스타일리쉬한 느낌.. 옷 마음에 들어요^^,5.0,"{""사이즈"": ""적당함"", ""색상"": ""같음"", ""소재"": ""같음""}",[]
308870556,슬로우롤리,[20%쿠폰] Belted cotton work jacket_2 Colors,https://www.wconcept.co.kr/Product/308870556,1,5,Ka******,2026.09.12,Beige_Free,포켓 디테일이 살아있는 워크 자켓 디자인에 벨트가 더해져 캐주얼하면서도 단정해요 차분한 베이지 톤이라 데님 팬츠나 롱스커트에 툭 걸치기만 해도 센스 있어 보임,5.0,"{""사이즈"": ""적당함"", ""색상"": ""같음"", ""소재"": ""같음""}",[]
308870556,슬로우롤리,[20%쿠폰] Belted cotton work jacket_2 Colors,https://www.wconcept.co.kr/Product/308870556,1,6,ni******,2026.09.11,Beige_Free,날씨가 갑자기 추워졌네용 베이지계열이라 무난하게 입을수있구요 출퇴근할때 입을려구 샀는데 괜찮아요,5.0,"{""사이즈"": ""적당함"", ""색상"": ""비슷함"", ""소재"": ""같음""}",[]
308870556,슬로우롤리,[20%쿠폰] Belted cotton work jacket_2 Colors,https://www.wconcept.co.kr/Product/308870556,2,7,wc******,2026.09.10,Beige_Free,고민하다가 주문했는데 실제로보니깐 더 마음에드네요! ㅎㅎ빠르게 주문시킬껄 그랬어요 요즘 날이 선선해져서 가을옷 쇼핑했는데 지금부터 입고다니기 좋구 허리 벨트 묶으면 핏이 살아나서 더 마음에 들어요~~!,5.0,"{""사이즈"": ""적당함"", ""색상"": ""같음"", ""소재"": ""같음""}",[]
308870556,슬로우롤리,[20%쿠폰] Belted cotton work jacket_2 Colors,https://www.wconcept.co.kr/Product/308870556,2,8,wc******,2026.09.07,Beige_Free,고민하다가 구매하였는데 너무좋습니다 자컷 너무 이쁘고 고급스럽고 좋습니다 배송도 빠르고 포장도 좋습니다 가격도 부담없이 구매하였습니다 자켓 너무 이쁘고 좋아서 지인들에게도 추천하였습니다 최고입니다~~,5.0,"{""사이즈"": ""적당함"", ""색상"": ""같음"", ""소재"": ""같음""}",[]
308870556,슬로우롤리,[20%쿠폰] Belted cotton work jacket_2 Colors,https://www.wconcept.co.kr/Product/308870556,2,9,wc******,2026.09.07,Beige_Free,목카라 부분이 브라운이고 전체적으로 베이지색이라 톤앤톤이 이쁘네요~ 특히 허리벨트가 있어서 그냥 툭 걸쳐 입는 것과 벨트를 묶어서 입는 느낌이 달라서 좋았어요 허리를 살짝 잡아주니까 자켓이 퍼져 보이지도 않고 날씬해보이는 느낌ㅎㅎ,5.0,"{""사이즈"": ""적당함"", ""색상"": ""같음"", ""소재"": ""같음""}",[]
308870556,슬로우롤리,[20%쿠폰] Belted cotton work jacket_2 Colors,https://www.wconcept.co.kr/Product/308870556,2,10,nn******,2026.09.06,Beige_Free,"사진 보고 디자인이 마음에 들어서 구매했는데 실제로 보니 더 예뻐요 워크자켓 특유의 포켓 디테일과 카라 디자인이 귀엽고, 허리 벨트가 있어서 그냥 입는 것보다 묶어서 연출했을 때 실루엣이 훨씬 예쁘게 잡혀요 베이지 컬러도 부담스럽지 않아서 청바지와 매치하기 좋고, 셔츠나 티셔츠 위에 걸쳐도 잘 어울릴 것 같아요. 디자인이 흔하지 않아서 특히 마음에 들어요!",5.0,"{""사이즈"": ""적당함"", ""색상"": ""같음"", ""소재"": ""같음""}",[]
308870556,슬로우롤리,[20%쿠폰] Belted cotton work jacket_2 Colors,https://www.wconcept.co.kr/Product/308870556,2,11,im******,2026.09.06,Beige_Free,생각했던 것보다 실물이 더 괜찮아서 만족했어요. 베이지 색상이 너무 노랗거나 진한 느낌이 아니라 자연스러워서 평소에 입던 옷이랑도 잘 어울립니다. 처음에는 워크자켓이라 조금 투박하지 않을까 했는데 실제로 입어보니까 오히려 깔끔하고 분위기가 있네요. 허리 부분을 살짝 잡아줄 수 있어서 그냥 툭 걸쳐 입는 것보다 핏을 정리해서 입을 수도 있는 점이 마음에 들었어요. 청바지에 입어도 잘 어울리고 기본 티셔츠나 셔츠 위에 걸쳐도 무난해서 생각보다 활용도가 높습니다.,5.0,"{""사이즈"": ""적당함"", ""색상"": ""같음"", ""소재"": ""같음""}",[]
308870556,슬로우롤리,[20%쿠폰] Belted cotton work jacket_2 Colors,https://www.wconcept.co.kr/Product/308870556,2,12,wc******,2026.09.04,Beige_Free,"따뜻하고 차분한 브라운 컬러라서 올가을 패셔니스트하게 입기 딱 좋겠어요. 허리 벨트 포인트 덕분에 허리라인이 슬림해 보이고, 청바지에도 어울림 딱 좋네요. 부담없이 편하게 입기 좋은 자켓 구매 잘했어요",5.0,"{""사이즈"": ""적당함"", ""색상"": ""같음"", ""소재"": ""같음""}","[""https://media.wconcept.co.kr/review/308870556/308870556_1788511169224.jpg?RS=300""]"
308870556,슬로우롤리,[20%쿠폰] Belted cotton work jacket_2 Colors,https://www.wconcept.co.kr/Product/308870556,3,13,ki******,2026.09.03,Beige_Free,"요즘 같은 날씨에 입기 딱 좋은 두께감이에요. 너무 얇지 않아서 바람도 잘 막아주고, 활동하기에도 편안해요. 안감도 깔끔하게 마감 처리되어 있어서 입었을 때 부드럽고요. 여행 갈 때 챙겨갔는데, 사진도 잘 나오고 편하게 잘 입었어요",5.0,"{""사이즈"": ""적당함"", ""색상"": ""같음"", ""소재"": ""같음""}",[]
308870556,슬로우롤리,[20%쿠폰] Belted cotton work jacket_2 Colors,https://www.wconcept.co.kr/Product/308870556,3,14,wc******,2026.09.03,Beige_Free,짧은 기장의 자켓이 필요해서 구매했어요. 골반 정도까지 오는 길이라 활동하기 편하고 탄탄한 소재가 몸을 딱 잡아줘서 핏도 예쁘네요. 허리 벨트가 허리 라인을 슬림하게 잡아줘서 전체적으로 허리는 가늘어 보이고 다리는 길어 보이는 효과가 있어요. 사이즈도 여유 있는 편이라 두꺼운 이너를 입어도 불편함 없이 편하게 활동할 수 있고 팬츠는 물론 스커트에도 잘 어울려 활용도가 높아요. 유행을 크게 타지 않는 디자인이라 오래 두고 자주 입을 수 있을 것 같아요. 데일리로 활용하기 좋은 자켓이라 추천합니다,5.0,"{""사이즈"": ""적당함"", ""색상"": ""같음"", ""소재"": ""같음""}","[""https://media.wconcept.co.kr/review/308870556/308870556_1788366048563.jpg?RS=300""]"
308870556,슬로우롤리,[20%쿠폰] Belted cotton work jacket_2 Colors,https://www.wconcept.co.kr/Product/308870556,3,15,tt******,2026.09.01,Beige_Free,"가을에 편하게 입을 아우터를 찾다가 디자인이 마음에 들어 구매했습니다. 베이지 컬러가 사진처럼 차분하고 따뜻한 느낌이라 청바지나 면바지 어디에나 잘 어울리네요. 허리 벨트가 있어서 그냥 입었을 때와 묶어서 입었을 때 분위기가 달라 활용하기 좋습니다. 전체적으로 여유 있는 핏이라 안에 니트나 맨투맨을 입어도 불편하지 않고, 카라와 포켓 디자인도 포인트가 되어 생각보다 훨씬 예쁩니다. 너무 캐주얼하지 않으면서도 편하게 입을 수 있어서 출근이나 주말 외출용으로 자주 손이 갈 것 같아요. 가격대가 조금 있지만 디자인과 활용도를 생각하면 만족스러운 구매입니다.",5.0,"{""사이즈"": ""적당함"", ""색상"": ""같음"", ""소재"": ""같음""}",[]
308870556,슬로우롤리,[20%쿠폰] Belted cotton work jacket_2 Colors,https://www.wconcept.co.kr/Product/308870556,3,16,wc******,2026.08.31,Beige_Free,곧 올 쌀쌀해질 날씨 대비해서 가볍게 걸칠 아우터 찾다가 워크자켓으로 구매했는데 혹시 너무 투박해 보일까 걱정했는데 허리 벨트를 딱 조여주니까 라인이 잡히면서 은근 여성스럽구 힙하네요ㅎㅎ 프리사이즈라 품이 넉넉해서 안에 도톰한 이너를 껴입어도 안부해 보여서 좋았구 코튼 소재도 흐물거리지 않고 탄탄해서 핏이 예쁘게 딱 떨어집니다. 색감이 칙칙하지 않은 맑은 베이지라 얼굴톤이 확 살아 보이기도 하구 출근할때 슬랙스에 입어도 단정하고 주말에 원피스 위에 툭 걸쳐도 꾸안꾸로 잘 어울려요. 흔한 자켓 디자인이 아니라서 앞으로 진짜 자주 입을것 같아요!ㅎㅎ,5.0,"{""사이즈"": ""적당함"", ""색상"": ""같음"", ""소재"": ""같음""}",[]
308870556,슬로우롤리,[20%쿠폰] Belted cotton work jacket_2 Colors,https://www.wconcept.co.kr/Product/308870556,3,17,ie******,2026.08.30,Beige_Free,"벨티드 디테일 덕분에 허리라인이 살아서 체형 커버가 잘 돼요. 베이지 컬러라 어디에나 매치하기 편하고, 워크재킷 특유의 캐주얼한 느낌이 살아있어서 좋아요.",5.0,"{""사이즈"": ""적당함"", ""색상"": ""같음"", ""소재"": ""같음""}","[""https://media.wconcept.co.kr/review/308870556/308870556_1788091029362.jpg?RS=300""]"
308870556,슬로우롤리,[20%쿠폰] Belted cotton work jacket_2 Colors,https://www.wconcept.co.kr/Product/308870556,3,18,wc******,2026.08.28,Beige_Free,"처음 받아보고 바로 입기보다 하루 정도 두었다가 착용해봤는데 생각했던 것보다 훨씬 만족스러웠어요ㅎㅎ 입었을 때 전체적인 실루엣도 깔끔하고 착용감도 자연스러워서 부담이 없더라고요~ 세탁 후에도 크게 달라진 느낌이 없어서 관리하기도 편했고, 여러 번 입을수록 더 괜찮다는 생각이 드는 제품이었습니다!",5.0,"{""사이즈"": ""적당함"", ""색상"": ""같음"", ""소재"": ""같음""}","[""https://media.wconcept.co.kr/review/308870556/308870556_1787920199803.jpg?RS=300""]"
308901712,아틀리에 나인,[9/13 단 하루!] [W컨셉 단독] UNBALANCEBUTTON STRING VOLUME CARDIGAN S (CD-2248),https://www.wconcept.co.kr/Product/308901712,1,1,ss******,2026.09.13,딥 네이비_FREE,마움에들어요~~ 배송도 엄청빠루개와서 ㅎㅎ 넘좋음! 가을에 휘뚜루마뚜루 완전 잘입을거같아요!,5.0,"{""사이즈"": ""적당함"", ""색상"": ""같음"", ""소재"": ""같음""}","[""https://media.wconcept.co.kr/review/308901712/308901712_1789302185675.jpeg?RS=300""]"
308901712,아틀리에 나인,[9/13 단 하루!] [W컨셉 단독] UNBALANCEBUTTON STRING VOLUME CARDIGAN S (CD-2248),https://www.wconcept.co.kr/Product/308901712,1,2,pi******,2026.09.12,멜란지 그레이_FREE,사선 버튼 디자인이랑 스트랩 포인트가 유니크하고 예뻐요. 소재도 부드럽고 핏이 예쁩니다!,5.0,"{""사이즈"": ""적당함"", ""색상"": ""같음"", ""소재"": ""같음""}","[""https://media.wconcept.co.kr/review/308901712/308901712_1789172355418.jpg?RS=300""]"
308901712,아틀리에 나인,[9/13 단 하루!] [W컨셉 단독] UNBALANCEBUTTON STRING VOLUME CARDIGAN S (CD-2248),https://www.wconcept.co.kr/Product/308901712,1,3,cl******,2026.09.08,딥 네이비_FREE,모델분 사진보고 뿅 반했어요~깊이 파지지않아서 너무 맘에듭니다 빨리 가을가을한 날씨가 오길~~,5.0,"{""사이즈"": ""적당함"", ""색상"": ""같음"", ""소재"": ""비슷함""}","[""https://media.wconcept.co.kr/review/308901712/308901712_1788820562756.jpg?RS=300""]"
308901712,아틀리에 나인,[9/13 단 하루!] [W컨셉 단독] UNBALANCEBUTTON STRING VOLUME CARDIGAN S (CD-2248),https://www.wconcept.co.kr/Product/308901712,1,4,jy******,2026.09.01,딥 네이비_FREE,원단이 부드럽고 착용감이 매우 좋아요! 추천합니다,5.0,"{""사이즈"": ""적당함"", ""색상"": ""비슷함"", ""소재"": ""비슷함""}","[""https://media.wconcept.co.kr/review/308901712/308901712_1788267934031.jpeg?RS=300""]"
308901712,아틀리에 나인,[9/13 단 하루!] [W컨셉 단독] UNBALANCEBUTTON STRING VOLUME CARDIGAN S (CD-2248),https://www.wconcept.co.kr/Product/308901712,1,5,wc******,2026.09.01,멜란지 그레이_FREE,사이즈 여유있고 핏도 예뻐요~가을에 잘 입을 것 같아요,5.0,"{""사이즈"": ""적당함"", ""색상"": ""같음"", ""소재"": ""같음""}","[""https://media.wconcept.co.kr/review/308901712/308901712_1788253389770.jpg?RS=300""]"
308901712,아틀리에 나인,[9/13 단 하루!] [W컨셉 단독] UNBALANCEBUTTON STRING VOLUME CARDIGAN S (CD-2248),https://www.wconcept.co.kr/Product/308901712,1,6,gh******,2026.08.24,아이보리_FREE,추워지면 바로 입으려고 구매했어요 넘 예쁩니당,5.0,"{""사이즈"": ""적당함"", ""색상"": ""같음"", ""소재"": ""같음""}","[""https://media.wconcept.co.kr/review/308901712/308901712_1787497534711.jpg?RS=300""]"
308886899,틸아이다이,[단 하루!] [여울 Pick] CASHMERE BLENDED V-NECK WOOL KNIT [TIFA04SW14]_Brown,https://www.wconcept.co.kr/Product/308886899,1,1,ch******,2026.08.25,BROWN_FREE,부드럽고 길이도 적당해서 맘에 들어요 안에 셔츠랑 같이 입으면 좋을 것 같아요,5.0,"{""사이즈"": ""적당함"", ""색상"": ""같음"", ""소재"": ""같음""}","[""https://media.wconcept.co.kr/review/308886899/308886899_1787661197642.jpeg?RS=300""]"
308886996,틸아이다이,[단 하루!] [헤이가가 Pick]Washed cotton high neck jacket [TIFA05JK02]_Navy,https://www.wconcept.co.kr/Product/308886996,1,1,wc******,2026.09.04,NAVY_FREE,면소재에요 힘있는 워싱면? 같은 느낌입니다. 컬러 비슷하고 카라는 채워 입는게 이쁘네요 사이즈 넉넉합니다. 추워지길 바래요,5.0,"{""사이즈"": ""큼"", ""색상"": ""비슷함"", ""소재"": ""다름""}","[""https://media.wconcept.co.kr/review/308886996/308886996_1788506572444.jpg?RS=300""]"
308886996,틸아이다이,[단 하루!] [헤이가가 Pick]Washed cotton high neck jacket [TIFA05JK02]_Navy,https://www.wconcept.co.kr/Product/308886996,1,2,le******,2026.08.27,NAVY_FREE,색도 좋고 그런데 소재가 좀 뻣뻣해요 세탁후면 좀 나아질까 ㅡㅡ 그래도 오버핏이고 툭 걸치기에 좋습니다 색도 좋고 맘에듭니다 빨리 추워졌으면 좋겠네요,4.0,"{""사이즈"": ""적당함"", ""색상"": ""비슷함"", ""소재"": ""다름""}",[]
308886996,틸아이다이,[단 하루!] [헤이가가 Pick]Washed cotton high neck jacket [TIFA05JK02]_Navy,https://www.wconcept.co.kr/Product/308886996,1,3,ka******,2026.08.26,NAVY_FREE,생각보다 더 오버핏이네요 요즘 야상스타일이 예뻐보여서 구매했어요 ㅎ,5.0,"{""사이즈"": ""큼"", ""색상"": ""비슷함"", ""소재"": ""비슷함""}","[""https://media.wconcept.co.kr/review/308886996/308886996_1787755870796.jpg?RS=300""]"
308886996,틸아이다이,[단 하루!] [헤이가가 Pick]Washed cotton high neck jacket [TIFA05JK02]_Navy,https://www.wconcept.co.kr/Product/308886996,1,4,bu******,2026.08.26,NAVY_FREE,소재가 탄탄하고 색상이 적당하게 워싱되어서 멋이 흐릅니다. 뒤에 스트링이 있어 부해보이지 않게 핏읗 맞출 수 있습니다. 가을이 왔으면 좋겠네요.,5.0,"{""사이즈"": ""적당함"", ""색상"": ""같음"", ""소재"": ""같음""}",[]
308886996,틸아이다이,[단 하루!] [헤이가가 Pick]Washed cotton high neck jacket [TIFA05JK02]_Navy,https://www.wconcept.co.kr/Product/308886996,1,5,wc******,2026.08.21,NAVY_FREE,가을을 너무 사랑한 나머지 FW아우터를 찾아보다가 틸아이다이 라이브 보고 구매하게 되었어요! 예약 배송으로 알고있었는데 벌써 도착해서 일단 기분 좋구요 ~ 핏도 색상도 예상한 그대로여서 만족합니다! 빨리 입고싶어라 ..🫶,5.0,"{""사이즈"": ""큼"", ""색상"": ""같음"", ""소재"": ""같음""}","[""https://media.wconcept.co.kr/review/308886996/308886996_1787299196058.jpeg?RS=300"", ""https://media.wconcept.co.kr/review/308886996/308886996_1787299195925.jpeg?RS=300""]"
308895677,레테라,[30%쿠폰] [단독]Urban Safari Jumper_Beige,https://www.wconcept.co.kr/Product/308895677,1,1,90******,2026.09.12,Beige,기본 야상으로 입기 좋아요. 넘 얇아서 좀만 더 두꺼웠으면 더 좋았겠어오,5.0,"{""사이즈"": ""적당함"", ""색상"": ""같음"", ""소재"": ""같음""}","[""https://media.wconcept.co.kr/review/308895677/308895677_1789208558780.jpeg?RS=300""]"
308895677,레테라,[30%쿠폰] [단독]Urban Safari Jumper_Beige,https://www.wconcept.co.kr/Product/308895677,1,2,wa******,2026.09.10,Beige,요즘입기 너무너무좋아요 완전 핵강추!!! 품도널널하고 가벼워서 너무좋아요 가을 젤좋아하는데 옷도맘에들어서 즐거운 출근길이네요 ㅎㅎㅎ 그리구 팔이짧은편이라 소매가 살짝긴데 소매 좁게할수있어서 제겐 너무좋아요,5.0,"{""사이즈"": ""적당함"", ""색상"": ""같음"", ""소재"": ""같음""}","[""https://media.wconcept.co.kr/review/308895677/308895677_1788994746991.jpeg?RS=300"", ""https://media.wconcept.co.kr/review/308895677/308895677_1788994746959.jpeg?RS=300"", ""https://media.wconcept.co.kr/review/308895677/308895677_1788994746877.jpeg?RS=300""]"
308895677,레테라,[30%쿠폰] [단독]Urban Safari Jumper_Beige,https://www.wconcept.co.kr/Product/308895677,1,3,ar******,2026.09.09,Beige,제품 하단 스트링 누락됐습니다. 카톡플러스친구는 채팅가능시간이 아니라고 응답이 없네요,5.0,"{""사이즈"": ""적당함"", ""색상"": ""같음"", ""소재"": ""같음""}","[""https://media.wconcept.co.kr/review/308895677/308895677_1788918035771.jpeg?RS=300"", ""https://media.wconcept.co.kr/review/308895677/308895677_1788918035625.jpeg?RS=300""]"
308895677,레테라,[30%쿠폰] [단독]Urban Safari Jumper_Beige,https://www.wconcept.co.kr/Product/308895677,1,4,cj******,2026.09.08,Beige,야상이라 무난할 줄 알았는데 막상 입어보니까 흔한 듯하면서도 디테일이 은근 달라서 예뻐요ㅋㅋ 무엇보다 진짜 가벼워서 막 걸치기 좋고 핏도 부해 보이지 않아요. 입고 나갔더니 엄마도 어디서 샀냐고 자꾸 탐내네요 🤣,5.0,"{""사이즈"": ""적당함"", ""색상"": ""같음"", ""소재"": ""같음""}",[]
308895677,레테라,[30%쿠폰] [단독]Urban Safari Jumper_Beige,https://www.wconcept.co.kr/Product/308895677,1,5,tn******,2026.09.08,Beige,가볍게 툭 걸치기 좋은 야상이에요~ 야상인데도 핏이 투박하지 않아서 너무 예뻐요. 가벼워서 지금부터 데일리로 진짜 자주 손 갈 것 같아요 :),5.0,"{""사이즈"": ""적당함"", ""색상"": ""같음"", ""소재"": ""같음""}",[]
308895677,레테라,[30%쿠폰] [단독]Urban Safari Jumper_Beige,https://www.wconcept.co.kr/Product/308895677,1,6,wc******,2026.09.07,Beige,"적당한 오버핏 이쁩니다,,,잘입으껭요 ㅎㅎㅎ",5.0,"{""사이즈"": ""큼"", ""색상"": ""비슷함"", ""소재"": ""비슷함""}","[""https://media.wconcept.co.kr/review/308895677/308895677_1788783529248.jpeg?RS=300""]"
308895677,레테라,[30%쿠폰] [단독]Urban Safari Jumper_Beige,https://www.wconcept.co.kr/Product/308895677,2,7,wl******,2026.09.06,Beige,키가 작은편이라 오버핏 야상들 입으면 너무 커보여서 맘에 드는 야상 찾기 힘든데 적당한 오버핏이예요 작년에 가디건 사고 맘에 들어서 이브랜드에서 처음 아우터 구매했는데 핏이 전체적으로 여성스러운거 같아요~ 마감도 깔끔하고 올 가을 자주 착용할거 같아요,5.0,"{""사이즈"": ""적당함"", ""색상"": ""같음"", ""소재"": ""같음""}",[]
308895677,레테라,[30%쿠폰] [단독]Urban Safari Jumper_Beige,https://www.wconcept.co.kr/Product/308895677,2,8,Dk******,2026.09.06,Beige,일주일새 날씨가 급 쌀쌀해져서 구매했어요 리뷰데로 핏 깔끔하고 너무 두껍지 않아서 주말 저녁에 잘 걸쳤어요 다른컬로도 있으면 좋겠어요,5.0,"{""사이즈"": ""적당함"", ""색상"": ""같음"", ""소재"": ""같음""}",[]
308895677,레테라,[30%쿠폰] [단독]Urban Safari Jumper_Beige,https://www.wconcept.co.kr/Product/308895677,2,9,wc******,2026.09.06,Beige,"저는 167에 옷에 따라 M,L을 입는 살집이 좀 있는 아이 엄마입니다 색감이며 재질이며 가볍게 휘뚜루 마뚜루 잘 입어질 외투예요 지금날씨부터 안에 도톰히 입으면 11월초까지는 입지않을까 싶어요^^ 그리고 초봄이되면 다시 잘 입을듯 싶습니다 목 넥이 작년 겨울외투 산건 이뻤는데 넘올라와서 많이 불편해서 후회했는데 이번 봄가을 외투는 목넥이 많이 올라오지 않아서 목이 편해서 좋습니다 스커트고 바지고 다 어울릴것 같아요 추천합니다!!! 사진은 올리고 싶었는데 폰 카메라가 깨져서 못찍었어요ㅜ 착샷 올리고 싶었는데 아쉬워요",5.0,"{""사이즈"": ""적당함"", ""색상"": ""같음"", ""소재"": ""같음""}",[]
308895677,레테라,[30%쿠폰] [단독]Urban Safari Jumper_Beige,https://www.wconcept.co.kr/Product/308895677,2,10,wc******,2026.09.06,Beige,괜찮네요! 야상느낌이면서도 깔끔 클래식한 느낌이 있어서 두루두루 잘 걸칠 것 같습니다^^,5.0,"{""사이즈"": ""적당함"", ""색상"": ""같음"", ""소재"": ""같음""}",[]
308895677,레테라,[30%쿠폰] [단독]Urban Safari Jumper_Beige,https://www.wconcept.co.kr/Product/308895677,2,11,ss******,2026.09.06,Beige,야상 너무 마음에 들어요ㅋㅋ 배송 오자마자 빨리 입고 싶어서 마침 아침에 마트 갈 일 있길래 잠옷 위에 그냥 걸치고 나왔어요ㅋㅋㅋ 대충 입어도 핏이 예뻐서 너무 만족.. 날씨 더 선선해지면 진짜 맨날 입고 다닐 것 같아요!!,5.0,"{""사이즈"": ""적당함"", ""색상"": ""같음"", ""소재"": ""같음""}","[""https://media.wconcept.co.kr/review/308895677/308895677_1788681709211.jpeg?RS=300"", ""https://media.wconcept.co.kr/review/308895677/308895677_1788681709096.jpeg?RS=300""]"
308895677,레테라,[30%쿠폰] [단독]Urban Safari Jumper_Beige,https://www.wconcept.co.kr/Product/308895677,2,12,yh******,2026.09.06,Beige,언니랑 같이샀어요 ㅎㅎ 맘에들어요!! 고민마니했는데 오자마자 겟겟,5.0,"{""사이즈"": ""적당함"", ""색상"": ""같음"", ""소재"": ""같음""}","[""https://media.wconcept.co.kr/review/308895677/308895677_1788680843689.jpeg?RS=300""]"
308895677,레테라,[30%쿠폰] [단독]Urban Safari Jumper_Beige,https://www.wconcept.co.kr/Product/308895677,3,13,yh******,2026.09.06,Beige,진짜 너무 예뻐요ㅠㅠ 핏도 너무 예쁘고 툭 걸쳐만 줘도 코디가 확 살아나요! 날씨도 슬슬 시원해져서 이제 맨날 이것만 입고 다닐 것 같아요ㅋㅋ 야상 좋아하시는 분들은 무조건 추천이에요🤍,5.0,"{""사이즈"": ""적당함"", ""색상"": ""같음"", ""소재"": ""같음""}","[""https://media.wconcept.co.kr/review/308895677/308895677_1788679574549.jpeg?RS=300""]"
308895677,레테라,[30%쿠폰] [단독]Urban Safari Jumper_Beige,https://www.wconcept.co.kr/Product/308895677,3,14,ep******,2026.09.05,Beige,바람막이처럼 대개얇네요 완전기본심플템이에요 기슴팍주머니가 더 달려있고 찡박히고 어깨에 은색쇠단추박혀있고 소매에도 한겹더 뭐가 둘러있고 이런거없이 깔끔하고 무난해서 마음에들어요,5.0,"{""사이즈"": ""적당함"", ""색상"": ""같음"", ""소재"": ""같음""}","[""https://media.wconcept.co.kr/review/308895677/308895677_1788574457812.jpeg?RS=300""]"
308895677,레테라,[30%쿠폰] [단독]Urban Safari Jumper_Beige,https://www.wconcept.co.kr/Product/308895677,3,15,ch******,2026.09.03,Beige,곧 쌀쌀해 져서 가볍게 걸칠 옷 찾다가 색감이랑 소재 디자인 다 원하던 스타일이라 주문~다른 디자인이랑 고민 했는데 받아보니 딱 맘에 들고 좋네요!.확실히 기본 디자인이라 손이 더 많이 갈듯하고 착용감도 소재도 편하고 참 좋네요🤎옷 은근 간지템~색도 밝은 베이지라 넘 이쁜건 안비밀!.ㅋ,5.0,"{""사이즈"": ""적당함"", ""색상"": ""같음"", ""소재"": ""같음""}","[""https://media.wconcept.co.kr/review/308895677/308895677_1788446167373.jpg?RS=300"", ""https://media.wconcept.co.kr/review/308895677/308895677_1788446167278.jpg?RS=300""]"
308895677,레테라,[30%쿠폰] [단독]Urban Safari Jumper_Beige,https://www.wconcept.co.kr/Product/308895677,3,16,wc******,2026.09.03,Beige,체구가 작아서 저한테는 좀 오버핏이에요. 쌀쌀해지면 안에 두껍게 입어도 될 것 같아요.,5.0,"{""사이즈"": ""큼"", ""색상"": ""같음"", ""소재"": ""같음""}","[""https://media.wconcept.co.kr/review/308895677/308895677_1788371167002.jpeg?RS=300""]"
308895677,레테라,[30%쿠폰] [단독]Urban Safari Jumper_Beige,https://www.wconcept.co.kr/Product/308895677,3,17,wl******,2026.09.01,Beige,간만에 맘에드는 야상 발견! 비오면서 좀 선선해졌길래 올해 첫 가을 아우터 구매했는데 핏 너무 예뻐요 !! 작년에도 야상 여러개 샀다가 아빠옷 같아서 반품했는데 너무 길지도 헤비하지도 않고 남자 야상 입은 느낌 아니라서 맘에 들어요!! 운동갈때 입고 나갓다가 더워서 들고왓지만 부피 작아서 9월에도 무난하게 걸쳣다가 들엇다가 하면서 입기 좋을듯해요!!’ 완존 핵 추천!!!,5.0,"{""사이즈"": ""적당함"", ""색상"": ""같음"", ""소재"": ""같음""}","[""https://media.wconcept.co.kr/review/308895677/308895677_1788259232916.jpeg?RS=300"", ""https://media.wconcept.co.kr/review/308895677/308895677_1788259232882.jpeg?RS=300"", ""https://media.wconcept.co.kr/review/308895677/308895677_1788259232783.jpeg?RS=300""]"
308895677,레테라,[30%쿠폰] [단독]Urban Safari Jumper_Beige,https://www.wconcept.co.kr/Product/308895677,3,18,wc******,2026.08.25,Beige,디자인은 넘 맘에 들어요 리뷰에 얇다는거 보고 샀는데 좀 얇나 싶다가도 햇다가 작년 가을 사진 보니 10월에도 반팔에 바람막이 입고 있어서 핏 예뻐서 그냥 품어요~,5.0,"{""사이즈"": ""적당함"", ""색상"": ""같음"", ""소재"": ""같음""}","[""https://media.wconcept.co.kr/review/308895677/308895677_1787633825381.jpeg?RS=300"", ""https://media.wconcept.co.kr/review/308895677/308895677_1787633825334.jpeg?RS=300"", ""https://media.wconcept.co.kr/review/308895677/308895677_1787633825252.jpeg?RS=300""]"
307393621,올리브데올리브,[30%쿠폰] [해삐PICK]오버핏 스웨이드 블루종 점퍼 OE6XJ8740,https://www.wconcept.co.kr/Product/307393621,1,1,lu******,2026.09.12,L_GREY_55_01,생각보다...음...너무 빤딱거리는 재질이라 조금 싸구려같은 느낌이 ㅠㅠㅠ 가격대비 조금만 더 고급스러웠으면 좋았을것같아요,5.0,"{""사이즈"": ""적당함"", ""색상"": ""같음"", ""소재"": ""비슷함""}","[""https://media.wconcept.co.kr/review/307393621/307393621_1789187813496.jpg?RS=300""]"
307393621,올리브데올리브,[30%쿠폰] [해삐PICK]오버핏 스웨이드 블루종 점퍼 OE6XJ8740,https://www.wconcept.co.kr/Product/307393621,1,2,ke******,2026.09.12,L_GREY_66_02,배송은 조금 걸렸지만 엄청 부드럽고 디자인 예뻐요 그레이는 처음 입어보는데 깔끔하고 맘에 들어요^^,5.0,"{""사이즈"": ""큼"", ""색상"": ""비슷함"", ""소재"": ""같음""}","[""https://media.wconcept.co.kr/review/307393621/307393621_1789170871159.jpg?RS=300""]"
307393621,올리브데올리브,[30%쿠폰] [해삐PICK]오버핏 스웨이드 블루종 점퍼 OE6XJ8740,https://www.wconcept.co.kr/Product/307393621,1,3,ye******,2026.09.12,L_GREY_55_01,옷컬러며 재질이며 핏이며 진짜 너무 만족스럽고 예쁜옷이에요~~이 가격이 대만족입니다 입었을때 핏 완전 굿이에요^^,5.0,"{""사이즈"": ""적당함"", ""색상"": ""같음"", ""소재"": ""같음""}","[""https://media.wconcept.co.kr/review/307393621/307393621_1789164615619.jpg?RS=300""]"
307393621,올리브데올리브,[30%쿠폰] [해삐PICK]오버핏 스웨이드 블루종 점퍼 OE6XJ8740,https://www.wconcept.co.kr/Product/307393621,1,4,su******,2026.09.11,L_GREY_55_01,조금 큰듯한데 예쁘네요^^ 이번가을잘입겠습니다,5.0,"{""사이즈"": ""적당함"", ""색상"": ""같음"", ""소재"": ""같음""}",[]
307393621,올리브데올리브,[30%쿠폰] [해삐PICK]오버핏 스웨이드 블루종 점퍼 OE6XJ8740,https://www.wconcept.co.kr/Product/307393621,1,5,ye******,2026.09.11,L_GREY_66_02,예뻐요 ㅎㅎ 가을에 잘 입고 다닐거같아요 168 기준 엉덩이 중간까지 옵니다,5.0,"{""사이즈"": ""적당함"", ""색상"": ""같음"", ""소재"": ""같음""}","[""https://media.wconcept.co.kr/review/307393621/307393621_1789086751900.jpg?RS=300""]"
307393621,올리브데올리브,[30%쿠폰] [해삐PICK]오버핏 스웨이드 블루종 점퍼 OE6XJ8740,https://www.wconcept.co.kr/Product/307393621,1,6,rl******,2026.09.10,L_GREY_55_01,예쁘고 착용감이 편안합니다. 세탁이 까다로울거같긴한데 예뻐서 조심해서 입을려고합니다.,5.0,"{""사이즈"": ""적당함"", ""색상"": ""같음"", ""소재"": ""같음""}","[""https://media.wconcept.co.kr/review/307393621/307393621_1789000543802.jpg?RS=300""]"
307393621,올리브데올리브,[30%쿠폰] [해삐PICK]오버핏 스웨이드 블루종 점퍼 OE6XJ8740,https://www.wconcept.co.kr/Product/307393621,2,7,wc******,2026.09.09,L_GREY_66_02,광택 스웨이드 같은 느낌으로 핏은 아방에서 캐주얼하게 입기 좋을 것 같아요!,5.0,"{""사이즈"": ""적당함"", ""색상"": ""비슷함"", ""소재"": ""같음""}","[""https://media.wconcept.co.kr/review/307393621/307393621_1788939768498.jpg?RS=300""]"
307393621,올리브데올리브,[30%쿠폰] [해삐PICK]오버핏 스웨이드 블루종 점퍼 OE6XJ8740,https://www.wconcept.co.kr/Product/307393621,2,8,wc******,2026.09.09,L_GREY_66_02,모델이 입은데 예뻐서 샀는데 직접입어보니까 진짜 예뻐요,5.0,"{""사이즈"": ""큼"", ""색상"": ""비슷함"", ""소재"": ""비슷함""}","[""https://media.wconcept.co.kr/review/307393621/307393621_1788930579201.jpg?RS=300""]"
307393621,올리브데올리브,[30%쿠폰] [해삐PICK]오버핏 스웨이드 블루종 점퍼 OE6XJ8740,https://www.wconcept.co.kr/Product/307393621,2,9,dm******,2026.09.09,L_BROWN_66_02,후기가 그레이가 많아 궁금하긴 했는데 제 피부톤엔 딮한 색이 더 어울려서 브라운 골랐어요. 브라운에 올리브그린이 조금 섞인 느낌이고 너무 붉지고 노랗지도 않아 좋아요. 간절기 아웃터 정도의 두께고 가벼워요. 너무 추울땐 못입을거 같아요. 적당히 오버핏이고 디자인은 괜찮은데 목부분이 힘이 없어서 그건 좀 아쉽네요. 세일가 정도가 적당한거 같아요,5.0,"{""사이즈"": ""적당함"", ""색상"": ""같음"", ""소재"": ""같음""}","[""https://media.wconcept.co.kr/review/307393621/307393621_1788920935488.jpeg?RS=300""]"
307393621,올리브데올리브,[30%쿠폰] [해삐PICK]오버핏 스웨이드 블루종 점퍼 OE6XJ8740,https://www.wconcept.co.kr/Product/307393621,2,10,ba******,2026.09.09,L_GREY_55_01,봄부터 사고싶어요 쎌을해서 주문했어요 배송도 빠르고 스타일도 화면과 비슷해요 빨리 가을이 왔으면 좋겠어요 친구것도 선물용으로도 같이 샀어요,5.0,"{""사이즈"": ""큼"", ""색상"": ""다름"", ""소재"": ""비슷함""}","[""https://media.wconcept.co.kr/review/307393621/307393621_1788894406506.jpg?RS=300""]"
307393621,올리브데올리브,[30%쿠폰] [해삐PICK]오버핏 스웨이드 블루종 점퍼 OE6XJ8740,https://www.wconcept.co.kr/Product/307393621,2,11,ba******,2026.09.09,L_GREY_66_02,봄부터 사고싶어요 쎌을해서 주문했어요 배송도 빠르고 스타일도 화면과 비슷해요 빨리 가을이 왔으면 좋겠어요,5.0,"{""사이즈"": ""큼"", ""색상"": ""비슷함"", ""소재"": ""비슷함""}","[""https://media.wconcept.co.kr/review/307393621/307393621_1788894329311.jpg?RS=300""]"
307393621,올리브데올리브,[30%쿠폰] [해삐PICK]오버핏 스웨이드 블루종 점퍼 OE6XJ8740,https://www.wconcept.co.kr/Product/307393621,2,12,wc******,2026.09.08,L_GREY_55_01,생각보다 두껍고 따뜻해료. 막 입기 좋아보여요.,5.0,"{""사이즈"": ""적당함"", ""색상"": ""같음"", ""소재"": ""같음""}","[""https://media.wconcept.co.kr/review/307393621/307393621_1788877509598.jpeg?RS=300""]"
307393621,올리브데올리브,[30%쿠폰] [해삐PICK]오버핏 스웨이드 블루종 점퍼 OE6XJ8740,https://www.wconcept.co.kr/Product/307393621,3,13,hy******,2026.09.08,L_GREY_66_02,맨날 랭킹 상위권에 있길래 궁금해서 구매해봤어요! 미듐 샀는데 확실히 오버핏이라 처음엔 ‘이게 맞나?’ 싶을 정도로 컸거든요? 근데 계속 보다 보니 은근히 매력 있고 예뻐요. 안에 두꺼운 상의 입고 툭 걸쳐주면 편하게 잘 입을 것 같습니다. 흔하지 않은 컬러라 고급스럽고 스웨이드 재질 특유의 멋스러움이 제대로네요. 볼수록 마음에 들어서 품기로 했습니다!,5.0,"{""사이즈"": ""큼"", ""색상"": ""같음"", ""소재"": ""비슷함""}","[""https://media.wconcept.co.kr/review/307393621/307393621_1788867410458.jpg?RS=300""]"
307393621,올리브데올리브,[30%쿠폰] [해삐PICK]오버핏 스웨이드 블루종 점퍼 OE6XJ8740,https://www.wconcept.co.kr/Product/307393621,3,14,qm******,2026.09.07,L_GREY_55_01,"무난하게 하나쯤 갖고 있으면 좋은 외투입니다! 코디도 편할 것 같고 착용감도 좋고, 핏도 예뻐서 전체적으로 만족합니다! 가을에 잘 입을 것 같아요",5.0,"{""사이즈"": ""적당함"", ""색상"": ""같음"", ""소재"": ""같음""}",[]
307393621,올리브데올리브,[30%쿠폰] [해삐PICK]오버핏 스웨이드 블루종 점퍼 OE6XJ8740,https://www.wconcept.co.kr/Product/307393621,3,15,na******,2026.09.06,L_GREY_55_01,오버핏인데 이뻐요 팔은좀긴편이지만 따뜻해요,5.0,"{""사이즈"": ""적당함"", ""색상"": ""같음"", ""소재"": ""같음""}",[]
307393621,올리브데올리브,[30%쿠폰] [해삐PICK]오버핏 스웨이드 블루종 점퍼 OE6XJ8740,https://www.wconcept.co.kr/Product/307393621,3,16,ji******,2026.09.06,L_GREY_55_01,작년부터 눈여겨보고있었는데 세일을 크게 하길래 구매했어요 스웨이드 자켓은 처음이라 비교군이 없어서 퀄리티까지는 잘모르겠지만 무난하게 여기저기 코디 가능할듯싶어요!,5.0,"{""사이즈"": ""적당함"", ""색상"": ""비슷함"", ""소재"": ""비슷함""}","[""https://media.wconcept.co.kr/review/307393621/307393621_1788677448322.jpg?RS=300""]"
307393621,올리브데올리브,[30%쿠폰] [해삐PICK]오버핏 스웨이드 블루종 점퍼 OE6XJ8740,https://www.wconcept.co.kr/Product/307393621,3,17,et******,2026.09.05,L_GREY_66_02,너무예뻐요. 예전부터 보고있었는데드디어구입했어요. 빨리 가을이왔으면좋겠어요,5.0,"{""사이즈"": ""적당함"", ""색상"": ""같음"", ""소재"": ""같음""}","[""https://media.wconcept.co.kr/review/307393621/307393621_1788595070336.jpg?RS=300""]"
307393621,올리브데올리브,[30%쿠폰] [해삐PICK]오버핏 스웨이드 블루종 점퍼 OE6XJ8740,https://www.wconcept.co.kr/Product/307393621,3,18,wc******,2026.09.03,L_GREY_55_01,계속 보기만하다가 세일할때 구입했습니다 44인데 많이 안커보이고 이런색이 없어서 잘 입을거 같아요,5.0,"{""사이즈"": ""적당함"", ""색상"": ""같음"", ""소재"": ""비슷함""}","[""https://media.wconcept.co.kr/review/307393621/307393621_1788438791836.jpeg?RS=300""]"
307375766,오디에르,[30%쿠폰] mohair stripe collar pullover-4colors,https://www.wconcept.co.kr/Product/307375766,1,1,da******,2026.09.13,WINE_ONE,"생각보다 기네요.. 보풀이 많이 생길것같고, 니트라 늘어지는건 어쩔수 없나봐요ㅜㅜ",3.0,"{""사이즈"": ""적당함"", ""색상"": ""비슷함"", ""소재"": ""비슷함""}","[""https://media.wconcept.co.kr/review/307375766/307375766_1789277930745.jpg?RS=300""]"
307375766,오디에르,[30%쿠폰] mohair stripe collar pullover-4colors,https://www.wconcept.co.kr/Product/307375766,1,2,wc******,2026.09.12,DEEP GREEN_ONE,넉넉하이 올가을 너무 이쁘게 잘 입을거 같아요. 구멍이 좀 숭숭이라 이너입고 입으면 좋을듯 합니다.,5.0,"{""사이즈"": ""큼"", ""색상"": ""같음"", ""소재"": ""같음""}","[""https://media.wconcept.co.kr/review/307375766/307375766_1789206190497.jpg?RS=300"", ""https://media.wconcept.co.kr/review/307375766/307375766_1789206190372.jpg?RS=300""]"
307375766,오디에르,[30%쿠폰] mohair stripe collar pullover-4colors,https://www.wconcept.co.kr/Product/307375766,1,3,mi******,2026.09.12,WINE_ONE,까끌거림은 확실히 있네요. 고민하다 색이 예뻐서 킵합니다~,5.0,"{""사이즈"": ""큼"", ""색상"": ""같음"", ""소재"": ""비슷함""}","[""https://media.wconcept.co.kr/review/307375766/307375766_1789204026973.jpg?RS=300""]"
307375766,오디에르,[30%쿠폰] mohair stripe collar pullover-4colors,https://www.wconcept.co.kr/Product/307375766,1,4,wc******,2026.09.12,WINE_ONE,색감이랑 디자인은 맘에 들어요 뒤에 레이스라벨이 포인트네요 부들부들리뷰가 많은데 약간 까슬거리네요 보풀도 잘 일어날것같은 소재라서 가격대비 좀 실망했어요,5.0,"{""사이즈"": ""큼"", ""색상"": ""같음"", ""소재"": ""비슷함""}","[""https://media.wconcept.co.kr/review/307375766/307375766_1789200966540.jpg?RS=300""]"
307375766,오디에르,[30%쿠폰] mohair stripe collar pullover-4colors,https://www.wconcept.co.kr/Product/307375766,1,5,oo******,2026.09.10,STRAWBERRY MILK_ONE,분홍색 색상 나오자마자 펀딩으로 구매했는데 오늘 받았네요~ 색감이며 소재 너무 좋아요😀 지금 날씨에 입기 딱인듯해요 그리고 목뒷쪽에 레이스로 포인트 들어간것도 여리여리해 보이는 포인트인거 같아요,5.0,"{""사이즈"": ""적당함"", ""색상"": ""같음"", ""소재"": ""같음""}","[""https://media.wconcept.co.kr/review/307375766/307375766_1789021743357.jpg?RS=300"", ""https://media.wconcept.co.kr/review/307375766/307375766_1789021743236.jpg?RS=300""]"
307375766,오디에르,[30%쿠폰] mohair stripe collar pullover-4colors,https://www.wconcept.co.kr/Product/307375766,1,6,pr******,2026.09.10,NAVY_ONE,덥지않은 소재라 가을에 딱 좋을 것 같아요 좋습니당,5.0,"{""사이즈"": ""적당함"", ""색상"": ""같음"", ""소재"": ""같음""}",[]
307375766,오디에르,[30%쿠폰] mohair stripe collar pullover-4colors,https://www.wconcept.co.kr/Product/307375766,2,7,so******,2026.09.09,WINE_ONE,생각했던것보다 너어어어어무 얇아요. 봄 늦 여름에 입어도 괜찮을 것 같아요. 본격적인 가을에 좀 추울 것 같아요. 색상 이쁘고 길이감 좋습니다.,5.0,"{""사이즈"": ""적당함"", ""색상"": ""같음"", ""소재"": ""같음""}","[""https://media.wconcept.co.kr/review/307375766/307375766_1788937084188.jpg?RS=300""]"
307375766,오디에르,[30%쿠폰] mohair stripe collar pullover-4colors,https://www.wconcept.co.kr/Product/307375766,2,8,kk******,2026.09.09,WINE_ONE,"가을가을색상이뻐요. 재질은 부드럽구요,여행전 도착해서 감사~~^^ 예쁘게 입고 사진 찍어야죠. 화이트스커트랑 연청바지에 잘 어울릴듯 사이즈는 와이드핏입니다",5.0,"{""사이즈"": ""큼"", ""색상"": ""같음"", ""소재"": ""비슷함""}","[""https://media.wconcept.co.kr/review/307375766/307375766_1788930718309.jpg?RS=300""]"
307375766,오디에르,[30%쿠폰] mohair stripe collar pullover-4colors,https://www.wconcept.co.kr/Product/307375766,2,9,sk******,2026.07.22,NAVY_ONE,미리 구매했습니다 옷은 가볍고 좋아보여요~ 세일가로 만족합니다,5.0,"{""사이즈"": ""적당함"", ""색상"": ""비슷함"", ""소재"": ""비슷함""}","[""https://media.wconcept.co.kr/review/307375769/307375769_1784710769823.jpg?RS=300""]"
307375766,오디에르,[30%쿠폰] mohair stripe collar pullover-4colors,https://www.wconcept.co.kr/Product/307375766,2,10,od******,2026.05.16,WINE_ONE,릴스에서 보고 이뻐서 샀는데 진짜 완전 가볍고 너무 이뻐요,5.0,"{""사이즈"": ""적당함"", ""색상"": ""같음"", ""소재"": ""같음""}","[""https://media.wconcept.co.kr/review/307375766/307375766_1778859080803.jpg?RS=300""]"
307375766,오디에르,[30%쿠폰] mohair stripe collar pullover-4colors,https://www.wconcept.co.kr/Product/307375766,2,11,dl******,2026.04.24,DEEP GREEN_ONE,가벼워요 니트류같지않게 생각보다 가벼움ㅋㅋㅋ디자인 예뻐욤!,5.0,"{""사이즈"": ""적당함"", ""색상"": ""같음"", ""소재"": ""같음""}",[]
307375766,오디에르,[30%쿠폰] mohair stripe collar pullover-4colors,https://www.wconcept.co.kr/Product/307375766,2,12,pu******,2026.04.17,WINE_ONE,까슬거린다는 후기땜에 고민했눈데 생각보다 부드럽구요 차르르 떨어져서 여리여리 해보이고 맘에 들어용,5.0,"{""사이즈"": ""큼"", ""색상"": ""비슷함"", ""소재"": ""비슷함""}","[""https://media.wconcept.co.kr/review/307375766/307375766_1776408714752.jpeg?RS=300""]"
307375766,오디에르,[30%쿠폰] mohair stripe collar pullover-4colors,https://www.wconcept.co.kr/Product/307375766,3,13,hj******,2026.04.15,WINE_ONE,예뻐여 사진과 똑같아요,5.0,"{""사이즈"": ""적당함"", ""색상"": ""같음"", ""소재"": ""같음""}","[""https://media.wconcept.co.kr/review/307375766/307375766_1776232213189.jpg?RS=300""]"
307375766,오디에르,[30%쿠폰] mohair stripe collar pullover-4colors,https://www.wconcept.co.kr/Product/307375766,3,14,hj******,2026.04.15,DEEP GREEN_ONE,예뻐여 사진과 똑같아요,5.0,"{""사이즈"": ""적당함"", ""색상"": ""같음"", ""소재"": ""같음""}","[""https://media.wconcept.co.kr/review/307375768/307375768_1776232171800.jpg?RS=300""]"
307375766,오디에르,[30%쿠폰] mohair stripe collar pullover-4colors,https://www.wconcept.co.kr/Product/307375766,3,15,ok******,2026.04.15,NAVY_ONE,리뷰들말이 다 맞네요ㅋㅋ루즈핏이너무이뻐요 그러다보니 겉옷없이 입을때가 제일이뻐요,5.0,"{""사이즈"": ""큼"", ""색상"": ""같음"", ""소재"": ""같음""}","[""https://media.wconcept.co.kr/review/307375769/307375769_1776180111363.jpg?RS=300""]"
307375766,오디에르,[30%쿠폰] mohair stripe collar pullover-4colors,https://www.wconcept.co.kr/Product/307375766,3,16,be******,2026.04.09,WINE_ONE,꾸안꾸하기 좋은 패션입니다. 추천해요,5.0,"{""사이즈"": ""큼"", ""색상"": ""같음"", ""소재"": ""같음""}","[""https://media.wconcept.co.kr/review/307375766/307375766_1775713900117.jpg?RS=300""]"
307375766,오디에르,[30%쿠폰] mohair stripe collar pullover-4colors,https://www.wconcept.co.kr/Product/307375766,3,17,hj******,2026.04.04,WINE_ONE,이쁘고 사진과 똑같아요 근데 보풀이 빨리 일어납니다,5.0,"{""사이즈"": ""적당함"", ""색상"": ""같음"", ""소재"": ""같음""}","[""https://media.wconcept.co.kr/review/307375766/307375766_1775283332364.jpg?RS=300""]"
307375766,오디에르,[30%쿠폰] mohair stripe collar pullover-4colors,https://www.wconcept.co.kr/Product/307375766,3,18,wc******,2026.03.29,WINE_ONE,색이 넘 이쁘고 지금 날씨에 딱 단품으로 입기 좋아요 여리여리한 느낌이고 반바지에 잘어울려요 약간 까슬거려서 나시 입고 입으면 좋을듯,5.0,"{""사이즈"": ""적당함"", ""색상"": ""같음"", ""소재"": ""같음""}","[""https://media.wconcept.co.kr/review/307375766/307375766_1774773987701.jpg?RS=300"", ""https://media.wconcept.co.kr/review/307375766/307375766_1774773987578.jpg?RS=300""]"
307187866,어스,[30%쿠폰] [10차리오더][기장선택가능] US102 레귤러 플레어진 (연청),https://www.wconcept.co.kr/Product/307187866,1,1,dl******,2026.09.13,"BLUE, LONG M(총장 +5CM 버전)",길이가 조금 길어서 수선해서 입으랴구요 핏음 좋습미당당,5.0,"{""사이즈"": ""적당함"", ""색상"": ""같음"", ""소재"": ""같음""}",[]
307187866,어스,[30%쿠폰] [10차리오더][기장선택가능] US102 레귤러 플레어진 (연청),https://www.wconcept.co.kr/Product/307187866,1,2,yo******,2026.09.13,"BLUE, S",기대했던것과 다르게 다소 크고 핏이 달라서 아쉬워요,5.0,"{""사이즈"": ""큼"", ""색상"": ""같음"", ""소재"": ""같음""}",[]
307187866,어스,[30%쿠폰] [10차리오더][기장선택가능] US102 레귤러 플레어진 (연청),https://www.wconcept.co.kr/Product/307187866,1,3,cr******,2026.09.13,"BLUE, S",허리는 크고 골반은 맞는 핏입니다 길이감은 검정은 길고 청은 짧고 일정하지 않아 아쉽네요,5.0,"{""사이즈"": ""적당함"", ""색상"": ""같음"", ""소재"": ""같음""}",[]
307187866,어스,[30%쿠폰] [10차리오더][기장선택가능] US102 레귤러 플레어진 (연청),https://www.wconcept.co.kr/Product/307187866,1,4,wc******,2026.09.12,"BLUE, M",스판기 없고 좀 빳빳한 느낌이에요 대신 체형보정이 잘 됩니다,5.0,"{""사이즈"": ""적당함"", ""색상"": ""같음"", ""소재"": ""같음""}",[]
307187866,어스,[30%쿠폰] [10차리오더][기장선택가능] US102 레귤러 플레어진 (연청),https://www.wconcept.co.kr/Product/307187866,1,5,zi******,2026.09.11,"BLUE, M",생각보다 허리가 크긴 한데 전체적인 핏은 이뻐요,5.0,"{""사이즈"": ""큼"", ""색상"": ""같음"", ""소재"": ""같음""}","[""https://media.wconcept.co.kr/review/307187866/307187866_1789082200630.jpg?RS=300""]"
307187866,어스,[30%쿠폰] [10차리오더][기장선택가능] US102 레귤러 플레어진 (연청),https://www.wconcept.co.kr/Product/307187866,1,6,rl******,2026.09.09,"BLUE, M",길이나 통이 잘 맞아요. 근데 허리는 좀 크게 나온 것 같아요. 그건 좀 아쉽긴 해요. 그래도 잘 입을게요. 잘 산 것 같습니다. 색이 예쁘고 편해요.,5.0,"{""사이즈"": ""적당함"", ""색상"": ""같음"", ""소재"": ""같음""}","[""https://media.wconcept.co.kr/review/307187866/307187866_1788956108213.jpeg?RS=300""]"
307187866,어스,[30%쿠폰] [10차리오더][기장선택가능] US102 레귤러 플레어진 (연청),https://www.wconcept.co.kr/Product/307187866,2,7,fa******,2026.09.09,"BLUE, LONG S(총장 +5CM 버전)",164cm에는 s기장이 딱 맞는 것 같아요 기장추가하니까 엄청 기네요 ㅎㅎ,5.0,"{""사이즈"": ""적당함"", ""색상"": ""같음"", ""소재"": ""같음""}",[]
307187866,어스,[30%쿠폰] [10차리오더][기장선택가능] US102 레귤러 플레어진 (연청),https://www.wconcept.co.kr/Product/307187866,2,8,ma******,2026.09.09,"BLUE, LONG S(총장 +5CM 버전)",S가 너무 타이트해서 m으로 교환했는데 좀 여유있지만 이게맞는거같아요,5.0,"{""사이즈"": ""적당함"", ""색상"": ""같음"", ""소재"": ""같음""}","[""https://media.wconcept.co.kr/review/307187866/307187866_1788951282915.jpg?RS=300""]"
307187866,어스,[30%쿠폰] [10차리오더][기장선택가능] US102 레귤러 플레어진 (연청),https://www.wconcept.co.kr/Product/307187866,2,9,wc******,2026.09.09,"BLUE, M",바지 소재 탄탄하고 스판기는 없어요 핏 잘잡아주고 밑위길어서 편해요 다리길어보이고 날씬해 보여요 맘에 듭니다 다른색상도 구매 예정 입니다,5.0,"{""사이즈"": ""적당함"", ""색상"": ""같음"", ""소재"": ""같음""}","[""https://media.wconcept.co.kr/review/307187866/307187866_1788911677525.jpg?RS=300""]"
307187866,어스,[30%쿠폰] [10차리오더][기장선택가능] US102 레귤러 플레어진 (연청),https://www.wconcept.co.kr/Product/307187866,2,10,eu******,2026.09.07,"BLUE, M",163cm정도 되는데 기본에서 5cm정도 줄였어요~~스 판기 없어서 배부지이지만 적당히 잘잡아줘요 ㅎㅎ,5.0,"{""사이즈"": ""적당함"", ""색상"": ""같음"", ""소재"": ""같음""}","[""https://media.wconcept.co.kr/review/307187866/307187866_1788736177069.jpeg?RS=300""]"
307187866,어스,[30%쿠폰] [10차리오더][기장선택가능] US102 레귤러 플레어진 (연청),https://www.wconcept.co.kr/Product/307187866,2,11,ll******,2026.09.06,"BLUE, M",후기대로 허리가 꽤 컸고 골반 허벅지는 핏되는 스타일이네요 벨트가 필수긴한데 전반적으로 괜찮아요,5.0,"{""사이즈"": ""적당함"", ""색상"": ""같음"", ""소재"": ""같음""}","[""https://media.wconcept.co.kr/review/307187866/307187866_1788679794546.jpeg?RS=300""]"
307187866,어스,[30%쿠폰] [10차리오더][기장선택가능] US102 레귤러 플레어진 (연청),https://www.wconcept.co.kr/Product/307187866,2,12,ki******,2026.09.06,"BLUE, LONG S(총장 +5CM 버전)","핏이랑 기장, 컬러 전부 너무 마음에 들어요. 이렇게 맘에 드는 청바지 정말 오랜만이에요.",5.0,"{""사이즈"": ""적당함"", ""색상"": ""같음"", ""소재"": ""같음""}","[""https://media.wconcept.co.kr/review/307187866/307187866_1788651523243.jpg?RS=300""]"
307187866,어스,[30%쿠폰] [10차리오더][기장선택가능] US102 레귤러 플레어진 (연청),https://www.wconcept.co.kr/Product/307187866,3,13,es******,2026.09.06,"BLUE, L",미쳣더여ㅋㅋ기장 긴거 안했는데 딱 길이 좋아요~,5.0,"{""사이즈"": ""적당함"", ""색상"": ""같음"", ""소재"": ""같음""}",[]
307187866,어스,[30%쿠폰] [10차리오더][기장선택가능] US102 레귤러 플레어진 (연청),https://www.wconcept.co.kr/Product/307187866,3,14,aj******,2026.09.05,"BLUE, S",전 허리는 딱맞아요. 나머지는 여유있어요 빳빳한소재예요.,5.0,"{""사이즈"": ""적당함"", ""색상"": ""같음"", ""소재"": ""같음""}","[""https://media.wconcept.co.kr/review/307187866/307187866_1788597230351.jpeg?RS=300""]"
307187866,어스,[30%쿠폰] [10차리오더][기장선택가능] US102 레귤러 플레어진 (연청),https://www.wconcept.co.kr/Product/307187866,3,15,op******,2026.09.05,"BLUE, S",왜 인기있는지 이유를 알았어요 입는 순간 다리도 길어보이고 색상이며 핏이며 완벽 그 잡채!,5.0,"{""사이즈"": ""적당함"", ""색상"": ""같음"", ""소재"": ""같음""}","[""https://media.wconcept.co.kr/review/307187866/307187866_1788576566505.jpg?RS=300""]"
307187866,어스,[30%쿠폰] [10차리오더][기장선택가능] US102 레귤러 플레어진 (연청),https://www.wconcept.co.kr/Product/307187866,3,16,sa******,2026.09.04,"BLUE, S",사이즈 잘맞고 입다보니 몸에맞게 늘어나서 편해지네요 색상도 중청이고 지금부터 입기 좋겠네요,5.0,"{""사이즈"": ""적당함"", ""색상"": ""비슷함"", ""소재"": ""비슷함""}","[""https://media.wconcept.co.kr/review/307187866/307187866_1788516625212.jpg?RS=300""]"
307187866,어스,[30%쿠폰] [10차리오더][기장선택가능] US102 레귤러 플레어진 (연청),https://www.wconcept.co.kr/Product/307187866,3,17,oz******,2026.09.04,"BLUE, S",생각보다 핏이 크네요 어정쩡항핏이에요 ㅠㅠㅠ 크네여,5.0,"{""사이즈"": ""큼"", ""색상"": ""비슷함"", ""소재"": ""비슷함""}","[""https://media.wconcept.co.kr/review/307187866/307187866_1788497958040.jpeg?RS=300""]"
307187866,어스,[30%쿠폰] [10차리오더][기장선택가능] US102 레귤러 플레어진 (연청),https://www.wconcept.co.kr/Product/307187866,3,18,db******,2026.09.04,"BLUE, M",커서 s로 교환했어요 검정색 s가 저한텐 너무 꽉맞은 느낌이였는데 연청은 좀 더 크네요 핏이 너무 이뻐요 깔별로 다 쟁겨야하는 청바지입니다 ㅎㅎㅎ,5.0,"{""사이즈"": ""적당함"", ""색상"": ""같음"", ""소재"": ""같음""}","[""https://media.wconcept.co.kr/review/307187866/307187866_1788482813809.jpeg?RS=300""]"
308882914,레이첼콕스,[20%쿠폰] [단독][블랙3일배송]LORNE Wedge Slingback_RC3002P,https://www.wconcept.co.kr/Product/308882914,1,1,ro******,2026.09.13,"Brown, 230","블랙 너무 잘신어져서 브라운도 구매,역시 편하고 고급져요 모든 구두 230 신는데 정사이즈 잘 맞아요",5.0,"{""사이즈"": ""적당함"", ""색상"": ""같음"", ""발볼"": ""적당함""}",[]
308882914,레이첼콕스,[20%쿠폰] [단독][블랙3일배송]LORNE Wedge Slingback_RC3002P,https://www.wconcept.co.kr/Product/308882914,1,2,en******,2026.09.13,"Black, 230",구두225 운동화230신는데 혹시나해서 230으로 주문했는데요 딱 맞아서 신고 걸어다니니 발가락이 너무 아팠습니다 ㅠㅠ 끈까지 늘려서 신어봤는데도 발가락 너무 아프네요,5.0,"{""사이즈"": ""작음"", ""색상"": ""같음"", ""발볼"": ""좁음""}",[]
308882914,레이첼콕스,[20%쿠폰] [단독][블랙3일배송]LORNE Wedge Slingback_RC3002P,https://www.wconcept.co.kr/Product/308882914,1,3,ha******,2026.09.10,"235, 3일배송 Black",웨지라 그런가 정말 너무 편해요 굽이 있다고 안느껴질정도에요 생각보다 앞은 더 뾰족한데 그래서 더 여성스럽고 예쁘네요,5.0,"{""사이즈"": ""적당함"", ""색상"": ""같음"", ""발볼"": ""적당함""}","[""https://media.wconcept.co.kr/review/308882914/308882914_1789028341030.jpg?RS=300"", ""https://media.wconcept.co.kr/review/308882914/308882914_1789028340923.jpg?RS=300""]"
308882914,레이첼콕스,[20%쿠폰] [단독][블랙3일배송]LORNE Wedge Slingback_RC3002P,https://www.wconcept.co.kr/Product/308882914,1,4,sp******,2026.09.10,"235, 3일배송 Black",여유있는핏은230 핏되는신발은 235신는데 235로 했어요. 착화감이나 디자인은 다 괜찮은거같은데 가죽이 좀 얇은거같아요. 집에서 신고 몇번걸어봤는데 주름이 잘 가네요. 내구성이 조심스럽긴합니다. 그냥 자주 열심히 예쁘게 신어보겠습니다,5.0,"{""사이즈"": ""적당함"", ""색상"": ""비슷함"", ""발볼"": ""적당함""}","[""https://media.wconcept.co.kr/review/308882914/308882914_1789017977834.jpg?RS=300""]"
308882914,레이첼콕스,[20%쿠폰] [단독][블랙3일배송]LORNE Wedge Slingback_RC3002P,https://www.wconcept.co.kr/Product/308882914,1,5,ch******,2026.09.09,"Beige, 230",편하고 좋아요 색감이 웜해서 가을에도 신어도 될것같아요,5.0,"{""사이즈"": ""적당함"", ""색상"": ""비슷함"", ""발볼"": ""적당함""}","[""https://media.wconcept.co.kr/review/308882914/308882914_1788953149550.jpg?RS=300""]"
308882914,레이첼콕스,[20%쿠폰] [단독][블랙3일배송]LORNE Wedge Slingback_RC3002P,https://www.wconcept.co.kr/Product/308882914,1,6,ba******,2026.09.09,"235, 3일배송 Black",배송빠르고 제품도 깔끔하네요! 착화감 좋아서 자주 신을것같아요♡,5.0,"{""사이즈"": ""적당함"", ""색상"": ""같음"", ""발볼"": ""적당함""}",[]
308882914,레이첼콕스,[20%쿠폰] [단독][블랙3일배송]LORNE Wedge Slingback_RC3002P,https://www.wconcept.co.kr/Product/308882914,2,7,du******,2026.09.07,"Brown, 235",발볼 넓은 230이라 235 주문하니 편해요. 날렵하게 빠진 웨지힐이라 여성스러운 룩에도 다 잘 어울리면서도 착화감 좋습니다.,5.0,"{""사이즈"": ""적당함"", ""색상"": ""같음"", ""발볼"": ""적당함""}","[""https://media.wconcept.co.kr/review/308882914/308882914_1788775530183.jpg?RS=300""]"
308882914,레이첼콕스,[20%쿠폰] [단독][블랙3일배송]LORNE Wedge Slingback_RC3002P,https://www.wconcept.co.kr/Product/308882914,2,8,ro******,2026.09.04,"Black, 230",소재의 질감이나 마감에서 전체적으로 완성도가 느껴집니다. 착화했을 때 형태가 흐트러지지 않고 실루엣이 안정적으로 잡히는 점도 좋았어요. 전체적으로 군더더기 없이 정돈된 인상입니다.브라운도 구매합니다.,5.0,"{""사이즈"": ""적당함"", ""색상"": ""같음"", ""발볼"": ""적당함""}",[]
308882914,레이첼콕스,[20%쿠폰] [단독][블랙3일배송]LORNE Wedge Slingback_RC3002P,https://www.wconcept.co.kr/Product/308882914,2,9,sa******,2026.09.04,"Black, 245",발 볼 있는 240이라 반업했더니 잘 맞아요 앞코가 뾰족해서 맘에 들고 둔탁하지 않은 느낌이라 맘에 듭니다 굽도 얇지만 통으로 되어 있어서 좀 더 안정감이 있어요 패키징도 깔끔하게 왔고 아주 맘에 드네요,5.0,"{""사이즈"": ""적당함"", ""색상"": ""같음"", ""발볼"": ""적당함""}","[""https://media.wconcept.co.kr/review/308909096/308909096_1788496832014.jpeg?RS=300"", ""https://media.wconcept.co.kr/review/308909096/308909096_1788496831907.jpeg?RS=300"", ""https://media.wconcept.co.kr/review/308909096/308909096_1788496831803.jpeg?RS=300""]"
308882914,레이첼콕스,[20%쿠폰] [단독][블랙3일배송]LORNE Wedge Slingback_RC3002P,https://www.wconcept.co.kr/Product/308882914,2,10,bj******,2026.09.03,"240, 3일배송 Black",발아파서 구두 잘 안신는데 신고가야할 자리가 있어 구매했습니다. 생각보다 편하고 잘맞아요. 감사합니다.,5.0,"{""사이즈"": ""적당함"", ""색상"": ""비슷함"", ""발볼"": ""적당함""}","[""https://media.wconcept.co.kr/review/308882914/308882914_1788422853237.jpg?RS=300""]"
308882914,레이첼콕스,[20%쿠폰] [단독][블랙3일배송]LORNE Wedge Slingback_RC3002P,https://www.wconcept.co.kr/Product/308882914,2,11,sk******,2026.09.01,"Black, 240","..와 굽있는 슬링백중에 이렇게 편한건 처음이에요..레이첼콕스 부츠만 사봤었는데 역시 착화함이 진짜 좋네요 ㅠㅠ 굽도 그냥 일자굽이 아닌, 웨지 스타일이라 특이해서 너무 맘에들어요! 기장 살짝 긴 슬랙스에 매치하면 더 이쁠 것 같아요 ❤️",5.0,"{""사이즈"": ""적당함"", ""색상"": ""같음"", ""발볼"": ""적당함""}","[""https://media.wconcept.co.kr/review/308909096/308909096_1788262885753.jpeg?RS=300"", ""https://media.wconcept.co.kr/review/308909096/308909096_1788262885705.jpeg?RS=300"", ""https://media.wconcept.co.kr/review/308909096/308909096_1788262885617.jpeg?RS=300""]"
308882914,레이첼콕스,[20%쿠폰] [단독][블랙3일배송]LORNE Wedge Slingback_RC3002P,https://www.wconcept.co.kr/Product/308882914,2,12,ji******,2026.08.30,"Brown, 235","엄청 뾰족한 앞코 쉐입이라 발이 아플까 걱정했는데 칼발이라 그런지 발이 안아팠어요. 발볼이 있으신 분들은 반사이즈 업해서 구매하면 편하게 신으실 것 같아요!!! 크흐,,, 옆라인이 너무 이쁜데 딥 브라운,,, 반다이크 브라운이 고급스러움 듬뿍 얹어주는것 같아서 이번 가을 제 데일리 슈즈가 확정이예요",5.0,"{""사이즈"": ""적당함"", ""색상"": ""같음"", ""발볼"": ""좁음""}","[""https://media.wconcept.co.kr/review/308909096/308909096_1788081281308.jpeg?RS=300"", ""https://media.wconcept.co.kr/review/308909096/308909096_1788081281257.jpeg?RS=300"", ""https://media.wconcept.co.kr/review/308909096/308909096_1788081281142.jpeg?RS=300""]"
308882914,레이첼콕스,[20%쿠폰] [단독][블랙3일배송]LORNE Wedge Slingback_RC3002P,https://www.wconcept.co.kr/Product/308882914,3,13,2d******,2026.08.28,"235, 3일배송 Black","친구 결혼식 때 신을 만한 신발이 없어서 급하게 구매했는데, 하객룩뿐만 아니라 데일리로도 신기 좋은 것 같아요. 평소 230~235 신는데 235 사이즈 길이감 딱 맞았어요! 브라운이랑 고민하다가 손이 더 많이 갈 것 같은 블랙으로 구매했는데, 신어보고 편하면 브라운도 구매해보려구요.",5.0,"{""사이즈"": ""적당함"", ""색상"": ""같음"", ""발볼"": ""적당함""}",[]
308882914,레이첼콕스,[20%쿠폰] [단독][블랙3일배송]LORNE Wedge Slingback_RC3002P,https://www.wconcept.co.kr/Product/308882914,3,14,ka******,2026.08.28,"Black, 230","오래 기다렸는데, 기대했던 것보다 훨씬 예쁘네요! 착화감도 생각보다 편안합니다! 가죽도 부드럽고, 디자인도 사진보다 예뻐요!",5.0,"{""사이즈"": ""적당함"", ""색상"": ""같음"", ""발볼"": ""적당함""}",[]
308882914,레이첼콕스,[20%쿠폰] [단독][블랙3일배송]LORNE Wedge Slingback_RC3002P,https://www.wconcept.co.kr/Product/308882914,3,15,rl******,2026.08.28,"235, 3일배송 Black",가죽이 부드러워서 그런지 발까짐 전혀 없구요!! 운동화235 구두240 착용하는데 240사이즈 하니까 딱 좋았어요~ 굽이 웨지힐이라 너무 편해용🩶 너무 잘 고른 이번 가을 아이템 인것 같아요!! 3일 배송이라고 되어있어서 급하게 주문한건데 빨리와서 이번주말 결혼식 갈때 신으려구용 :)) 대만족입니다✨,5.0,"{""사이즈"": ""적당함"", ""색상"": ""같음"", ""발볼"": ""적당함""}","[""https://media.wconcept.co.kr/review/308882914/308882914_1787900513020.jpeg?RS=300"", ""https://media.wconcept.co.kr/review/308882914/308882914_1787900512975.jpeg?RS=300"", ""https://media.wconcept.co.kr/review/308882914/308882914_1787900512889.jpeg?RS=300""]"
308870240,슬로우롤리,[20%쿠폰] Check pocket shirt_2 Colors,https://www.wconcept.co.kr/Product/308870240,1,1,zz******,2026.09.13,Wine_Free,와인 컬러 셔츠가 흔하지 않아서 포인트로 입기 좋을 것 같아 주문했는데 실제로 받아보니 색감이 생각보다 더 예뻐서 마음에 들어요 너무 쨍하거나 어두운 느낌 없이 은은한 와인색이라 가을 코디에 특히 잘 어울리네요 체크 패턴도 과하지 않고 깔끔해서 데일리로 입기 좋고 앞쪽 포켓 디테일 덕분에 밋밋하지 않아요 품도 여유가 있는 편이라 단추를 잠가 입어도 편하고 티셔츠 위에 가볍게 걸쳐도 예쁘네요 청바지나 블랙 팬츠처럼 기본 하의에만 매치해도 코디가 쉽게 완성돼서 활용도 높은 셔츠 같아요,5.0,"{""사이즈"": ""적당함"", ""색상"": ""같음"", ""소재"": ""같음""}",[]
308870240,슬로우롤리,[20%쿠폰] Check pocket shirt_2 Colors,https://www.wconcept.co.kr/Product/308870240,1,2,in******,2026.09.12,Wine_Free,소재가 정말 좋네요 감촉이 좋습니다. 가슴이 있으면 어깨가 좀 넓어 보이는 디자인이에요. 약간 애매한... 가금에 패치가 외인색인줄 알았는데 갈색이네요. 가을에 무난하게 걸치는 셔츠로 잘 입을 것 같습니다,4.0,"{""사이즈"": ""큼"", ""색상"": ""비슷함"", ""소재"": ""같음""}","[""https://media.wconcept.co.kr/review/308870240/308870240_1789214175292.jpg?RS=300""]"
308870240,슬로우롤리,[20%쿠폰] Check pocket shirt_2 Colors,https://www.wconcept.co.kr/Product/308870240,1,3,hy******,2026.09.12,Wine_Free,와인 컬러 체크 패턴이 실물로 보니까 훨씬 고급스럽고 빈티지한 매력이 있어요! 포켓 디테일 덕분에 심심하지 않고 단독으로 입거나 티셔츠 위에 걸쳐 입기 딱입니다ㅋㅋ 원단도 너무 얇지 않고 힘이 있어서 가을 내내 손이 자주 갈 것 같아요!,5.0,"{""사이즈"": ""적당함"", ""색상"": ""같음"", ""소재"": ""같음""}",[]
308870240,슬로우롤리,[20%쿠폰] Check pocket shirt_2 Colors,https://www.wconcept.co.kr/Product/308870240,1,4,ye******,2026.09.11,Brown_Free,색상이 튀지 않아서 사무실에서 입기에도 부담이 없었습니다. 포켓 디테일이 있어서 셔츠 자체로도 디자인적인 완성도가 느껴졌어요.,5.0,"{""사이즈"": ""적당함"", ""색상"": ""같음"", ""소재"": ""같음""}",[]
308870240,슬로우롤리,[20%쿠폰] Check pocket shirt_2 Colors,https://www.wconcept.co.kr/Product/308870240,1,5,ys******,2026.09.11,Wine_Free,"사진으로 봤을 때는 조금 캐주얼한 느낌이 강할 것 같았는데 직접 입어보니 색감이 차분해서 생각보다 깔끔했어요. 와인 컬러가 은근히 분위기를 만들어줘서 단순한 체크 셔츠보다 조금 더 포인트가 있는 느낌이고, 체크 자체도 부담스럽지 않아서 데일리로 입기 좋더라고요. 포켓이 있어서 디자인이 심심하지 않고 편하게 입었을 때도 자연스러운 느낌이 있어요. 청바지나 베이지색 팬츠랑 입으면 편안한 데일리룩으로 잘 어울리고, 블랙 팬츠와 매치하면 조금 더 차분하게 연출할 수 있을 것 같아요. 개인적으로 너무 꾸민 느낌의 옷보다는 자연스럽게 멋을 낼 수 있는 스타일을 좋아하는데 그런 면에서 만족스러웠어요. 와인 컬러라 계절감도 잘 느껴지고 하나만 입어도 포인트가 되니까 가을이나 겨울에 특히 자주 입게 될 것 같아요",5.0,"{""사이즈"": ""적당함"", ""색상"": ""같음"", ""소재"": ""같음""}","[""https://media.wconcept.co.kr/review/308870240/308870240_1789097894369.jpg?RS=300""]"
308870240,슬로우롤리,[20%쿠폰] Check pocket shirt_2 Colors,https://www.wconcept.co.kr/Product/308870240,1,6,jm******,2026.09.11,Brown_Free,가을느낌 뿜뿜나고 회사에 입고가니까 이쁘다고 다들 칭찬해줬어요~,5.0,"{""사이즈"": ""적당함"", ""색상"": ""같음"", ""소재"": ""같음""}",[]
308870240,슬로우롤리,[20%쿠폰] Check pocket shirt_2 Colors,https://www.wconcept.co.kr/Product/308870240,2,7,le******,2026.09.11,Brown_Free,체크 패턴이 잔잔해서 부담스럽지 않고 빈티지한 분위기가 은근히 예뻐요. 포켓 디테일이 있어서 밋밋하지 않고 단독으로 입었을 때도 포인트가 되네요.,5.0,"{""사이즈"": ""적당함"", ""색상"": ""같음"", ""소재"": ""같음""}",[]
308870240,슬로우롤리,[20%쿠폰] Check pocket shirt_2 Colors,https://www.wconcept.co.kr/Product/308870240,2,8,su******,2026.09.09,Wine_Free,컬러 자체가 가을가을한 컬러네요!! 캐주얼한 옷으로 편하게 입을 수 있어요! 체크 페턴도 고급스럽고 두꼐감도 가을에 입기 딱입니다,5.0,"{""사이즈"": ""적당함"", ""색상"": ""같음"", ""소재"": ""같음""}","[""https://media.wconcept.co.kr/review/308870240/308870240_1788917564633.JPEG?RS=300""]"
308870240,슬로우롤리,[20%쿠폰] Check pocket shirt_2 Colors,https://www.wconcept.co.kr/Product/308870240,2,9,wc******,2026.09.09,Wine_Free,체크 패턴이 깔끔하고 와인 색상이 은은하게 포인트가 되네요~ 소재가 부드럽고 편하게 입기 좋아서 데일리로 좋아요 포켓 디자인도 실용적이고 단독으로 입거나 아우터 안에 레이어드하기 좋네요~,5.0,"{""사이즈"": ""적당함"", ""색상"": ""같음"", ""소재"": ""같음""}","[""https://media.wconcept.co.kr/review/308870240/308870240_1788907918104.jpg?RS=300""]"
308870240,슬로우롤리,[20%쿠폰] Check pocket shirt_2 Colors,https://www.wconcept.co.kr/Product/308870240,2,10,wc******,2026.09.09,Wine_Free,와인 컬러 체크가 은근히 분위기 있어서 가을에 입기 좋은 셔츠예요. 포켓 디테일까지 더해져 캐주얼하면서도 심심하지 않네요. 여유 있는 핏이라 편하고 소매를 자연스럽게 걷어 입어도 예뻐요. 데님이나 베이지 팬츠에 매치하면 색감이 잘 어울려 코디하기 쉬워요.,5.0,"{""사이즈"": ""적당함"", ""색상"": ""같음"", ""소재"": ""같음""}","[""https://media.wconcept.co.kr/review/308870240/308870240_1788884452915.jpg?RS=300""]"
308870240,슬로우롤리,[20%쿠폰] Check pocket shirt_2 Colors,https://www.wconcept.co.kr/Product/308870240,2,11,ju******,2026.09.08,Wine_Free,포켓 포인트가 귀여워서 단독으로 입어도 밋밋하지 않고 정말 예뻐요 셔츠의 품질이 고급스러워 그런지 피부에 닿는 촉감이 쾌적해서 좋더라고요 ㅎㅎ 기장감도 넉넉해서 슬랙스랑 코디하면 데일리 출근룩으로 아주 완벽해요,5.0,"{""사이즈"": ""적당함"", ""색상"": ""같음"", ""소재"": ""같음""}","[""https://media.wconcept.co.kr/review/308870240/308870240_1788867223767.JPG?RS=300""]"
308870240,슬로우롤리,[20%쿠폰] Check pocket shirt_2 Colors,https://www.wconcept.co.kr/Product/308870240,2,12,wc******,2026.09.08,Wine_Free,"역시 가을에는 와인계열이 이쁘죠 생각보다 너무 과하지 않은 색상과 컬러감이라서 부담없이 데님이나 반바지, 슬랙스 어디에나 매치하기 좋네요. 넉넉한 루즈핏이라 체형 커버도 잘 되서 더 좋네요. 가볍게 아우터로 입기에도 좋아서 만족해요",5.0,"{""사이즈"": ""적당함"", ""색상"": ""같음"", ""소재"": ""같음""}","[""https://media.wconcept.co.kr/review/308870240/308870240_1788828453972.jpg?RS=300""]"
308870240,슬로우롤리,[20%쿠폰] Check pocket shirt_2 Colors,https://www.wconcept.co.kr/Product/308870240,3,13,ki******,2026.09.07,Wine_Free,와인 컬러 체크가 은근 포인트가 돼서 기본 청바지 하나만 입어도 심심하지 않네요 핏을 딱 맞춰 입기보다는 살짝 여유 있게 입는 게 더 멋스럽고 소매도 툭 걷어주니 분위기가 제대로 살아요 가을엔 단독으로 입고 쌀쌀해지면 안에 티 하나 받쳐 입기 좋아 활용도까지 마음에 듭니다,5.0,"{""사이즈"": ""적당함"", ""색상"": ""같음"", ""소재"": ""같음""}","[""https://media.wconcept.co.kr/review/308870240/308870240_1788777044959.jpg?RS=300""]"
308870240,슬로우롤리,[20%쿠폰] Check pocket shirt_2 Colors,https://www.wconcept.co.kr/Product/308870240,3,14,si******,2026.09.07,Brown_Free,가을분위기 물씬나는 체크셔츠예요~ 브라운으로 선택했는데 배색감이 넘예뻐서 좋고 베이지나 청어디에 입어도 다 잘어울리는 셔츠라서 코디하기 좋네요!꾸민느낌없이 자연스럽게 입기좋은 셔츠라서 데일리템으로 굿입니다^^,5.0,"{""사이즈"": ""적당함"", ""색상"": ""같음"", ""소재"": ""같음""}",[]
308870240,슬로우롤리,[20%쿠폰] Check pocket shirt_2 Colors,https://www.wconcept.co.kr/Product/308870240,3,15,ji******,2026.09.06,Brown_Free,요즘 반팔 티셔츠 위에 가볍게 걸쳐 입고 다녀요. 단추를 잠가 셔츠처럼 입어도 좋고 오픈해서 아우터처럼 활용하기도 굿굿!! 긴팔이지만 답답하게 느껴지지 않아 간절기에 입기 좋아요.,5.0,"{""사이즈"": ""적당함"", ""색상"": ""같음"", ""소재"": ""같음""}",[]
308870240,슬로우롤리,[20%쿠폰] Check pocket shirt_2 Colors,https://www.wconcept.co.kr/Product/308870240,3,16,im******,2026.09.06,Brown_Free,사진으로 봤을 때도 예뻤는데 실제로 받아보니 색감이 더 마음에 들었어요. 브라운 체크라 너무 튀지 않으면서도 밋밋하지 않아서 평소에 편하게 입기 좋습니다. 청바지에 그냥 툭 걸쳐도 잘 어울리고 어두운 색 하의랑 매치해도 분위기가 괜찮더라고요. 특히 체크 패턴이 과하게 촘촘하거나 화려한 느낌이 아니라서 데일리로 손이 자주 갈 것 같아요.,5.0,"{""사이즈"": ""적당함"", ""색상"": ""같음"", ""소재"": ""같음""}",[]
308870240,슬로우롤리,[20%쿠폰] Check pocket shirt_2 Colors,https://www.wconcept.co.kr/Product/308870240,3,17,wc******,2026.09.05,Brown_Free,날씨가 선선해져서 긴팔 셔츠를 찾다가 가지고 있는 하의들이랑 잘 어울릴 것 같아서 구매했어요. 가을 느낌 나는 체크 패턴이 마음에 들고 데님은 물론 카키색 팬츠나 블랙 팬츠에도 생각보다 잘 어울리네요. 핏도 살짝 여유가 있어서 활동하기 편하고 아우터처럼 가볍게 휘리릭 걸쳐 입기에도 좋아요. 이런 셔츠 하나 있으면 코디하기 편해서 데일리로 여기저기 잘 입을 것 같아요. 가격도 부담 없는데 디자인까지 예뻐서 마음에 들어요.,5.0,"{""사이즈"": ""적당함"", ""색상"": ""같음"", ""소재"": ""같음""}",[]
308870240,슬로우롤리,[20%쿠폰] Check pocket shirt_2 Colors,https://www.wconcept.co.kr/Product/308870240,3,18,ni******,2026.09.05,Wine_Free,벌써 가을옷이 나오네용!! 색상도 이쁘고 두께감도 적당해서 아침저녁으로 쌀쌀한 요즘 이거입으면 딱이네용,5.0,"{""사이즈"": ""적당함"", ""색상"": ""같음"", ""소재"": ""같음""}",[]
308113184,사르투,[30%쿠폰] [단독]UYE shoulder bag_4colors,https://www.wconcept.co.kr/Product/308113184,1,1,wc******,2026.09.06,블랙,유연한 재질이라 좋습니다 맥북도 들어가서 실용성도 좋고요 스트랩으로 여러 연출할 수 있어요,5.0,"{""사이즈"": ""적당함"", ""색상"": ""같음"", ""착용감"": ""좋음""}","[""https://media.wconcept.co.kr/review/308113184/308113184_1788674041774.jpg?RS=300""]"
308113184,사르투,[30%쿠폰] [단독]UYE shoulder bag_4colors,https://www.wconcept.co.kr/Product/308113184,1,2,wc******,2026.09.04,올리브 그린,로켓배송이네요. 너무 이뻐요 가 죽 질감이 부드럽고 가벼워요. 잘쓰겟습니다,5.0,"{""사이즈"": ""적당함"", ""색상"": ""비슷함"", ""착용감"": ""좋음""}","[""https://media.wconcept.co.kr/review/308113184/308113184_1788516815276.jpg?RS=300""]"
308113184,사르투,[30%쿠폰] [단독]UYE shoulder bag_4colors,https://www.wconcept.co.kr/Product/308113184,1,3,wc******,2026.08.31,에토프,크기가 적당하며 가죽이 부드럽고 색상이 고급져요. 출근용으로 좋아요.,5.0,"{""사이즈"": ""적당함"", ""색상"": ""같음"", ""착용감"": ""좋음""}","[""https://media.wconcept.co.kr/review/308113184/308113184_1788160098695.jpg?RS=300""]"
308113184,사르투,[30%쿠폰] [단독]UYE shoulder bag_4colors,https://www.wconcept.co.kr/Product/308113184,1,4,so******,2026.08.30,에토프,밝은 가방 필요했는데 오묘한 컬러라서 맘에 듭니당!,5.0,"{""사이즈"": ""적당함"", ""색상"": ""같음"", ""착용감"": ""좋음""}",[]
308113184,사르투,[30%쿠폰] [단독]UYE shoulder bag_4colors,https://www.wconcept.co.kr/Product/308113184,1,5,wc******,2026.08.29,에토프,리뷰대로 예뻐요! 색도 차분해서 여기저기 잘 어울릴 것 같고 소재도 부들부들해도 수납공간도 충분해서 많이 들어가요!!,5.0,"{""사이즈"": ""적당함"", ""색상"": ""같음"", ""착용감"": ""좋음""}","[""https://media.wconcept.co.kr/review/308113184/308113184_1787967218777.jpeg?RS=300""]"
308113184,사르투,[30%쿠폰] [단독]UYE shoulder bag_4colors,https://www.wconcept.co.kr/Product/308113184,1,6,sa******,2026.08.18,올리브 그린,평범한 컬러를 할까 엄청고민하다가 블랙백은 많아서 원래좋아하던 카키색을 샀는데 진하고 깊은 카키라 너무마음에 듭니다 쉐입도 예쁘게 자리잡히네요,5.0,"{""사이즈"": ""적당함"", ""색상"": ""같음"", ""착용감"": ""좋음""}","[""https://media.wconcept.co.kr/review/308113184/308113184_1787054828591.jpg?RS=300""]"
308113184,사르투,[30%쿠폰] [단독]UYE shoulder bag_4colors,https://www.wconcept.co.kr/Product/308113184,2,7,da******,2026.07.30,에토프,https://m.blog.naver.com/handa7399 구매하시는데 도움되시라고 올리브그린과 에토프색상 내돈내산 리뷰 블로그에 남겨봅니당 ㅎㅎ 밀크는 너무 하얘서 에토프색상으로 골랐는데 딱 원하던 컬러에요 가볍고 어디에나 잘어울려벌임! 잘쓰겠습니다! ㅎㅎ,5.0,"{""사이즈"": ""적당함"", ""색상"": ""같음"", ""착용감"": ""좋음""}","[""https://media.wconcept.co.kr/review/308113184/308113184_1785395538429.jpeg?RS=300"", ""https://media.wconcept.co.kr/review/308113184/308113184_1785395538309.jpeg?RS=300""]"
308113184,사르투,[30%쿠폰] [단독]UYE shoulder bag_4colors,https://www.wconcept.co.kr/Product/308113184,2,8,he******,2026.07.21,블랙,가죽질감이너무좋아요 마음에듭니다 휘뚜루마뚜루 잘들거같네요,5.0,"{""사이즈"": ""적당함"", ""색상"": ""같음"", ""착용감"": ""좋음""}","[""https://media.wconcept.co.kr/review/308113184/308113184_1784628348049.jpg?RS=300""]"
308113184,사르투,[30%쿠폰] [단독]UYE shoulder bag_4colors,https://www.wconcept.co.kr/Product/308113184,2,9,wc******,2026.06.29,밀크,여름에 시원하게 밝은색 가방으로 수납력또 짱이네요~ 쳐지는 가방 좋아하는데 오히려 이런게 더 멋스럽더라구요. 부들부들해서 긁히기 쉽기 하겠어요. 가볍고 이뻐요,5.0,"{""사이즈"": ""적당함"", ""색상"": ""같음"", ""착용감"": ""좋음""}","[""https://media.wconcept.co.kr/review/308113184/308113184_1782697449678.jpg?RS=300"", ""https://media.wconcept.co.kr/review/308113184/308113184_1782697449628.jpg?RS=300""]"
308113184,사르투,[30%쿠폰] [단독]UYE shoulder bag_4colors,https://www.wconcept.co.kr/Product/308113184,2,10,th******,2026.06.28,밀크,사이즈도 너무 크지도 작지도 않고 적당하면서 자연스럽게 모양이 잡혀서 예뻐요,5.0,"{""사이즈"": ""적당함"", ""색상"": ""같음"", ""착용감"": ""좋음""}",[]
308113184,사르투,[30%쿠폰] [단독]UYE shoulder bag_4colors,https://www.wconcept.co.kr/Product/308113184,2,11,lo******,2026.06.17,밀크,"정직한 화이트와 아이보리 중간, 말그대로 밀크색이네요. 처지는 쉐잎에 뽀얀 여름가방 사고싶어 골랐고 가죽은 굉장히 유연해서 자연스럽게 처지는 건 좋은데 어째서 합피 아닌데도 합피느낌이😅 그래서 솔직히 세일전 가격이 납득되는 퀄리티는 아님.(한 10만 초반대 정도?) 그래도 가지고싶었던 쉐입과 색이라 품습니다. 길쭉해서 이것저것 많이 들어가고 안감이 블랙이라 때탐 덜해서 좋네요. 전 열고 다닐듯 하지만 자석버튼은 헐겁긴 해서 가방 잠가서 들고다닐 분들은 비추",4.0,"{""사이즈"": ""적당함"", ""색상"": ""비슷함"", ""착용감"": ""보통""}","[""https://media.wconcept.co.kr/review/308113184/308113184_1781704143674.jpg?RS=300"", ""https://media.wconcept.co.kr/review/308113184/308113184_1781704143574.jpg?RS=300""]"
308113184,사르투,[30%쿠폰] [단독]UYE shoulder bag_4colors,https://www.wconcept.co.kr/Product/308113184,2,12,wc******,2026.06.16,밀크,이뻐여! 사이즈도 크고 휘뚜루 잘매거 다닐수있겠습니당ㅎㅎ,5.0,"{""사이즈"": ""큼"", ""색상"": ""비슷함"", ""착용감"": ""보통""}",[]
308113184,사르투,[30%쿠폰] [단독]UYE shoulder bag_4colors,https://www.wconcept.co.kr/Product/308113184,3,13,jo******,2026.06.13,밀크,지금 들기에 딱이에요 정말 수납미친백이구요~ 느낌 올라갑니다~ 비올때만 빼고 여름내내 데일리입니다,5.0,"{""사이즈"": ""작음"", ""색상"": ""같음"", ""착용감"": ""좋음""}","[""https://media.wconcept.co.kr/review/308113184/308113184_1781329821953.jpg?RS=300""]"
308113184,사르투,[30%쿠폰] [단독]UYE shoulder bag_4colors,https://www.wconcept.co.kr/Product/308113184,3,14,wc******,2026.06.12,블랙,가죽이 부드럽고 크기도 적당합니다 가벼워서 여기저기 들고다니기 좋을것같고 각잡힌 가방말고 이런 느낌 원했어서 맘에 들어요,5.0,"{""사이즈"": ""적당함"", ""색상"": ""같음"", ""착용감"": ""좋음""}","[""https://media.wconcept.co.kr/review/308113184/308113184_1781251854365.jpg?RS=300""]"
308113184,사르투,[30%쿠폰] [단독]UYE shoulder bag_4colors,https://www.wconcept.co.kr/Product/308113184,3,15,gk******,2026.06.10,밀크,음. 약간 고급스럽나? 하는 부분에서 반품할까 하다가 그냥 써요. 로고 같은 부분이 좀 …. 싼티나요. 재질은 고급스럽고 색은 약간 아이보리입니다. 사이즈와 디자인은 좋아요.,5.0,"{""사이즈"": ""적당함"", ""색상"": ""같음"", ""착용감"": ""좋음""}","[""https://media.wconcept.co.kr/review/308113184/308113184_1781079450620.jpg?RS=300""]"
308113184,사르투,[30%쿠폰] [단독]UYE shoulder bag_4colors,https://www.wconcept.co.kr/Product/308113184,3,16,ol******,2026.05.31,밀크,예뻐요 부들부들해서 모양은 자연스럽게 잡히는데 그래서 많이 들어가진 않네요,5.0,"{""사이즈"": ""적당함"", ""색상"": ""같음"", ""착용감"": ""좋음""}","[""https://media.wconcept.co.kr/review/308113184/308113184_1780208486588.jpg?RS=300""]"
308113184,사르투,[30%쿠폰] [단독]UYE shoulder bag_4colors,https://www.wconcept.co.kr/Product/308113184,3,17,wc******,2026.05.31,밀크,이것저것 짐도 많이 들어가고 가죽질도 좋아서 잘 사용하고 있어요. 은근히 모든 옷에 다 잘 어울리는 좋은 아이템이에요. 많이 판매하세요 ㅎ,5.0,"{""사이즈"": ""적당함"", ""색상"": ""같음"", ""착용감"": ""좋음""}","[""https://media.wconcept.co.kr/review/308113184/308113184_1780197487307.jpg?RS=300""]"
308113184,사르투,[30%쿠폰] [단독]UYE shoulder bag_4colors,https://www.wconcept.co.kr/Product/308113184,3,18,wc******,2026.05.29,블랙,"전부터 눈여겨본 가방인데 세일을해서 큰맘먹고 질름~~^^ 이번달 애껴쓰려고했는데~가방받는순간 안샀으면 어쩔~하는맘이 젤먼저 듬^^ 이 가방의 질감은 어찌하면좋을까요?ㅠ 넘좋아하는 부드러운~~자연스럽게 주름잡히는 질감이 넘 행복하게하네요~ 암튼,사고나서 더기분좋아진 소비였음입니다~ 안쪽에 충분한 공간~자연스럽게 닫히는 버튼~~ 케쥬얼에도 여성스런 연출에도 어디하나 겉돌지않고 잘어울릴듯해요~",5.0,"{""사이즈"": ""적당함"", ""색상"": ""같음"", ""착용감"": ""좋음""}","[""https://media.wconcept.co.kr/review/308113184/308113184_1780036732683.jpg?RS=300"", ""https://media.wconcept.co.kr/review/308113184/308113184_1780036732544.jpg?RS=300""]"
308590051,아디다스,[JQ0598] TOKYO W,https://www.wconcept.co.kr/Product/308590051,1,1,ye******,2026.09.13,250,아디다스 도쿄 오리지널 버전 신다가 너무 헤져서 가죽으로 새로 샀어요 ㅎㅎ 넘 만족,5.0,"{""사이즈"": ""적당함"", ""색상"": ""같음"", ""발볼"": ""적당함""}","[""https://media.wconcept.co.kr/review/308590051/308590051_1789287184212.jpg?RS=300""]"
308590051,아디다스,[JQ0598] TOKYO W,https://www.wconcept.co.kr/Product/308590051,1,2,gy******,2026.09.13,240,원래 245 신는데 리뷰에서 크게 나왔다고 해서 한 사이즈 다운했습니다. 칼발이라 발볼 불편한거 없이 잘 맞습니다! 스웨이드 보다 가죽이 더 예뻐요!,5.0,"{""사이즈"": ""큼"", ""색상"": ""같음"", ""발볼"": ""적당함""}","[""https://media.wconcept.co.kr/review/308590051/308590051_1789279485028.jpeg?RS=300""]"
308590051,아디다스,[JQ0598] TOKYO W,https://www.wconcept.co.kr/Product/308590051,1,3,wc******,2026.09.11,250,도쿄는 처음 주문해보는데 길게빠지는 디자인이라 반사이즈 다운 추천해요 뒤꿈치 엑스자 발레슈즈처럼 느껴져서 이쁘고 앞이 뾰족하게 빠져서 치마에 같이 코디하기 좋아요 전체가죽이라 왠지 고급져요,5.0,"{""사이즈"": ""큼"", ""색상"": ""같음"", ""발볼"": ""적당함""}","[""https://media.wconcept.co.kr/review/308590051/308590051_1789087390631.jpg?RS=300""]"
308590051,아디다스,[JQ0598] TOKYO W,https://www.wconcept.co.kr/Product/308590051,1,4,0d******,2026.09.11,230,사이즈 잘 맞고 저렴하게 잘 구매했습니다 감사합니다,5.0,"{""사이즈"": ""적당함"", ""색상"": ""같음"", ""발볼"": ""적당함""}",[]
308590051,아디다스,[JQ0598] TOKYO W,https://www.wconcept.co.kr/Product/308590051,1,5,dm******,2026.09.10,220,가을 겨울에 신을려고 구매했는데 블랙이라 더러워져도 표시도 잘 안날거 같아요~~ 사이즈는 딱 220인데 신어봤더니 앞코가 여유가 있어서 조금 크네요 끈을 최대한 조여서 신어야 될거 같아요,5.0,"{""사이즈"": ""큼"", ""색상"": ""같음"", ""발볼"": ""좁음""}","[""https://media.wconcept.co.kr/review/308590051/thumbnail/11015652_308590051_1788994446944.jpg?RS=300""]"
308590051,아디다스,[JQ0598] TOKYO W,https://www.wconcept.co.kr/Product/308590051,1,6,ii******,2026.09.09,230,친구 생일선물로샀는데 친구가 너무 이쁘다고 하네요 편하고 좋아요!,5.0,"{""사이즈"": ""적당함"", ""색상"": ""같음"", ""발볼"": ""적당함""}",[]
308590051,아디다스,[JQ0598] TOKYO W,https://www.wconcept.co.kr/Product/308590051,2,7,mi******,2026.09.09,230,아디다스 됴쿄는 첨 신어보는데 생각보다 착화감이 좋네요. 사이즈는 230이 넉넉하게 맞아요. 보통 나이키 235 뉴발 235 신으면 맞는데 아디다스는 더 크게 나오더라구요.쉐입 깔끔하고 블랙이라 여기저기 매치하기 좋아요,5.0,"{""사이즈"": ""큼"", ""색상"": ""같음"", ""발볼"": ""적당함""}","[""https://media.wconcept.co.kr/review/308590051/308590051_1788910612176.jpg?RS=300"", ""https://media.wconcept.co.kr/review/308590051/308590051_1788910612086.jpg?RS=300""]"
308590051,아디다스,[JQ0598] TOKYO W,https://www.wconcept.co.kr/Product/308590051,2,8,sj******,2026.09.08,230,반사이즈 다운하면 딱 좋아요 신발 앞코쪽에 점 같이 하자가 있긴한데 싸게 구매했고 배송도 빨라서 그냥 만족하고 신을게요 ㅜㅜ,5.0,"{""사이즈"": ""큼"", ""색상"": ""비슷함"", ""발볼"": ""적당함""}","[""https://media.wconcept.co.kr/review/308590051/308590051_1788858433103.jpg?RS=300"", ""https://media.wconcept.co.kr/review/308590051/308590051_1788858432992.jpg?RS=300""]"
308590051,아디다스,[JQ0598] TOKYO W,https://www.wconcept.co.kr/Product/308590051,2,9,ii******,2026.09.07,220,가을용으로 하나 샀는데 너무 만족합니다!! 친구도 선물해줄 예정이에요,5.0,"{""사이즈"": ""적당함"", ""색상"": ""같음"", ""발볼"": ""적당함""}",[]
308590051,아디다스,[JQ0598] TOKYO W,https://www.wconcept.co.kr/Product/308590051,2,10,pd******,2026.09.06,240,사이즈 크게 나왔다는 후기 많아서 반사이즈 다운할까 하다가 발볼이 넓은편이라 정사이즈로 시켰어요 편하게 잘 맞아요,5.0,"{""사이즈"": ""적당함"", ""색상"": ""같음"", ""발볼"": ""적당함""}","[""https://media.wconcept.co.kr/review/308590051/308590051_1788705638875.jpeg?RS=300""]"
308590051,아디다스,[JQ0598] TOKYO W,https://www.wconcept.co.kr/Product/308590051,2,11,pe******,2026.09.06,220,굽이 납작해서 편하진 않지만 이쁘닌깐 근데 새신발 같지 않 아 요 반품상품이나 진열 상품 보내신듯,5.0,"{""사이즈"": ""적당함"", ""색상"": ""비슷함"", ""발볼"": ""적당함""}","[""https://media.wconcept.co.kr/review/308590051/308590051_1788705271524.jpeg?RS=300"", ""https://media.wconcept.co.kr/review/308590051/308590051_1788705271403.jpeg?RS=300""]"
308590051,아디다스,[JQ0598] TOKYO W,https://www.wconcept.co.kr/Product/308590051,2,12,sp******,2026.09.06,230,아디다스 운동화 좋아하는데 그중에서도 삼바랑 도쿄 가 취향에 맞더라구요. 225랑230 둘다 맞는데 가을에 도톰한 양말 신고 신으면 약간 낙낙하게 230 괜찮아서 주문. 실물이 더 이뿜. W가 젤 저렴해요^^,5.0,"{""사이즈"": ""적당함"", ""색상"": ""같음"", ""발볼"": ""적당함""}","[""https://media.wconcept.co.kr/review/308590051/308590051_1788689319705.jpg?RS=300"", ""https://media.wconcept.co.kr/review/308590051/308590051_1788689319648.jpg?RS=300"", ""https://media.wconcept.co.kr/review/308590051/308590051_1788689319550.jpg?RS=300""]"
308590051,아디다스,[JQ0598] TOKYO W,https://www.wconcept.co.kr/Product/308590051,3,13,h_******,2026.09.05,250,쿠폰 써서 싸게 산 것 같아서 정말 마음에 들어요. 가볍고 편안해요. 가을에 딱 어울려요.,5.0,"{""사이즈"": ""적당함"", ""색상"": ""같음"", ""발볼"": ""적당함""}",[]
308590051,아디다스,[JQ0598] TOKYO W,https://www.wconcept.co.kr/Product/308590051,3,14,h_******,2026.09.05,245,쿠폰 써서 싸게 산 것 같아서 정말 마음에 들어요. 가볍고 편안해요. 가을에 딱 어울려요.,5.0,"{""사이즈"": ""적당함"", ""색상"": ""같음"", ""발볼"": ""적당함""}",[]
308590051,아디다스,[JQ0598] TOKYO W,https://www.wconcept.co.kr/Product/308590051,3,15,rl******,2026.09.05,245,싸이즈가 크다고해서 반싸이즈 작게주문했어요 싸이즈 딱 적당해요 발볼이 넓어서 양말신어도 쪼이지않내요 밖음질 깔끔하고 가주여도 빡빡하지않아요 가죽여서 한 여름빼고 다 좋을거같아요 와이드바지 반바지에 신으면 잘어을릴거같아요,5.0,"{""사이즈"": ""적당함"", ""색상"": ""비슷함"", ""발볼"": ""적당함""}","[""https://media.wconcept.co.kr/review/308590051/308590051_1788593243760.jpg?RS=300"", ""https://media.wconcept.co.kr/review/308590051/308590051_1788593243663.jpg?RS=300""]"
308590051,아디다스,[JQ0598] TOKYO W,https://www.wconcept.co.kr/Product/308590051,3,16,oi******,2026.09.02,235,로퍼보단 편하고 운동화보단 불편하지만 생각보단 착화감 만족 사이즈 240 아디다스도쿄는 235 신어도 딱 맞아용!,5.0,"{""사이즈"": ""적당함"", ""색상"": ""비슷함"", ""발볼"": ""넓음""}","[""https://media.wconcept.co.kr/review/308590051/308590051_1788349430756.jpeg?RS=300""]"
308590051,아디다스,[JQ0598] TOKYO W,https://www.wconcept.co.kr/Product/308590051,3,17,cj******,2026.09.02,250,기존 뉴발등 신발사이즈 그대로 신었어요 발볼이 넓은편이라 편하게 잘 신어져요,5.0,"{""사이즈"": ""적당함"", ""색상"": ""같음"", ""발볼"": ""적당함""}",[]
308590051,아디다스,[JQ0598] TOKYO W,https://www.wconcept.co.kr/Product/308590051,3,18,ii******,2026.09.01,225,여름용 신발을 뭐살지 고민하다가 사게되었어요! 편하고 이뻐요!,5.0,"{""사이즈"": ""적당함"", ""색상"": ""같음"", ""발볼"": ""적당함""}",[]
308268390,듀엘,[W단독][Ceremony][3차][리라] 아워글래스 트위드 자켓 CR_D263MSF731,https://www.wconcept.co.kr/Product/308268390,1,1,mi******,2026.09.13,Cream_CR1_66,M사이즈 주문 했다가 커서 s사이즈로 바꿨습니다 사이즈 바꾸고 입으니 대만족입니다 ㅎ,5.0,"{""사이즈"": ""적당함"", ""색상"": ""같음"", ""소재"": ""같음""}",[]
308268390,듀엘,[W단독][Ceremony][3차][리라] 아워글래스 트위드 자켓 CR_D263MSF731,https://www.wconcept.co.kr/Product/308268390,1,2,wc******,2026.09.08,Cream_CR1_55,"전체적으로 넉넉함 노란색도는. 크림이고. 봄,가을입을듯 넥라인이 특히하고여성스러움",5.0,"{""사이즈"": ""적당함"", ""색상"": ""같음"", ""소재"": ""같음""}","[""https://media.wconcept.co.kr/review/308268390/308268390_1788867130125.jpg?RS=300""]"
308268390,듀엘,[W단독][Ceremony][3차][리라] 아워글래스 트위드 자켓 CR_D263MSF731,https://www.wconcept.co.kr/Product/308268390,1,3,le******,2026.09.06,Cream_CR1_55,"자켓은 스몰, 미듐 둘다 입어서 요건 스물로 주문했어요~ 사이즈가 작은건 아니고 신축성도 있는데 팔 부분이 뭔가 불편한? 느낌이네요~ 미듐으로 교환하면 여유는 있겠지만 허리 부분이 조금 클것 같아서 그냥 품어요~ 진짜 딱 정핏-",5.0,"{""사이즈"": ""적당함"", ""색상"": ""비슷함"", ""소재"": ""비슷함""}","[""https://media.wconcept.co.kr/review/308268390/308268390_1788674885996.jpeg?RS=300""]"
308268390,듀엘,[W단독][Ceremony][3차][리라] 아워글래스 트위드 자켓 CR_D263MSF731,https://www.wconcept.co.kr/Product/308268390,1,4,za******,2026.09.03,Cream_CR1_55,"크림 색상이 부드럽고 고급스러워 보여서 마음에 들어요. 허리 라인이 자연스럽게 잡혀 있어서 입었을 때 핏이 예쁘고, 전체적으로 단정한 분위기가 납니다. 슬랙스나 스커트 모두 잘 어울리고 출근룩이나 격식 있는 자리에도 활용하기 좋아요.",5.0,"{""사이즈"": ""적당함"", ""색상"": ""같음"", ""소재"": ""같음""}","[""https://media.wconcept.co.kr/review/308268390/308268390_1788428202275.jpeg?RS=300""]"
308268390,듀엘,[W단독][Ceremony][3차][리라] 아워글래스 트위드 자켓 CR_D263MSF731,https://www.wconcept.co.kr/Product/308268390,1,5,ci******,2026.09.01,Cream_CR1_55,사진과 달리 실제는 많이 노르스름한 아이보리색이에요. 좀 더 밝은 색이었으면 더 좋았을것 같아요. 결혼식자리가 있어서 구매했는데 55사이즈 가슴부위 빈틈없이 딱 맞아요. 바스트가 e70인데 다행히 단추가 잠겨요. 과식하면 않될것 같아요. 전체적인 디자인이 예쁘고 소재도 초가을에 입기좋게 적당히 얇아요. 청바지 정장팬츠 다 어울려요~,5.0,"{""사이즈"": ""적당함"", ""색상"": ""다름"", ""소재"": ""비슷함""}","[""https://media.wconcept.co.kr/review/308268390/308268390_1788254757610.jpg?RS=300""]"
308268390,듀엘,[W단독][Ceremony][3차][리라] 아워글래스 트위드 자켓 CR_D263MSF731,https://www.wconcept.co.kr/Product/308268390,1,6,gr******,2026.08.23,Cream_CR1_55,너무 디자인이 예쁩니다. 단추도 고급져 보여요. 여분의 단추가 없는 점은 아쉽습니다.,5.0,"{""사이즈"": ""적당함"", ""색상"": ""같음"", ""소재"": ""같음""}","[""https://media.wconcept.co.kr/review/308268390/308268390_1787454225422.jpg?RS=300""]"
308268390,듀엘,[W단독][Ceremony][3차][리라] 아워글래스 트위드 자켓 CR_D263MSF731,https://www.wconcept.co.kr/Product/308268390,2,7,ol******,2026.06.24,Cream_CR1_55,마르고 허리가 얇지않은 일자형몸매라 이런 아워글래스 자켓 좋아해요. 여성스러우면서도 올드해보이지 않아서 만족합니다 단추가 꽃모양이라 제 취향은 아니지만;;; 나중에 잃어버리면 싸개단추같은걸로 바꿔도 예쁠꺼같아요 특이한모양이라 여분의 단추가 없는점이 아쉬운 서비스입니다. 같이 구매한 스커트는 너무 커서 수선해야할듯.,5.0,"{""사이즈"": ""적당함"", ""색상"": ""같음"", ""소재"": ""같음""}","[""https://media.wconcept.co.kr/review/308268390/308268390_1782269296221.jpeg?RS=300""]"
308268390,듀엘,[W단독][Ceremony][3차][리라] 아워글래스 트위드 자켓 CR_D263MSF731,https://www.wconcept.co.kr/Product/308268390,2,8,ps******,2026.06.04,Cream_CR1_55,단추도 흔하지 않고 예뻐요. 배송도 빠르고 좋아요,5.0,"{""사이즈"": ""적당함"", ""색상"": ""같음"", ""소재"": ""같음""}",[]
308268390,듀엘,[W단독][Ceremony][3차][리라] 아워글래스 트위드 자켓 CR_D263MSF731,https://www.wconcept.co.kr/Product/308268390,2,9,wc******,2026.06.03,Cream_CR5_55,되게 고급져요. 뭐랄까요? 흔하지 않게 정갈가고 단정합니다,5.0,"{""사이즈"": ""적당함"", ""색상"": ""같음"", ""소재"": ""같음""}",[]
308268390,듀엘,[W단독][Ceremony][3차][리라] 아워글래스 트위드 자켓 CR_D263MSF731,https://www.wconcept.co.kr/Product/308268390,2,10,hy******,2026.05.18,Cream_CR1_66,고급스헙고 예쁩니다 청바지 스터트 어디둔 어울리네요,5.0,"{""사이즈"": ""작음"", ""색상"": ""같음"", ""소재"": ""같음""}",[]
308268390,듀엘,[W단독][Ceremony][3차][리라] 아워글래스 트위드 자켓 CR_D263MSF731,https://www.wconcept.co.kr/Product/308268390,2,11,jh******,2026.05.17,Cream_CR1_66,소재좋고 봄 가을에 입기좋고 정사이즈로 가세요,5.0,"{""사이즈"": ""적당함"", ""색상"": ""같음"", ""소재"": ""같음""}","[""https://media.wconcept.co.kr/review/308268390/308268390_1779027123296.jpg?RS=300""]"
308268390,듀엘,[W단독][Ceremony][3차][리라] 아워글래스 트위드 자켓 CR_D263MSF731,https://www.wconcept.co.kr/Product/308268390,2,12,yk******,2026.05.05,Cream_CR1_55,정장바지와 잘 어울리고 단추 잠그고가 나아요 청바지랑 입을땐 이너 입고 단추 열고 입긴할듯해요,5.0,"{""사이즈"": ""적당함"", ""색상"": ""같음"", ""소재"": ""같음""}","[""https://media.wconcept.co.kr/review/308268390/308268390_1777986743333.jpg?RS=300""]"
308268390,듀엘,[W단독][Ceremony][3차][리라] 아워글래스 트위드 자켓 CR_D263MSF731,https://www.wconcept.co.kr/Product/308268390,3,13,my******,2026.05.04,Cream_CR1_55,왜 베스트인지 알거 같아요.목선이 아주 예쁩니다.치마며 바지며 다 어울려요.,5.0,"{""사이즈"": ""적당함"", ""색상"": ""같음"", ""소재"": ""같음""}",[]
308268390,듀엘,[W단독][Ceremony][3차][리라] 아워글래스 트위드 자켓 CR_D263MSF731,https://www.wconcept.co.kr/Product/308268390,3,14,wc******,2026.04.29,Cream_CR1_55,상견례 결혼식 복장으로 딱이에요. 따로따로 입기에도 좋고 만족스러워요,5.0,"{""사이즈"": ""적당함"", ""색상"": ""같음"", ""소재"": ""같음""}","[""https://media.wconcept.co.kr/review/308268390/308268390_1777464617015.jpeg?RS=300""]"
308268390,듀엘,[W단독][Ceremony][3차][리라] 아워글래스 트위드 자켓 CR_D263MSF731,https://www.wconcept.co.kr/Product/308268390,3,15,pr******,2026.04.26,Cream_CR1_55,깔끔 그 잡채 분위기있고 단정하고 여성스러워요~ 그 사이에 또 세일해서 살짝 짱나요,5.0,"{""사이즈"": ""적당함"", ""색상"": ""같음"", ""소재"": ""같음""}","[""https://media.wconcept.co.kr/review/308268390/308268390_1777167594971.jpg?RS=300""]"
308268390,듀엘,[W단독][Ceremony][3차][리라] 아워글래스 트위드 자켓 CR_D263MSF731,https://www.wconcept.co.kr/Product/308268390,3,16,wn******,2026.04.24,Cream_CR1_66,여성스러운 라인이라 구매햇어요~~ 오피스룩으로 입기 좋아요 ㅎㅎ 색은 노란끼가 살짝 도는 크림색같아요 ㅎㅎ 화사해보이네요,5.0,"{""사이즈"": ""적당함"", ""색상"": ""같음"", ""소재"": ""같음""}","[""https://media.wconcept.co.kr/review/308268390/308268390_1777018178261.jpeg?RS=300""]"
308268390,듀엘,[W단독][Ceremony][3차][리라] 아워글래스 트위드 자켓 CR_D263MSF731,https://www.wconcept.co.kr/Product/308268390,3,17,kd******,2026.04.22,Cream_CR1_55,"초여름까지 가능할 트위드예요 색, 소재, 단추 마음에 들어요",5.0,"{""사이즈"": ""적당함"", ""색상"": ""같음"", ""소재"": ""같음""}",[]
308268390,듀엘,[W단독][Ceremony][3차][리라] 아워글래스 트위드 자켓 CR_D263MSF731,https://www.wconcept.co.kr/Product/308268390,3,18,il******,2026.04.22,Cream_CR1_66,자켓 하나로 갖춰입고 싶은날 좋아요 라인이 잡혀서 편하진 않네요 잘입을께요,5.0,"{""사이즈"": ""적당함"", ""색상"": ""같음"", ""소재"": ""같음""}","[""https://media.wconcept.co.kr/review/308268390/308268390_1776814084097.jpg?RS=300""]"
307438120,팁토이조이,[켈리맘Pick] 걸음마신발 천연가죽 펑키F - 타피오카,https://www.wconcept.co.kr/Product/307438120,1,1,dd******,2026.09.12,21(126mm),기존에 있는 스태리랑 번갈아가면서 신으려고 펑키도 추가 구매했어요:)) 곧 걸을 아이를 생각하니 흐뭇하네요👍🏻,5.0,{},"[""https://media.wconcept.co.kr/review/307438120/307438120_1789200286111.jpeg?RS=300""]"
307438120,팁토이조이,[켈리맘Pick] 걸음마신발 천연가죽 펑키F - 타피오카,https://www.wconcept.co.kr/Product/307438120,1,2,wc******,2026.02.27,20(120mm),말랑 말랑 부드럽고 아기걸음 마에 편하게 잘 신을것 같네요 선물했는데 좋아해서 기분이 좋으네요,5.0,{},"[""https://media.wconcept.co.kr/review/307438120/307438120_1772180370188.jpg?RS=300"", ""https://media.wconcept.co.kr/review/307438120/307438120_1772180370135.jpg?RS=300""]"
307438120,팁토이조이,[켈리맘Pick] 걸음마신발 천연가죽 펑키F - 타피오카,https://www.wconcept.co.kr/Product/307438120,1,3,lk******,2026.02.03,22(133mm),배송도 빠르고 첫걸음마 신발로 너무 좋아요~!!,5.0,{},"[""https://media.wconcept.co.kr/review/307438120/307438120_1770089075016.jpeg?RS=300""]"
308811764,휠라,[한소희 PICK] 글리오 LX 에스프레소_FS263OD03X078_217,https://www.wconcept.co.kr/Product/308811764,1,1,if******,2026.09.13,"BROWNBROWNBROWN, 245",신발 이뻐요 아치는 안받쳐주는 느낌이지만 발이 푹신푹신합니다,5.0,"{""사이즈"": ""적당함"", ""색상"": ""같음"", ""발볼"": ""적당함""}","[""https://media.wconcept.co.kr/review/308811764/308811764_1789298347854.jpg?RS=300""]"
308811764,휠라,[한소희 PICK] 글리오 LX 에스프레소_FS263OD03X078_217,https://www.wconcept.co.kr/Product/308811764,1,2,ta******,2026.09.12,"BROWNBROWNBROWN, 255",맨발 치수는 정확히 245cm입니다 발등이 높고 발볼이 넓어 250을 항상 신는데요 매장 가서 250 신었을 때 글리오는 발가락 쪽 발등이 낮아 부딪치더라고요 255는 재고 없어서 못 샀고요 마침 w컨셉에서 이벤트하길래 10만원 안되게 구매했습니다 반 업 했는데 발볼이 너무 넓고 ㅋㅋ 엄지발가락 역시 살짝 부딪히지만 신발끈 구멍 제일 위쪽까지 묶어도 한 번에 신고 벗기 편해서 ㄱㅊ합니당 대신 불량인지 공정이 원래 그런 건지 조금 거슬리는 부분이 있어서 사진 첨부할게요 추가로 오는 파란 끈은 별로 안 예쁘고요(제미나이ㄱㅅ) 기분 전환하고 싶을 때마다 끈만 사서 바꿔 끼우면 새로운 신발 신는 느낌일 거 같아요 착용감 편하고 바닥에 붙어 걷는 느낌 안 납니다 오쏘라이트 짱,5.0,"{""사이즈"": ""적당함"", ""색상"": ""같음"", ""발볼"": ""넓음""}","[""https://media.wconcept.co.kr/review/308811764/308811764_1789210912114.jpg?RS=300"", ""https://media.wconcept.co.kr/review/308811764/308811764_1789207956047.jpg?RS=300"", ""https://media.wconcept.co.kr/review/308811764/308811764_1789207955977.jpg?RS=300""]"
308811764,휠라,[한소희 PICK] 글리오 LX 에스프레소_FS263OD03X078_217,https://www.wconcept.co.kr/Product/308811764,1,3,dl******,2026.09.10,"BROWNBROWNBROWN, 240",예뻐요 발 작아보이고 마음에 들어요 같은 디자인 다른 색깔로 두개째,5.0,"{""사이즈"": ""적당함"", ""색상"": ""같음"", ""발볼"": ""적당함""}","[""https://media.wconcept.co.kr/review/308811764/308811764_1789048273239.jpg?RS=300""]"
308811764,휠라,[한소희 PICK] 글리오 LX 에스프레소_FS263OD03X078_217,https://www.wconcept.co.kr/Product/308811764,1,4,wc******,2026.09.10,"BROWNBROWNBROWN, 240",사이즈 양말신고 편안하게맞아요~ 어차피끈으로맬수있어서 조금크게사는것같아요~ 편해서요즘계속신고다녀요,5.0,"{""사이즈"": ""적당함"", ""색상"": ""같음"", ""발볼"": ""적당함""}","[""https://media.wconcept.co.kr/review/308811764/308811764_1789017897408.jpg?RS=300""]"
308811764,휠라,[한소희 PICK] 글리오 LX 에스프레소_FS263OD03X078_217,https://www.wconcept.co.kr/Product/308811764,1,5,de******,2026.09.10,"BROWNBROWNBROWN, 235",가을 운동화용으로 하나 삼. 착용감 편하고 무난무난,5.0,"{""사이즈"": ""적당함"", ""색상"": ""같음"", ""발볼"": ""적당함""}","[""https://media.wconcept.co.kr/review/308811764/308811764_1789015282902.jpeg?RS=300"", ""https://media.wconcept.co.kr/review/308811764/308811764_1789012078296.jpeg?RS=300""]"
308811764,휠라,[한소희 PICK] 글리오 LX 에스프레소_FS263OD03X078_217,https://www.wconcept.co.kr/Product/308811764,1,6,pp******,2026.09.09,"BROWNBROWNBROWN, 250",리뷰데로 반 사이즈 크게 주문 했더니 딱 좋습니다~ 신발도 편하고 예뻐서 희색도 사고 싶네요~~,5.0,"{""사이즈"": ""적당함"", ""색상"": ""같음"", ""발볼"": ""적당함""}","[""https://media.wconcept.co.kr/review/308811764/308811764_1788937574967.jpg?RS=300""]"
308811764,휠라,[한소희 PICK] 글리오 LX 에스프레소_FS263OD03X078_217,https://www.wconcept.co.kr/Product/308811764,2,7,hy******,2026.09.08,"BROWNBROWNBROWN, 245",반사이즈 업해서 샀는데 사이즈 딱 맞아요 스웨이드와 새틴소재 섞여서 너무 예뻐요,5.0,"{""사이즈"": ""적당함"", ""색상"": ""같음"", ""발볼"": ""적당함""}",[]
308811764,휠라,[한소희 PICK] 글리오 LX 에스프레소_FS263OD03X078_217,https://www.wconcept.co.kr/Product/308811764,2,8,ja******,2026.09.07,"BROWNBROWNBROWN, 245","평소 신발싸이즈 보다 한사이즈 업했어요, 많이 걷는 일을 해서 발이 편할까 걱정했는데 너무 편하고 착화감도 좋아요 정장에도 잘어울리네용~~♡",5.0,"{""사이즈"": ""적당함"", ""색상"": ""같음"", ""발볼"": ""적당함""}","[""https://media.wconcept.co.kr/review/308811764/308811764_1788752097161.jpg?RS=300""]"
308811764,휠라,[한소희 PICK] 글리오 LX 에스프레소_FS263OD03X078_217,https://www.wconcept.co.kr/Product/308811764,2,9,wc******,2026.09.06,"BROWNBROWNBROWN, 235",사이즈는 반치수 업했더니 발볼이 괜찮은건 같아요.디자인이나 색상은 아주아주 예쁘고 착화감도 나쁘지 않아요.다른색상도 욕심나네요~,5.0,"{""사이즈"": ""적당함"", ""색상"": ""같음"", ""발볼"": ""적당함""}","[""https://media.wconcept.co.kr/review/308811764/308811764_1788649494598.jpg?RS=300""]"
308811764,휠라,[한소희 PICK] 글리오 LX 에스프레소_FS263OD03X078_217,https://www.wconcept.co.kr/Product/308811764,2,10,ce******,2026.09.04,"BROWNBROWNBROWN, 240",가을 차장에 어울리는 칼라입니다 예쁘고 착화감도 좋습니다 블랙도 사고 싶네요,5.0,"{""사이즈"": ""적당함"", ""색상"": ""같음"", ""발볼"": ""적당함""}",[]
308811764,휠라,[한소희 PICK] 글리오 LX 에스프레소_FS263OD03X078_217,https://www.wconcept.co.kr/Product/308811764,2,11,al******,2026.09.03,"BROWNBROWNBROWN, 250",디자인이랑 색감 예뻐요🤎 다만 발볼 부분이 좁아지는 형태라 걸을 때 답답한 느낌이 좀 있어요 .. 발볼 넓으신 분들은 꼭꼭 반업하세요!,5.0,"{""사이즈"": ""적당함"", ""색상"": ""같음"", ""발볼"": ""좁음""}","[""https://media.wconcept.co.kr/review/308811764/308811764_1788444992351.jpeg?RS=300""]"
308811764,휠라,[한소희 PICK] 글리오 LX 에스프레소_FS263OD03X078_217,https://www.wconcept.co.kr/Product/308811764,2,12,ch******,2026.09.02,"BROWNBROWNBROWN, 235",늦여름과 초가을에 신기 딱 좋은 제품입니다. 신발칼라만 바꿔 신었는데 벌써 가을 분위기가 나요 착화감도 너무 편하고 좋네요~,5.0,"{""사이즈"": ""적당함"", ""색상"": ""비슷함"", ""발볼"": ""적당함""}",[]
308811764,휠라,[한소희 PICK] 글리오 LX 에스프레소_FS263OD03X078_217,https://www.wconcept.co.kr/Product/308811764,3,13,ew******,2026.09.02,"BROWNBROWNBROWN, 240",신기편하고 착용감도 좋고 예쁩니다 마감도 좋도 신발끈도 파란색으로 하나 더 오는데 스타일 다르게 착용할 수 있어서 좋을 거 같아요,5.0,"{""사이즈"": ""적당함"", ""색상"": ""같음"", ""발볼"": ""적당함""}","[""https://media.wconcept.co.kr/review/308811764/308811764_1788309766763.jpeg?RS=300""]"
308811764,휠라,[한소희 PICK] 글리오 LX 에스프레소_FS263OD03X078_217,https://www.wconcept.co.kr/Product/308811764,3,14,wc******,2026.09.02,"BROWNBROWNBROWN, 245",넘넘 이뻐요!! 가을 느낌이 나고 고급스러워여!! 이쁘게 신을거 같아요!!,5.0,"{""사이즈"": ""적당함"", ""색상"": ""같음"", ""발볼"": ""적당함""}",[]
308811764,휠라,[한소희 PICK] 글리오 LX 에스프레소_FS263OD03X078_217,https://www.wconcept.co.kr/Product/308811764,3,15,hh******,2026.09.01,"BROWNBROWNBROWN, 225",발리 신발처럼 이뻐요 ㄴ발에 굽이 낮지만 엄청 편해요,5.0,"{""사이즈"": ""적당함"", ""색상"": ""같음"", ""발볼"": ""적당함""}",[]
308811764,휠라,[한소희 PICK] 글리오 LX 에스프레소_FS263OD03X078_217,https://www.wconcept.co.kr/Product/308811764,3,16,ro******,2026.09.01,"BROWNBROWNBROWN, 240",색 너무 이쁘고 가벼워서 좋아요 휘뚤마뚤템 입니다,5.0,"{""사이즈"": ""적당함"", ""색상"": ""같음"", ""발볼"": ""적당함""}",[]
308811764,휠라,[한소희 PICK] 글리오 LX 에스프레소_FS263OD03X078_217,https://www.wconcept.co.kr/Product/308811764,3,17,da******,2026.08.27,"BROWNBROWNBROWN, 250",사진보다 아주 조금 어둡긴 한데 넘 예뻐요!! 발도 엄청 편한 것 같습니다!!,5.0,"{""사이즈"": ""적당함"", ""색상"": ""비슷함"", ""발볼"": ""적당함""}","[""https://media.wconcept.co.kr/review/308811764/308811764_1787786860989.jpg?RS=300""]"
308811764,휠라,[한소희 PICK] 글리오 LX 에스프레소_FS263OD03X078_217,https://www.wconcept.co.kr/Product/308811764,3,18,so******,2026.08.25,"BROWNBROWNBROWN, 240",평소 235-240 신는데 240 시키니 딱 여유롭게 잘 맞아요! 생각보다 엄청 작은 느낌은 없어요. 색상이 가을에 잘 어울릴거같아서 잘 신을거같아요! 근데 제 기대보다 와 미쳤다 너무 예쁘다 특별하다 이건 아녀용,5.0,"{""사이즈"": ""적당함"", ""색상"": ""같음"", ""발볼"": ""적당함""}",[]
308936618,로브로브,[9/13 단 하루!] [4차 리오더] 컷아웃 숄더 드레이핑 니트_(2color),https://www.wconcept.co.kr/Product/308936618,1,1,tl******,2026.09.11,"BLACK, M",몸매 라인 완전 예뻐보이게 해주는 인생템 니트 ㅜ 그렇다고 부담스럽게 달라붙지도 않아서 불편하거나 그러지도 않아요 9월에는 단독으로 그 이후에는 이너로도 활용 잘할듯요,5.0,"{""사이즈"": ""적당함"", ""색상"": ""같음"", ""소재"": ""같음""}","[""https://media.wconcept.co.kr/review/308936618/308936618_1789107221017.jpeg?RS=300""]"
308936618,로브로브,[9/13 단 하루!] [4차 리오더] 컷아웃 숄더 드레이핑 니트_(2color),https://www.wconcept.co.kr/Product/308936618,1,2,yj******,2026.09.11,"BLACK, M",요즘 산 옷 중에서 가장 마음에 드는 옷이라 자주 입어요 점점 쌀쌀해 지고 있는데 타이밍 좋게 잘 구매한 것 같습니다 여기저기 다 잘 어울리고 단독으로 입어도 예뻐요,5.0,"{""사이즈"": ""적당함"", ""색상"": ""같음"", ""소재"": ""같음""}",[]
308936618,로브로브,[9/13 단 하루!] [4차 리오더] 컷아웃 숄더 드레이핑 니트_(2color),https://www.wconcept.co.kr/Product/308936618,1,3,al******,2026.09.08,"BLACK, M",!!!!만족합니다~ 재질도 보들보들하고 너무 두껍지도 않아요~ 아이보리 구매도 해볼까 고민해봅니다~,5.0,"{""사이즈"": ""적당함"", ""색상"": ""같음"", ""소재"": ""비슷함""}","[""https://media.wconcept.co.kr/review/308936618/308936618_1788865622583.jpeg?RS=300""]"
308936618,로브로브,[9/13 단 하루!] [4차 리오더] 컷아웃 숄더 드레이핑 니트_(2color),https://www.wconcept.co.kr/Product/308936618,1,4,wc******,2026.09.05,"BLACK, M",눈으로 보는 것보다 실제로 착용했을 때 더 예쁜 옷이에요! 컷아웃 숄더와 우아한 드레이핑 디자인 덕분에 입었을 때 실루엣이 세련돼 보여요. S 사이즈가 따로 없고 M 사이즈부터 시작하는 점은 약간 아쉽고 블랙 컬러라 그런지 옷에 먼지가 조금 잘 붙는 편이에요. 외출 시 먼지 제거에 살짝 신경을 써줘야 합니다.,5.0,"{""사이즈"": ""큼"", ""색상"": ""같음"", ""소재"": ""비슷함""}","[""https://media.wconcept.co.kr/review/308936618/308936618_1788612513814.jpeg?RS=300""]"
308936618,로브로브,[9/13 단 하루!] [4차 리오더] 컷아웃 숄더 드레이핑 니트_(2color),https://www.wconcept.co.kr/Product/308936618,1,5,be******,2026.09.04,"BLACK, M",어깨 쪽 컷아웃과 드레이핑 디테일이 독특해서 블랙 니트인데도 전혀 심심해 보이지 않아 마음에 들어요 ㅎㅎ 입었을 때 어깨선이 은근하게 드러나 여성스러우면서 예뻐요~~ 데이트할 때 입고 갔는데 남자친구가 예쁘다고 칭찬해 주더라구요 ><,5.0,"{""사이즈"": ""적당함"", ""색상"": ""같음"", ""소재"": ""같음""}",[]
308936618,로브로브,[9/13 단 하루!] [4차 리오더] 컷아웃 숄더 드레이핑 니트_(2color),https://www.wconcept.co.kr/Product/308936618,1,6,dp******,2026.09.04,"BLACK, M","그냥 평범한 골지 니트가 지겨워서 구매해 봤는데 디자인이 정말 독특하고 스타일리시해요. 한쪽에만 은은하게 어깨 라인이 드러나니까 넥라인이 답답해 보이지 않고, 드레이핑 잡힌 레이어드 디자인 덕분에 신경 써서 입은 듯한 느낌이 들어용ㅎ",5.0,"{""사이즈"": ""적당함"", ""색상"": ""같음"", ""소재"": ""같음""}",[]
308936618,로브로브,[9/13 단 하루!] [4차 리오더] 컷아웃 숄더 드레이핑 니트_(2color),https://www.wconcept.co.kr/Product/308936618,2,7,si******,2026.09.03,"BLACK, M",요런 니트넘 좋아해요~보자마자 제스탈이라서 샀는데 꾸안꾸룩으로 입기최고네요^^ 핏도 좋아서 입으면 몸매도 예뻐보이고 하나만 입으면 딴코디가 필요없어요~ 소재도 좋고 신축성도 좋아서 너무편해요~ 청바지를 자주입는데 같이 코디함 너무잘어울려요!,5.0,"{""사이즈"": ""적당함"", ""색상"": ""같음"", ""소재"": ""같음""}",[]
308936618,로브로브,[9/13 단 하루!] [4차 리오더] 컷아웃 숄더 드레이핑 니트_(2color),https://www.wconcept.co.kr/Product/308936618,2,8,wj******,2026.09.03,"WHITE, M","가을에청바지랑 입고싶어서 구매했는데 와,,너무이뻐요!!! 몸매를 너무 예뻐보이게해주는 옷이라서 넘맘ㅁ에듬 ㅠㅠㅠ 가을에 단독으로도 이너로도 잘입혀질거같아요 굿굿",5.0,"{""사이즈"": ""적당함"", ""색상"": ""같음"", ""소재"": ""같음""}",[]
308936618,로브로브,[9/13 단 하루!] [4차 리오더] 컷아웃 숄더 드레이핑 니트_(2color),https://www.wconcept.co.kr/Product/308936618,2,9,eu******,2026.09.03,"WHITE, L",디자인이 너무 깔끔하고 이뻐요 특히 핏이 너무 예뻐 입을때마다 기분이 좋네요. 예뻐보이고 싶을때 매번 잘입고 있어요.,5.0,"{""사이즈"": ""적당함"", ""색상"": ""같음"", ""소재"": ""같음""}",[]
308936618,로브로브,[9/13 단 하루!] [4차 리오더] 컷아웃 숄더 드레이핑 니트_(2color),https://www.wconcept.co.kr/Product/308936618,2,10,ki******,2026.09.03,"WHITE, M",어깨 트임 때문에 살짝 고민했는데 막상 입어보니까 흘러내리지도 않고 딱 좋아요ㅋㅋ 몸매 라인 적당히 보정돼서 날씬해 보이고요! 화이트라 스킨톤 속옷 입으니까 비침도 거의 없네요,5.0,"{""사이즈"": ""적당함"", ""색상"": ""같음"", ""소재"": ""같음""}",[]
308936618,로브로브,[9/13 단 하루!] [4차 리오더] 컷아웃 숄더 드레이핑 니트_(2color),https://www.wconcept.co.kr/Product/308936618,2,11,jj******,2026.09.03,"WHITE, M",자연스러운 드레이핑 니트라서 입었을 때 볼륨감이 있으면서 예쁘네요! 니트 소재가 부드러워서 착용감이 좋고 세탁 후에도 변형 없어요~ 깔끔한 디자인으로 청바지 슬랙스 어디에 매치해도 다 잘 어울리네요~,5.0,"{""사이즈"": ""적당함"", ""색상"": ""같음"", ""소재"": ""같음""}",[]
308936618,로브로브,[9/13 단 하루!] [4차 리오더] 컷아웃 숄더 드레이핑 니트_(2color),https://www.wconcept.co.kr/Product/308936618,2,12,wc******,2026.09.03,"WHITE, M","생각보다 입은 핏이 예뻐서 깜짝 놀랏슴 스커트나 슬랙스, 데님 뭐 웬만하면 다 어울림요 은근 어깨라인 드러내는데 부담스럽지 않아서 좋아여 니트가 답답하지도 않고 아주 굿입니당 퀄리티에 비해 초초초가성비",5.0,"{""사이즈"": ""적당함"", ""색상"": ""같음"", ""소재"": ""같음""}","[""https://media.wconcept.co.kr/review/308936618/308936618_1788412924672.jpg?RS=300""]"
308936618,로브로브,[9/13 단 하루!] [4차 리오더] 컷아웃 숄더 드레이핑 니트_(2color),https://www.wconcept.co.kr/Product/308936618,3,13,je******,2026.09.03,"WHITE, M","니트는 잘못 사면 피부에 닿을 때 까슬거리거나 핏이 애매한 경우가 많은데, 이건 생각보다 착용감이 정말 괜찮았어요. 처음 입었을 때 원단이 부드럽고 촉감이 편해서 맨살에 입어도 크게 불편하지 않았고, 축 처지는 느낌이 아니더라고요. 적당히 탄탄한 느낌이 있어서 입었을 때 핏도 자연스럽게 잡혀요. 무엇보다 숄더오픈 스타일이라 일반 니트보다 분위기가 확실히 달라 보여요. 어깨 부분이 살짝 드러나는 디자인이라 답답해 보이지 않고, 목선이나 어깨 라인이 자연스럽게 보여서 여성스러운 느낌도 있어요. 그렇다고 너무 과하게 파인 스타일은 아니라 부담스럽지 않게 입기 좋았습니다.",5.0,"{""사이즈"": ""적당함"", ""색상"": ""같음"", ""소재"": ""같음""}",[]
308936618,로브로브,[9/13 단 하루!] [4차 리오더] 컷아웃 숄더 드레이핑 니트_(2color),https://www.wconcept.co.kr/Product/308936618,3,14,99******,2026.09.03,"WHITE, M",오프숄더인듯 과하지 않은 노출으로 꾸안꾸템으로 딱이네요 속옷 안비치게 덧데어져있어서 편하게 입고 있어요~~ 보들보들하고 신축성 좋아서 꾸며야 하는날 무조건 입고 나갑니다,5.0,"{""사이즈"": ""적당함"", ""색상"": ""같음"", ""소재"": ""같음""}","[""https://media.wconcept.co.kr/review/308936618/308936618_1788406473791.jpeg?RS=300""]"
308936618,로브로브,[9/13 단 하루!] [4차 리오더] 컷아웃 숄더 드레이핑 니트_(2color),https://www.wconcept.co.kr/Product/308936618,3,15,sc******,2026.09.03,"BLACK, M",심플한 듯 디테일 있어서 대충 슬랙스나 청바지 입어도 예뻐요 니트가 까끌거리지 않고 부드러워서 좋네요 가슴쪽에 레이어드 ? 덧데어져 있어서 속옷도 안 비치고 은근 가슴도 커보여요,5.0,"{""사이즈"": ""적당함"", ""색상"": ""같음"", ""소재"": ""같음""}","[""https://media.wconcept.co.kr/review/308936618/308936618_1788404333404.jpeg?RS=300""]"
308936618,로브로브,[9/13 단 하루!] [4차 리오더] 컷아웃 숄더 드레이핑 니트_(2color),https://www.wconcept.co.kr/Product/308936618,3,16,wc******,2026.09.02,"WHITE, M",몸매 대박 좋아보이는데 살쪄서 배에 힘 주고 입어야할거같아욯ㅎㅎ 어깨 꼬임이랑 트임이 은근 핫걸 느낌 들어서 대 만족입니다,5.0,"{""사이즈"": ""적당함"", ""색상"": ""같음"", ""소재"": ""같음""}",[]
308936618,로브로브,[9/13 단 하루!] [4차 리오더] 컷아웃 숄더 드레이핑 니트_(2color),https://www.wconcept.co.kr/Product/308936618,3,17,hd******,2026.09.01,"WHITE, M",꼬임 디테일이 너무 예뻐요!! 그냥 티셔츠인데 저럼 디테일 덕에 걍 바지 입어도 꾸민느낌 나고 좋아요 사자마자 자주 손이 가는 옷이네영,5.0,"{""사이즈"": ""적당함"", ""색상"": ""같음"", ""소재"": ""같음""}",[]
305694301,아워코모스,[48H 특가] [단독] comos 1048 layered tuck wide slacks (3color),https://www.wconcept.co.kr/Product/305694301,1,1,ja******,2026.09.12,black-S,베이지색 잘 입고있어서 블랙 추가로 샀어요. 역시 핏이랑 태가 아주 예쁘고 기장이 길어서 정말 마음에 들어요. 허리가 좀 가늘어서 허리사이즈가 좀 크긴한데 줄임없이 단추를 조금 옮겨달면 잘 맞아서 잘입고있어요. 옷걸이와 여분단추까지 세심한 포장까지 아워코모스 브랜드 괜찮아요.,5.0,"{""사이즈"": ""적당함"", ""색상"": ""같음"", ""소재"": ""같음""}","[""https://media.wconcept.co.kr/review/305694301/305694301_1789212981991.jpg?RS=300""]"
305694301,아워코모스,[48H 특가] [단독] comos 1048 layered tuck wide slacks (3color),https://www.wconcept.co.kr/Product/305694301,1,2,yu******,2026.09.12,black-S,사이즈가 좀 작게 나온 느낌이라 한번 교환 했어요. 핏이나 주름이 좀 유니크해서 좋아요 다른색도 사보게요. 두께도 가을에 입기 적절해요. 여른부터 아워코모스 옷 많이 샀는데 다 무난하면서 한끝 디테일이 잘 살아있어서 일상에서 입기 정말 좋네요 만족합니다.,5.0,"{""사이즈"": ""적당함"", ""색상"": ""같음"", ""소재"": ""같음""}","[""https://media.wconcept.co.kr/review/305694301/305694301_1789200034327.jpg?RS=300""]"
305694301,아워코모스,[48H 특가] [단독] comos 1048 layered tuck wide slacks (3color),https://www.wconcept.co.kr/Product/305694301,1,3,ko******,2026.09.09,black-S,저 여기 브랜드 바지 제일 사랑해요…. 진짜진짜 아워코모스 왜 안사냐 사람들 사입어라,5.0,"{""사이즈"": ""작음"", ""색상"": ""비슷함"", ""소재"": ""비슷함""}",[]
305694301,아워코모스,[48H 특가] [단독] comos 1048 layered tuck wide slacks (3color),https://www.wconcept.co.kr/Product/305694301,1,4,je******,2026.09.08,beige-M,와 바지 너무 이뻐요 애낳고 허리가두꺼워져선지 허리는 꽉낌 차콜 더 사러왔네요,5.0,"{""사이즈"": ""적당함"", ""색상"": ""같음"", ""소재"": ""같음""}",[]
305694301,아워코모스,[48H 특가] [단독] comos 1048 layered tuck wide slacks (3color),https://www.wconcept.co.kr/Product/305694301,1,5,lu******,2026.09.06,charcoal-S,너무 예쁩니다.. 다만 제 키에는 길이가 길어 수선해야 할 듯,5.0,"{""사이즈"": ""적당함"", ""색상"": ""같음"", ""소재"": ""같음""}",[]
305694301,아워코모스,[48H 특가] [단독] comos 1048 layered tuck wide slacks (3color),https://www.wconcept.co.kr/Product/305694301,1,6,47******,2026.09.06,beige-S,리뷰에서 본거처럼 허리가 좀 작게나오고 기장은 길어서 수선이 필요합니다. 컬러는 넘 예뻐요.,5.0,"{""사이즈"": ""작음"", ""색상"": ""같음"", ""소재"": ""같음""}",[]
305694301,아워코모스,[48H 특가] [단독] comos 1048 layered tuck wide slacks (3color),https://www.wconcept.co.kr/Product/305694301,2,7,dl******,2026.09.04,beige-M,여러 리뷰처럼 허리가 타이트한 편은 맞는 듯 합니다 그래도 막 엄청 불편할 정도는 아닙니다 길이도 길어서 마음에 들어요~,5.0,"{""사이즈"": ""적당함"", ""색상"": ""같음"", ""소재"": ""같음""}","[""https://media.wconcept.co.kr/review/305694301/305694301_1788478969661.jpeg?RS=300"", ""https://media.wconcept.co.kr/review/305694301/305694301_1788478969591.jpeg?RS=300"", ""https://media.wconcept.co.kr/review/305694301/305694301_1788478969410.jpeg?RS=300""]"
305694301,아워코모스,[48H 특가] [단독] comos 1048 layered tuck wide slacks (3color),https://www.wconcept.co.kr/Product/305694301,2,8,mk******,2026.09.02,charcoal-S,챠르륵 떨어지는게 이뻐요 길이는 길어서 두단이나 줄여야 합니다,5.0,"{""사이즈"": ""큼"", ""색상"": ""같음"", ""소재"": ""같음""}","[""https://media.wconcept.co.kr/review/305694301/305694301_1788317021694.jpeg?RS=300""]"
305694301,아워코모스,[48H 특가] [단독] comos 1048 layered tuck wide slacks (3color),https://www.wconcept.co.kr/Product/305694301,2,9,ru******,2026.08.29,black-M,가을에 입기 좋고 길이는 수선해야할거 같아요 배송은 좀 느립니다,5.0,"{""사이즈"": ""적당함"", ""색상"": ""비슷함"", ""소재"": ""비슷함""}",[]
305694301,아워코모스,[48H 특가] [단독] comos 1048 layered tuck wide slacks (3color),https://www.wconcept.co.kr/Product/305694301,2,10,do******,2026.08.26,beige-S,엉덩이가 큰 체형인데 엉덩이가 강조되는 색감 재질입니다 키 165이상인 분들한테 더 어울릴 거 같아여,4.0,"{""사이즈"": ""적당함"", ""색상"": ""비슷함"", ""소재"": ""비슷함""}","[""https://media.wconcept.co.kr/review/305694301/305694301_1787750162881.jpeg?RS=300""]"
305694301,아워코모스,[48H 특가] [단독] comos 1048 layered tuck wide slacks (3color),https://www.wconcept.co.kr/Product/305694301,2,11,ji******,2026.08.26,black-M,사이즈가 확실히 조금 작긴 하네요. 보통 55 바지 입는데 여기는 m이 맞아요. S은 허리가 조금 타이트했어요. 옷 디자인은 아주 이쁘고 기장도 딱 좋아요. 여름에는 못입고 나머지는 다 입을 수 있습니다.,5.0,"{""사이즈"": ""적당함"", ""색상"": ""같음"", ""소재"": ""같음""}",[]
305694301,아워코모스,[48H 특가] [단독] comos 1048 layered tuck wide slacks (3color),https://www.wconcept.co.kr/Product/305694301,2,12,po******,2026.08.20,black-M,핏 너무 이뻐요 허리 작다는 후기가 많았는데 잘 맞아요 기장 수선만 해서 입으려구요 소재도 좋고 매우만족합니다,5.0,"{""사이즈"": ""적당함"", ""색상"": ""같음"", ""소재"": ""같음""}","[""https://media.wconcept.co.kr/review/305694301/305694301_1787220677722.jpg?RS=300""]"
305694301,아워코모스,[48H 특가] [단독] comos 1048 layered tuck wide slacks (3color),https://www.wconcept.co.kr/Product/305694301,3,13,wc******,2026.08.12,beige-M,폭염에는 덥지만 실내에 주로 있으면 여름에도 좋아요,5.0,"{""사이즈"": ""적당함"", ""색상"": ""같음"", ""소재"": ""같음""}",[]
305694301,아워코모스,[48H 특가] [단독] comos 1048 layered tuck wide slacks (3color),https://www.wconcept.co.kr/Product/305694301,3,14,le******,2026.07.21,beige-M,바지 스타일 좋고 예뻐요! 두께도 적당해서 잘 입을 것 같습니다,5.0,"{""사이즈"": ""적당함"", ""색상"": ""비슷함"", ""소재"": ""비슷함""}","[""https://media.wconcept.co.kr/review/305694301/305694301_1784618051423.jpeg?RS=300""]"
305694301,아워코모스,[48H 특가] [단독] comos 1048 layered tuck wide slacks (3color),https://www.wconcept.co.kr/Product/305694301,3,15,g9******,2026.07.20,beige-M,허리가 좀 크긴한데~ 작은 것 보다는 나아요! 겨울 빼고는 입을 수 있을 것 같아요~!,5.0,"{""사이즈"": ""큼"", ""색상"": ""같음"", ""소재"": ""비슷함""}","[""https://media.wconcept.co.kr/review/305694301/305694301_1784478137847.jpeg?RS=300""]"
305694301,아워코모스,[48H 특가] [단독] comos 1048 layered tuck wide slacks (3color),https://www.wconcept.co.kr/Product/305694301,3,16,li******,2026.07.14,black-S,편안하고 좋아요 색상이 이뻐요 맘에 듭니다 핏이이뻐요,5.0,"{""사이즈"": ""적당함"", ""색상"": ""같음"", ""소재"": ""같음""}",[]
305694301,아워코모스,[48H 특가] [단독] comos 1048 layered tuck wide slacks (3color),https://www.wconcept.co.kr/Product/305694301,3,17,jm******,2026.07.09,black-S,바지 촤르르륵 너무 편하고 핏 너무이쁩니다 근데 제 키에도 쫌 너무 길어서 반단정도 수선했어요,5.0,"{""사이즈"": ""적당함"", ""색상"": ""같음"", ""소재"": ""같음""}","[""https://media.wconcept.co.kr/review/305694301/305694301_1783600219878.jpeg?RS=300""]"
305694301,아워코모스,[48H 특가] [단독] comos 1048 layered tuck wide slacks (3color),https://www.wconcept.co.kr/Product/305694301,3,18,lj******,2026.06.23,charcoal-M,리뷰를 보니 s는 작을거 같아 m으로 구매했습니다! 허리는 진짜 딱 맞아서 점심을 많이는 못 먹을거 같아요 ㅎㅎ 적당히 먹어야 할거 같네요~~ 길이는 딱 2cm만 작으면 좋겠는데 신발에 딱 맞게 와서 걸을때 조심히 걸어요! 기장을 줄일지는 생각해 보려고 합니다!! 정말 마음에 듭니다!,5.0,"{""사이즈"": ""적당함"", ""색상"": ""같음"", ""소재"": ""같음""}","[""https://media.wconcept.co.kr/review/305694301/305694301_1782207957903.jpg?RS=300""]"
306066630,드메리엘,Veneta Hobo Bag Medium_8Colors,https://www.wconcept.co.kr/Product/306066630,1,1,wc******,2026.09.06,Black,가지고 다니다보면 생각보다 가죽이 부드럽고 가벼워서 모양이 예쁘게 잡힙니다. 처음에는 좀 큰가 했는데 안에 물건을 넣으니까 무게가 생겨서 자연스럽게 늘어져서 너무 커보이지 않아요. 수납 공간은 충분해서 보부상분들도 만족하실겁니다. 다만 내피가 하얀색이라서 물들만한 물품을 넣어다니지 않는게 좋겠어요.,5.0,"{""사이즈"": ""적당함"", ""색상"": ""같음"", ""착용감"": ""좋음""}","[""https://media.wconcept.co.kr/review/306066630/306066630_1788681039135.jpg?RS=300""]"
306066630,드메리엘,Veneta Hobo Bag Medium_8Colors,https://www.wconcept.co.kr/Product/306066630,1,2,wc******,2026.08.28,Wood Brown,가죽 질감 좋고 색상도 화면이랑 같아요. 아이패드 넣어 다녀야해서 큰사이즈 원했는데 마음에 들어요.,5.0,"{""사이즈"": ""적당함"", ""색상"": ""같음"", ""착용감"": ""좋음""}","[""https://media.wconcept.co.kr/review/306066630/306066630_1787898462243.jpg?RS=300""]"
306066630,드메리엘,Veneta Hobo Bag Medium_8Colors,https://www.wconcept.co.kr/Product/306066630,1,3,wc******,2026.08.24,Wood Brown,받자마자 출근길에 처음 사용했는데 회사에서 보니 벌써 기스가 나 있네요…택을 뜯어서 교환도 안 될거 같고..,3.0,"{""사이즈"": ""적당함"", ""색상"": ""같음"", ""착용감"": ""보통""}","[""https://media.wconcept.co.kr/review/306066630/306066630_1787532710388.jpeg?RS=300""]"
306066630,드메리엘,Veneta Hobo Bag Medium_8Colors,https://www.wconcept.co.kr/Product/306066630,1,4,ju******,2026.08.20,Black,다른 제품 작년 가을쯤 구매해서 정말 자주 들어서 의심(?)없이 구매했어요 꽤 가벼운 편이고 쉐입을 꽤나 잡아주면서도 뻣뻣하지 않은 소재라 좋네요 크기도 너무 크거나 작지 않아서 데일리로 들기에 매우 적절합니다,5.0,"{""사이즈"": ""적당함"", ""색상"": ""같음"", ""착용감"": ""좋음""}","[""https://media.wconcept.co.kr/review/306066630/306066630_1787180197841.jpeg?RS=300""]"
306066630,드메리엘,Veneta Hobo Bag Medium_8Colors,https://www.wconcept.co.kr/Product/306066630,1,5,ph******,2026.08.18,Black,"디자인은 너무 예쁜데 한 끗 차이로 맘에 쏙 드는 호보백이 없어서 아쉬웠거든요. 그러다 예전에 캡쳐해 뒀던 사진 정리 중에 이 가방을 발견하고 폭풍 검색 끝에 드디어 찾아내서 바로 질렀습니다! 쿠폰까지 알차게 먹여서 엄청 저렴한 가격에 득템해서 기분까지 너무 좋네요. 🥹 아무 옷이나 휘뚜루마뚜루 매기 너무 좋고, 생각보다 어깨에 착 감기는 착용감까지 완벽해요. 고민하는 분들 있다면 강추합니다! 👍",5.0,"{""사이즈"": ""적당함"", ""색상"": ""같음"", ""착용감"": ""좋음""}",[]
306066630,드메리엘,Veneta Hobo Bag Medium_8Colors,https://www.wconcept.co.kr/Product/306066630,1,6,wc******,2026.08.05,Black,방송에서 본것보다 훨씬 예뻐요 아이보리를 구매하고 싶었지만 관리를 못하는 탓에 블랙을 구매했는데 모든 옷에도 잘어울리고 수납도 잘 나눠져 있어 아주 유용하게 잘 사용할것 같아요 작은 지갑도 포함이라 카드나 립스틱 찾을 필요없이 편리하게 사용할 수 있을것같습니다 포장도 너무 고급스럽게 왔어요!!쵝오!!!,5.0,"{""사이즈"": ""적당함"", ""색상"": ""같음"", ""착용감"": ""좋음""}","[""https://media.wconcept.co.kr/review/306066630/306066630_1785926095836.jpg?RS=300""]"
306066630,드메리엘,Veneta Hobo Bag Medium_8Colors,https://www.wconcept.co.kr/Product/306066630,2,7,fq******,2026.08.01,Tan Brown,마감이나 포장 좋아요. 미니백만 사용하다 구입해서 어색하지만 잘 써볼게요.,5.0,"{""사이즈"": ""적당함"", ""색상"": ""비슷함"", ""착용감"": ""좋음""}","[""https://media.wconcept.co.kr/review/306066630/306066630_1785590140354.jpg?RS=300""]"
306066630,드메리엘,Veneta Hobo Bag Medium_8Colors,https://www.wconcept.co.kr/Product/306066630,2,8,wc******,2026.08.01,Wood Brown,가죽 부드럽고 예뻐요! 저 좀 보부상이라 큰걸로 했는데 크긴커요! 키커서 괜찮을듯 그 작은 파우치는 좀 걸리적거려서 선 감는 디테일만 살리구 키참 추가구매해서 달으니 딱 깔끔하구 이뻐요!,5.0,"{""사이즈"": ""큼"", ""색상"": ""비슷함"", ""착용감"": ""좋음""}","[""https://media.wconcept.co.kr/review/306066630/306066630_1785554367311.jpg?RS=300""]"
306066630,드메리엘,Veneta Hobo Bag Medium_8Colors,https://www.wconcept.co.kr/Product/306066630,2,9,dh******,2026.07.28,Choco Brown,"각도 잘 잡혀 있고, 가을, 겨울에 들기 좋은 색감이에요!",5.0,"{""사이즈"": ""적당함"", ""색상"": ""같음"", ""착용감"": ""보통""}","[""https://media.wconcept.co.kr/review/306066630/306066630_1785245893585.jpeg?RS=300""]"
306066630,드메리엘,Veneta Hobo Bag Medium_8Colors,https://www.wconcept.co.kr/Product/306066630,2,10,fg******,2026.06.26,Black,선물했는데 가방 형태 잘 잡혀있고 가죽도 부드럽고 아이패드 들어가서 편하다고 합니다,5.0,"{""사이즈"": ""적당함"", ""색상"": ""같음"", ""착용감"": ""좋음""}","[""https://media.wconcept.co.kr/review/306066630/306066630_1782450267309.jpg?RS=300""]"
306066630,드메리엘,Veneta Hobo Bag Medium_8Colors,https://www.wconcept.co.kr/Product/306066630,2,11,wc******,2026.06.25,Cream,선물로 사줬는데 바로 출격이네요. 가죽 질감이 좋다고 해요,5.0,"{""사이즈"": ""적당함"", ""색상"": ""같음"", ""착용감"": ""좋음""}","[""https://media.wconcept.co.kr/review/306066630/306066630_1782390602340.jpeg?RS=300""]"
306066630,드메리엘,Veneta Hobo Bag Medium_8Colors,https://www.wconcept.co.kr/Product/306066630,2,12,wc******,2026.06.10,Tan Brown,가방 너무 이빠서 좋은데 지금 보니까 제가 샀을 때보다 7만원 싸게 할인중이라 너무 슬프네요..ㅋㅋ 좀만 더 기다렸다 살 걸 그랬어요. 가죽 부드럽고 색도 이뻐유 다만 아쉬운 점은 가방끈 조절하는 구멍이 너무 작아서 길게 빼보려다가 실패했네요.,4.0,"{""사이즈"": ""적당함"", ""색상"": ""같음"", ""착용감"": ""좋음""}","[""https://media.wconcept.co.kr/review/306066630/306066630_1781064099979.jpeg?RS=300""]"
306066630,드메리엘,Veneta Hobo Bag Medium_8Colors,https://www.wconcept.co.kr/Product/306066630,3,13,jo******,2026.05.07,Wood Brown,사진과 같고 좋아요,5.0,"{""사이즈"": ""적당함"", ""색상"": ""같음"", ""착용감"": ""좋음""}",[]
306066630,드메리엘,Veneta Hobo Bag Medium_8Colors,https://www.wconcept.co.kr/Product/306066630,3,14,wc******,2026.04.19,Cream,무난하지만 뻔하지 않는 흰 가방. 여러 옷에 두루두루 들 수 있음.,5.0,"{""사이즈"": ""적당함"", ""색상"": ""같음"", ""착용감"": ""좋음""}",[]
306066630,드메리엘,Veneta Hobo Bag Medium_8Colors,https://www.wconcept.co.kr/Product/306066630,3,15,ye******,2026.04.12,Black,보부상인데 출근용으로 딱이에요,5.0,"{""사이즈"": ""적당함"", ""색상"": ""같음"", ""착용감"": ""보통""}",[]
306066630,드메리엘,Veneta Hobo Bag Medium_8Colors,https://www.wconcept.co.kr/Product/306066630,3,16,tn******,2026.04.08,Beige,비닐뜯기도 어렵고 어깨끈 길이조절 구멍이 작아서 손톱 뒤집어질뻔했어요 반품하고 싶은데 귀찮아서 그냥 써요,1.0,"{""사이즈"": ""적당함"", ""색상"": ""같음"", ""착용감"": ""보통""}",[]
306066630,드메리엘,Veneta Hobo Bag Medium_8Colors,https://www.wconcept.co.kr/Product/306066630,3,17,wc******,2026.04.08,Cream,"워낙 큰가방을 좋아하는데, 싸이즈 딱 좋고 그냥. 크림이라 좋아요.",5.0,"{""사이즈"": ""적당함"", ""색상"": ""같음"", ""착용감"": ""좋음""}","[""https://media.wconcept.co.kr/review/306066630/306066630_1775634277545.jpg?RS=300""]"
306066630,드메리엘,Veneta Hobo Bag Medium_8Colors,https://www.wconcept.co.kr/Product/306066630,3,18,dm******,2026.03.25,Cream,봄여름 출퇴근용 아이보리~크림색 가방 찾다가 구매했어요. 진짜 밝은색 가방 싹 다 서칭했는데 저는 너무 포멀하게 각잡힌 스타일보다는 캐주얼+스포티하게 들 수 있는 스타일을 찾고 있어서 드메리엘 호보백이 가장 추구미에 가깝더라구요. 특히 미니파우치를 끈으로 감는게 포인트가 되어서 이 가방을 선택하게 되었습니다(없으면 좀 허전해요ㅋㅋ) 게다가 책과 아이패드 수납이 가능해야만 했는데 넉넉하게 잘 들어갑니다! 가죽은 생각보다 부들보다는 탄탄한 느낌이었고 어깨끈 길이는 3단으로 조절 가능한데 저는 두번째에 끼우니 딱 좋았어요ㅎㅎ 노란끼 없는 예쁜 크림색이고 여름까지 휘뚤마뚤 잘 쓸거같아요 추천!!,5.0,"{""사이즈"": ""큼"", ""색상"": ""비슷함"", ""착용감"": ""보통""}","[""https://media.wconcept.co.kr/review/306066630/306066630_1774400543715.jpeg?RS=300"", ""https://media.wconcept.co.kr/review/306066630/306066630_1774400543666.jpeg?RS=300"", ""https://media.wconcept.co.kr/review/306066630/306066630_1774400543568.jpeg?RS=300""]"
306989867,모노로우,[30%쿠폰] [단독]JURI BAG 4COLORS,https://www.wconcept.co.kr/Product/306989867,1,1,wc******,2026.09.13,CHOCO BROWN,올해 위빙백이 유행해서 여기저기 찾아보다 주문했는데 대만족입니다. 보부상까지는 아니지만 여튼 가방에 이것저것 많이 넣어 다니는데 생각보다 많이 들어갑니다 ㅎㅎ 소재도 부드럽고 끈 길이도 적당. 어깨끈도 잘 안흘러내려서 좋아요,5.0,"{""사이즈"": ""적당함"", ""색상"": ""같음"", ""착용감"": ""좋음""}","[""https://media.wconcept.co.kr/review/306989867/306989867_1789256530413.jpg?RS=300"", ""https://media.wconcept.co.kr/review/306989867/306989867_1789256530298.jpg?RS=300""]"
306989867,모노로우,[30%쿠폰] [단독]JURI BAG 4COLORS,https://www.wconcept.co.kr/Product/306989867,1,2,wc******,2026.09.12,CHOCO BROWN,엄마한테 사드렸는데 잘 들고 다니세요. 유명 브랜드냐고 누가 그랬다네요,5.0,"{""사이즈"": ""적당함"", ""색상"": ""비슷함"", ""착용감"": ""보통""}",[]
306989867,모노로우,[30%쿠폰] [단독]JURI BAG 4COLORS,https://www.wconcept.co.kr/Product/306989867,1,3,s2******,2026.09.12,CHOCO BROWN,보테가 스타일의 가방이네오 ㅎㅎ 색상도 예쁘고 부담없이 들기 좋은 가방이예요! 무난하면서 분위기 있어요,5.0,"{""사이즈"": ""적당함"", ""색상"": ""같음"", ""착용감"": ""좋음""}","[""https://media.wconcept.co.kr/review/306989867/306989867_1789203345980.jpeg?RS=300""]"
306989867,모노로우,[30%쿠폰] [단독]JURI BAG 4COLORS,https://www.wconcept.co.kr/Product/306989867,1,4,wc******,2026.09.12,BLACK,여름도 지났는데 위빙백 괜찮을까 고민하다가 샀는데요 걱정이 무색할정도로 오히려 검정이 전체적인 착장도 안정감있게 잡아주면서 너무 무겁지않은 분위기라 좋아요 가볍고 적당한 사이즈라 엄마가 탐내요 ^^,5.0,"{""사이즈"": ""적당함"", ""색상"": ""같음"", ""착용감"": ""좋음""}","[""https://media.wconcept.co.kr/review/306989867/306989867_1789182171238.jpg?RS=300""]"
306989867,모노로우,[30%쿠폰] [단독]JURI BAG 4COLORS,https://www.wconcept.co.kr/Product/306989867,1,5,ye******,2026.09.12,CHOCO BROWN,보테가맛 낭낭.. 생각보다 이것저것 많이 들어가고 잘 쓸 것 같아요 가을 겨울애고 잘 들어질 것 같아요 근데 며칠됐다고 조금 쭈굴쭈굴햐짐,5.0,"{""사이즈"": ""적당함"", ""색상"": ""같음"", ""착용감"": ""좋음""}","[""https://media.wconcept.co.kr/review/306989867/306989867_1789176980724.jpeg?RS=300"", ""https://media.wconcept.co.kr/review/306989867/306989867_1789176980605.jpg?RS=300""]"
306989867,모노로우,[30%쿠폰] [단독]JURI BAG 4COLORS,https://www.wconcept.co.kr/Product/306989867,1,6,da******,2026.09.11,BLACK,가볍고 휘뚜루 마뚜루 잘 들고 다닐 것 같습니다요,5.0,"{""사이즈"": ""적당함"", ""색상"": ""비슷함"", ""착용감"": ""보통""}","[""https://media.wconcept.co.kr/review/306989867/306989867_1789135288131.jpg?RS=300""]"
306989867,모노로우,[30%쿠폰] [단독]JURI BAG 4COLORS,https://www.wconcept.co.kr/Product/306989867,2,7,wc******,2026.09.11,BLACK,처음 뵜을 땐 가죽이 아니라 고급스러움이 떨어지나 걱정이었는데 일단 가벼운 게 제일 좋고 은근 이거저거 많이 들어갑니다. 색도 검은색이라 어디나 어울려요.,5.0,"{""사이즈"": ""적당함"", ""색상"": ""같음"", ""착용감"": ""좋음""}","[""https://media.wconcept.co.kr/review/306989867/306989867_1789123325330.jpeg?RS=300""]"
306989867,모노로우,[30%쿠폰] [단독]JURI BAG 4COLORS,https://www.wconcept.co.kr/Product/306989867,2,8,fj******,2026.09.11,CHOCO BROWN,이뻐서 사봤는데 실물이 더 미쳤어요 ! 빨리 메고 나가거싶을정도에요..,5.0,"{""사이즈"": ""적당함"", ""색상"": ""같음"", ""착용감"": ""좋음""}",[]
306989867,모노로우,[30%쿠폰] [단독]JURI BAG 4COLORS,https://www.wconcept.co.kr/Product/306989867,2,9,fr******,2026.09.11,BLACK,가볍고 어느룩에나 알맞게 착용 가능합니다. 몇달을 벼루고 보다가 세일할 때 좋은가격에 만났어요. 무난한 블랙으로 하길 잘했어요 평소 잘 질려해서.. 어깨 끈 사이즈 너무 길지 않아서 좋아요. 가볍고 샹각보다 많이 들어갑니다. 가죽자켓이랑 트렌치 코트에 코디해서 입으려구요.,5.0,"{""사이즈"": ""적당함"", ""색상"": ""같음"", ""착용감"": ""좋음""}","[""https://media.wconcept.co.kr/review/306989867/306989867_1789104470182.jpeg?RS=300"", ""https://media.wconcept.co.kr/review/306989867/306989867_1789104470041.jpeg?RS=300""]"
306989867,모노로우,[30%쿠폰] [단독]JURI BAG 4COLORS,https://www.wconcept.co.kr/Product/306989867,2,10,wc******,2026.09.10,CHOCO BROWN,정말 가볍고 이쁘고 다합니다! 작은데 생각 보다 많이 들어가서 놀라워요,5.0,"{""사이즈"": ""적당함"", ""색상"": ""같음"", ""착용감"": ""좋음""}",[]
306989867,모노로우,[30%쿠폰] [단독]JURI BAG 4COLORS,https://www.wconcept.co.kr/Product/306989867,2,11,sj******,2026.09.10,CHOCO BROWN,가볍고 휘뚜루마뚜루 템. 위빙백이라 한겨울 빼고 들 수 있겠네요.,5.0,"{""사이즈"": ""적당함"", ""색상"": ""같음"", ""착용감"": ""좋음""}","[""https://media.wconcept.co.kr/review/306989867/306989867_1789036274371.jpeg?RS=300""]"
306989867,모노로우,[30%쿠폰] [단독]JURI BAG 4COLORS,https://www.wconcept.co.kr/Product/306989867,2,12,wc******,2026.09.10,CHOCO BROWN,실물이 훨씬 이쁘네요...무엇보다 가볍다는게 너무 좋아요 가을..겨울 착용하기 딱 입니다,5.0,"{""사이즈"": ""적당함"", ""색상"": ""같음"", ""착용감"": ""좋음""}","[""https://media.wconcept.co.kr/review/306989867/306989867_1789027469000.jpg?RS=300""]"
306989867,모노로우,[30%쿠폰] [단독]JURI BAG 4COLORS,https://www.wconcept.co.kr/Product/306989867,3,13,da******,2026.09.10,BLACK,제가 블랙 사서 쓰는데 만족해서 선물하려고 하나 더 샀어요! 아주 가성비짱이에요!,5.0,"{""사이즈"": ""적당함"", ""색상"": ""같음"", ""착용감"": ""좋음""}",[]
306989867,모노로우,[30%쿠폰] [단독]JURI BAG 4COLORS,https://www.wconcept.co.kr/Product/306989867,3,14,ta******,2026.09.09,CHOCO BROWN,친구 생일 선물로 구매했는데 아주 만족하네요. 요즘 가장 트렌디한 디자인인데 착용감도 좋아서 손이 자주 갈 것 같다고 해요,5.0,"{""사이즈"": ""적당함"", ""색상"": ""같음"", ""착용감"": ""좋음""}",[]
306989867,모노로우,[30%쿠폰] [단독]JURI BAG 4COLORS,https://www.wconcept.co.kr/Product/306989867,3,15,wc******,2026.09.08,CHOCO BROWN,깔끔하고 세련된 느낌~~어떤옷에도 어울릴듯요~~,5.0,"{""사이즈"": ""적당함"", ""색상"": ""같음"", ""착용감"": ""좋음""}",[]
306989867,모노로우,[30%쿠폰] [단독]JURI BAG 4COLORS,https://www.wconcept.co.kr/Product/306989867,3,16,ji******,2026.09.07,BLACK,사이즈는 아담해도 필요한 소지품은 다 들어가는 귀여운 가방이에요 퀄리티도 좋구 여기저기 잘 어울립니다,5.0,"{""사이즈"": ""작음"", ""색상"": ""같음"", ""착용감"": ""좋음""}","[""https://media.wconcept.co.kr/review/306989867/306989867_1788793070354.jpeg?RS=300""]"
306989867,모노로우,[30%쿠폰] [단독]JURI BAG 4COLORS,https://www.wconcept.co.kr/Product/306989867,3,17,ju******,2026.09.07,BLACK,너무너무 예뻐요 여름내내 휘뚜루마뚜루 백입니당,5.0,"{""사이즈"": ""적당함"", ""색상"": ""같음"", ""착용감"": ""좋음""}","[""https://media.wconcept.co.kr/review/306989867/306989867_1788774401381.jpg?RS=300""]"
306989867,모노로우,[30%쿠폰] [단독]JURI BAG 4COLORS,https://www.wconcept.co.kr/Product/306989867,3,18,cs******,2026.09.07,CHOCO BROWN,늦여름에 구입했는데 가을까지 활용 굳굳입니다,5.0,"{""사이즈"": ""적당함"", ""색상"": ""같음"", ""착용감"": ""좋음""}",[]
303894548,틸아이다이,[단 하루!] Mac half trench coat_Deep beige,https://www.wconcept.co.kr/Product/303894548,1,1,ay******,2026.09.10,Deep Beige_FREE,너무 맘에 들어요 가을에 입기 딱이에요 완전 찰떡이!!,5.0,"{""사이즈"": ""적당함"", ""색상"": ""비슷함"", ""소재"": ""비슷함""}","[""https://media.wconcept.co.kr/review/303894548/303894548_1789051546976.jpeg?RS=300""]"
303894548,틸아이다이,[단 하루!] Mac half trench coat_Deep beige,https://www.wconcept.co.kr/Product/303894548,1,2,jj******,2026.09.04,Deep Beige_FREE,반코트 사고 싶어서 많이 고루고 고루다 구매하게 되었어요 색도 적당하고 길이도 마음에 드는데 개인적으로 카라가 좀큰것같아요,5.0,"{""사이즈"": ""적당함"", ""색상"": ""비슷함"", ""소재"": ""비슷함""}","[""https://media.wconcept.co.kr/review/303894548/303894548_1788501505616.jpg?RS=300""]"
303894548,틸아이다이,[단 하루!] Mac half trench coat_Deep beige,https://www.wconcept.co.kr/Product/303894548,1,3,wc******,2026.07.16,Deep Beige_FREE,무난하게 잘 입을거같은 클래식 디자인인거같아요 !,5.0,"{""사이즈"": ""작음"", ""색상"": ""비슷함"", ""소재"": ""비슷함""}","[""https://media.wconcept.co.kr/review/303894548/303894548_1784191378129.jpeg?RS=300""]"
303894548,틸아이다이,[단 하루!] Mac half trench coat_Deep beige,https://www.wconcept.co.kr/Product/303894548,1,4,qh******,2026.05.01,Deep Beige_FREE,올해 잘산템 중 하나입니다. 어디에나 잘 어울리고 두께감도 요즘 날씨에 딱이에요. 밝은 색상 컬러도 사고 싶은 생각이 드네요! 입으면 입을수록 편하고 맘에 들어요 소재 탄탄하고 옆라인이 되게 예뻐보입니다. 추천할게요.,5.0,"{""사이즈"": ""적당함"", ""색상"": ""같음"", ""소재"": ""같음""}","[""https://media.wconcept.co.kr/review/303894548/303894548_1777626753365.jpg?RS=300""]"
303894548,틸아이다이,[단 하루!] Mac half trench coat_Deep beige,https://www.wconcept.co.kr/Product/303894548,1,5,pu******,2026.04.08,Deep Beige_FREE,휘뚜루 마뚜루 정말 잘 입고 있습니다. 어디에 걸쳐도 무난하게 다 어울리고 이것만 걸쳐도 편안한듯 차려입은 느낌이 나서 좋아요.,5.0,"{""사이즈"": ""적당함"", ""색상"": ""같음"", ""소재"": ""같음""}",[]
303894548,틸아이다이,[단 하루!] Mac half trench coat_Deep beige,https://www.wconcept.co.kr/Product/303894548,1,6,ch******,2026.04.06,Deep Beige_FREE,"같은 모양 숏 버전 구매했다가 너무 크롭해서 이 모델 구매했어요 봄가을에 잘 입을 수 있을만한 적당한 두께예요 적당한 하프코트 기장이라 체형커버도 잘 되고, 약간 A라인이라 반바지나 치마에 어울리는 스타일 입니다 바지입고도 숄더백 매면 자연스럽게 주름가서 멋있습니당",5.0,"{""사이즈"": ""적당함"", ""색상"": ""같음"", ""소재"": ""같음""}","[""https://media.wconcept.co.kr/review/303894548/303894548_1775439728964.jpeg?RS=300""]"
303894548,틸아이다이,[단 하루!] Mac half trench coat_Deep beige,https://www.wconcept.co.kr/Product/303894548,2,7,hs******,2026.03.25,Deep Beige_FREE,소재도 고급스럽고 입었을때 가볍고 편해서 좋아요 요즘 입기 딱 좋아서 잘 입을듯 해요 마감도 깔끔하고 맘에 듭니다,5.0,"{""사이즈"": ""적당함"", ""색상"": ""비슷함"", ""소재"": ""같음""}","[""https://media.wconcept.co.kr/review/303894548/303894548_1774444872661.jpg?RS=300""]"
303894548,틸아이다이,[단 하루!] Mac half trench coat_Deep beige,https://www.wconcept.co.kr/Product/303894548,2,8,ae******,2026.03.05,Deep Beige_FREE,봄에 입으려고 구매했어요!,5.0,"{""사이즈"": ""적당함"", ""색상"": ""같음"", ""소재"": ""같음""}",[]
303894548,틸아이다이,[단 하루!] Mac half trench coat_Deep beige,https://www.wconcept.co.kr/Product/303894548,2,9,me******,2026.03.05,Deep Beige_FREE,뒤에 트임이 포인트가 되고 기장도 적당하고 옷은 예뻐요 다만 컬러가 봄 베이지가 아니라 가을 베이지라 좀 탁하고 누런 느낌이에요ㅠㅠ 라이트베이지랑 엄청 고민했는데 봄가을 다 입으려면 딥베이지가 더 나을것 같아 이걸로 구매했는데 생각보다 더 누렁누렁해서 약간 아쉽습니다 봄웜라인데 완전 얼굴 사는 컬러는 아니에요 근데 이것도 가을에 입으면 또 분위기 있고 이쁜 컬러라 라이트베이지도 사야하나 지금 너무 고민중ㅠㅠ,5.0,"{""사이즈"": ""큼"", ""색상"": ""비슷함"", ""소재"": ""비슷함""}",[]
303894548,틸아이다이,[단 하루!] Mac half trench coat_Deep beige,https://www.wconcept.co.kr/Product/303894548,2,10,pr******,2026.03.04,Deep Beige_FREE,배송빠르고 소재 사그락거려서 넘 좋아요 휘뚜루마뚜루 템입니다 ㅎㅎ,5.0,"{""사이즈"": ""적당함"", ""색상"": ""같음"", ""소재"": ""같음""}","[""https://media.wconcept.co.kr/review/303894548/303894548_1772615967115.jpeg?RS=300""]"
303894548,틸아이다이,[단 하루!] Mac half trench coat_Deep beige,https://www.wconcept.co.kr/Product/303894548,2,11,fr******,2026.02.12,LIGHT BEIGE_FREE,이뻐요. 봄에 잘 입겠습니다,5.0,"{""사이즈"": ""적당함"", ""색상"": ""같음"", ""소재"": ""같음""}","[""https://media.wconcept.co.kr/review/303894548/303894548_1770872663743.jpg?RS=300""]"
303894548,틸아이다이,[단 하루!] Mac half trench coat_Deep beige,https://www.wconcept.co.kr/Product/303894548,2,12,wc******,2025.12.13,Deep Beige_FREE,사이즈 완전 넉넉합니다 77까지도 충분할듯요 옷에 힘이있어 초겨울까지 입었어요 꼼꼼하게 제작된게 느껴지구요 예뻐요~,5.0,"{""사이즈"": ""큼"", ""색상"": ""같음"", ""소재"": ""같음""}","[""https://media.wconcept.co.kr/review/303894548/303894548_1765621939964.jpg?RS=300"", ""https://media.wconcept.co.kr/review/303894548/303894548_1765621939843.jpg?RS=300""]"
303894548,틸아이다이,[단 하루!] Mac half trench coat_Deep beige,https://www.wconcept.co.kr/Product/303894548,3,13,wc******,2025.11.24,LIGHT BEIGE_FREE,"딸 생일선물했는데 , 옷이 너무 예쁘고 마음에 든다고 하네요 !! ^^",5.0,"{""사이즈"": ""적당함"", ""색상"": ""같음"", ""소재"": ""비슷함""}","[""https://media.wconcept.co.kr/review/303894548/303894548_1763975934144.jpg?RS=300""]"
303894548,틸아이다이,[단 하루!] Mac half trench coat_Deep beige,https://www.wconcept.co.kr/Product/303894548,3,14,te******,2025.10.21,NAVY_FREE,소매가 길어서 접어 입는데 안감이 조금 허술한 느낌이라 살짝 아쉬워요. 그래도 핏이며 디자인이며 완전 맘에 들어요,5.0,"{""사이즈"": ""적당함"", ""색상"": ""같음"", ""소재"": ""같음""}",[]
303894548,틸아이다이,[단 하루!] Mac half trench coat_Deep beige,https://www.wconcept.co.kr/Product/303894548,3,15,hh******,2025.10.20,Deep Beige_FREE,사이즈 적당하고 밑에는 짧은기장 스커트나 반바지 입는게 더 이쁠것 같아요.,5.0,"{""사이즈"": ""적당함"", ""색상"": ""같음"", ""소재"": ""같음""}","[""https://media.wconcept.co.kr/review/303894548/303894548_1760943955399.jpg?RS=300""]"
303894548,틸아이다이,[단 하루!] Mac half trench coat_Deep beige,https://www.wconcept.co.kr/Product/303894548,3,16,ra******,2025.10.14,Deep Beige_FREE,"색깔, 두께 다 마음에 들어요. 품이 워낙 커서 좀 신경써서 입어야 할 것 같아요. 반바지나 미니스커트에 잘 어울려요.",5.0,"{""사이즈"": ""큼"", ""색상"": ""같음"", ""소재"": ""같음""}","[""https://media.wconcept.co.kr/review/303894548/303894548_1760447119999.jpeg?RS=300""]"
303894548,틸아이다이,[단 하루!] Mac half trench coat_Deep beige,https://www.wconcept.co.kr/Product/303894548,3,17,gp******,2025.09.22,LIGHT BEIGE_FREE,생각보다 탄탄하고 핏도 예뻐요. 후기에 크다고 해서 걱정했는데 괜찮네요. 키가 작아도 예쁩니다.,5.0,"{""사이즈"": ""큼"", ""색상"": ""같음"", ""소재"": ""같음""}",[]
303894548,틸아이다이,[단 하루!] Mac half trench coat_Deep beige,https://www.wconcept.co.kr/Product/303894548,3,18,wc******,2025.09.20,Deep Beige_FREE,낙낙하고 색상 이뻐요 약간 무게감 있긴해요,5.0,"{""사이즈"": ""큼"", ""색상"": ""같음"", ""소재"": ""같음""}",[]
307496326,오프 앤드 어웨이,플리츠 슬릿 레이온 스커트_charcoal,https://www.wconcept.co.kr/Product/307496326,1,1,ga******,2026.09.12,charcoal_M,후기 믿고 샀는데 저도 같은 후기를 남기고 있네요. 톡톡한 소재라 툭 떨어져서 몸매 부각안되지만 날씬해보이는 기장이라 넘 예뻐요. 구김도 거의 없고 부드럽고 스타킹 신으면 겨울에도 코트안에 충분히 입을 수 있겠어요. 활용도 만점! (제 사진이 밝게 나왔어요),5.0,"{""사이즈"": ""적당함"", ""색상"": ""같음"", ""소재"": ""같음""}","[""https://media.wconcept.co.kr/review/307496326/307496326_1789223875703.jpg?RS=300""]"
307496326,오프 앤드 어웨이,플리츠 슬릿 레이온 스커트_charcoal,https://www.wconcept.co.kr/Product/307496326,1,2,co******,2026.09.12,charcoal_S,소재가 너무 좋아요 마감도 좋구요 스커트는 밑단 마감처리땜에 싼거 안사거든요 다만 제가사고 하루만에 더 할인을 옷은 맘에들어서 하루 먼저 입은 값이라 쳐야죠뭐~,5.0,"{""사이즈"": ""적당함"", ""색상"": ""같음"", ""소재"": ""같음""}","[""https://media.wconcept.co.kr/review/307496326/307496326_1789219017244.jpeg?RS=300""]"
307496326,오프 앤드 어웨이,플리츠 슬릿 레이온 스커트_charcoal,https://www.wconcept.co.kr/Product/307496326,1,3,tn******,2026.09.12,charcoal_S,"선물로 주문했는데,핏도 이쁘고,소재도 좋다고 마음에 들어하네요~~~",5.0,"{""사이즈"": ""적당함"", ""색상"": ""같음"", ""소재"": ""같음""}","[""https://media.wconcept.co.kr/review/307496326/307496326_1789183411856.jpg?RS=300""]"
307496326,오프 앤드 어웨이,플리츠 슬릿 레이온 스커트_charcoal,https://www.wconcept.co.kr/Product/307496326,1,4,wc******,2026.09.08,charcoal_M,길이감 있어요 사이즈 조금크긴한데.. 편하게 입기좋아요 스퇄이뻐서..만족,5.0,"{""사이즈"": ""큼"", ""색상"": ""비슷함"", ""소재"": ""비슷함""}",[]
307496326,오프 앤드 어웨이,플리츠 슬릿 레이온 스커트_charcoal,https://www.wconcept.co.kr/Product/307496326,1,5,pi******,2026.09.08,charcoal_XS,xs이라 혹시나 작을까 했는디 힘있는 소재에 사이즈도 여유있게 느껴져서 아주 편하게 이쁘게 입을 수 있어서 너무 만족스럽습니다,5.0,"{""사이즈"": ""큼"", ""색상"": ""같음"", ""소재"": ""같음""}","[""https://media.wconcept.co.kr/review/307496326/307496326_1788854040020.jpeg?RS=300""]"
307496326,오프 앤드 어웨이,플리츠 슬릿 레이온 스커트_charcoal,https://www.wconcept.co.kr/Product/307496326,1,6,jj******,2026.09.02,charcoal_M,170에 66 원단도 살짝 무게감잇고 신축성도 잇엉요.만족.,5.0,"{""사이즈"": ""적당함"", ""색상"": ""같음"", ""소재"": ""같음""}","[""https://media.wconcept.co.kr/review/307496326/307496326_1788355833390.jpeg?RS=300"", ""https://media.wconcept.co.kr/review/307496326/307496326_1788355833249.jpeg?RS=300""]"
307496326,오프 앤드 어웨이,플리츠 슬릿 레이온 스커트_charcoal,https://www.wconcept.co.kr/Product/307496326,2,7,ba******,2026.09.02,charcoal_S,세트 구입 했어요 허리가 타이트하지 않을까 했는데 약간 여유 있게 맞아서 좋아요,5.0,"{""사이즈"": ""적당함"", ""색상"": ""같음"", ""소재"": ""같음""}",[]
307496326,오프 앤드 어웨이,플리츠 슬릿 레이온 스커트_charcoal,https://www.wconcept.co.kr/Product/307496326,2,8,hj******,2026.08.31,charcoal_M,원단이 백화점 브랜드 원단처럼 무게감 있고 퀄리티가 좋습니다! 앞쪽으로 슬릿이 있어 다리를 꼬면 다리가 보일 수 있어요. 제 생각보다는 주름이 잘 가는 듯 하고 다림질로도 잘 안펴지는 부분이 있었습니다.,5.0,"{""사이즈"": ""적당함"", ""색상"": ""같음"", ""소재"": ""같음""}","[""https://media.wconcept.co.kr/review/307496326/307496326_1788146575672.jpeg?RS=300""]"
307496326,오프 앤드 어웨이,플리츠 슬릿 레이온 스커트_charcoal,https://www.wconcept.co.kr/Product/307496326,2,9,wc******,2026.06.15,charcoal_M,산지 오래됬는데 이제야 후기를 쓰네요 딱 원하던 스타일이라 겨울 봄 내내 잘 입었어요! 무거운편이고 질 좋습니다,5.0,"{""사이즈"": ""적당함"", ""색상"": ""같음"", ""소재"": ""같음""}",[]
307496326,오프 앤드 어웨이,플리츠 슬릿 레이온 스커트_charcoal,https://www.wconcept.co.kr/Product/307496326,2,10,jh******,2026.06.06,charcoal_M,키 164인데 소재도 너무 좋고 길이도 좋아요. 딱 발목까지 오는 길이. 비싸보이고 예뻐요.,5.0,"{""사이즈"": ""적당함"", ""색상"": ""같음"", ""소재"": ""같음""}",[]
307496326,오프 앤드 어웨이,플리츠 슬릿 레이온 스커트_charcoal,https://www.wconcept.co.kr/Product/307496326,2,11,gl******,2026.05.23,charcoal_XS,적당한 두께감에 주름부분도 이쁘게 나와서 입었을때 라인이 참 이쁩니다,5.0,"{""사이즈"": ""큼"", ""색상"": ""같음"", ""소재"": ""같음""}","[""https://media.wconcept.co.kr/review/307496326/307496326_1779520725773.jpg?RS=300""]"
307496326,오프 앤드 어웨이,플리츠 슬릿 레이온 스커트_charcoal,https://www.wconcept.co.kr/Product/307496326,2,12,dp******,2026.05.19,charcoal_S,"지인 결혼식에 입으려고 주문했어요. 원하던대로 길이도 길고, 소재도 좋아요",5.0,"{""사이즈"": ""적당함"", ""색상"": ""같음"", ""소재"": ""같음""}","[""https://media.wconcept.co.kr/review/307496326/307496326_1779192200260.jpeg?RS=300""]"
307496326,오프 앤드 어웨이,플리츠 슬릿 레이온 스커트_charcoal,https://www.wconcept.co.kr/Product/307496326,3,13,vs******,2026.05.19,charcoal_S,나젖쥬쟈뉴여자자ㅜㅠ텨너자재너뉸ㅍ뉴ㅓ터뉸,5.0,"{""사이즈"": ""적당함"", ""색상"": ""같음"", ""소재"": ""같음""}",[]
307496326,오프 앤드 어웨이,플리츠 슬릿 레이온 스커트_charcoal,https://www.wconcept.co.kr/Product/307496326,3,14,cu******,2026.05.12,charcoal_M,정말 교복템입니다. 저렴한 플리츠 샀다가 항상 망했는데 주름도 너무 견고하고 허리도 탄탄.무엇보다 하비인 제 체형에 완죤 찰떡이에요.치마 쇼핑 성공했써용!!,5.0,"{""사이즈"": ""적당함"", ""색상"": ""같음"", ""소재"": ""같음""}","[""https://media.wconcept.co.kr/review/307496326/307496326_1778590961295.jpg?RS=300""]"
307496326,오프 앤드 어웨이,플리츠 슬릿 레이온 스커트_charcoal,https://www.wconcept.co.kr/Product/307496326,3,15,wc******,2026.05.06,charcoal_XS,플리츠 정장 스커트 필요해서 xs 맞겠거니 생각했는데 커요. 길고 무게있고 허리도 보통 미디엄 인데 사이즈 기준이 이해가 안됩니다. 전 길이와 품을 줄일 각오로 반품은 안할껀데요 왜냐면 품질은 훌륭해서 어떻케든 입어야지요. 163이상 이신분은 멋질꺼예요.,4.0,"{""사이즈"": ""큼"", ""색상"": ""비슷함"", ""소재"": ""같음""}","[""https://media.wconcept.co.kr/review/307496326/307496326_1778049037901.jpg?RS=300""]"
307496326,오프 앤드 어웨이,플리츠 슬릿 레이온 스커트_charcoal,https://www.wconcept.co.kr/Product/307496326,3,16,he******,2026.05.03,charcoal_M,160키에는 긴 걍 긴 스커트예요 옷 예쁜데 코디 위에 뭘 입어야할지 고민입니다 치마 편하고 랩 처럼 트임이 있어요 앞쪽에 깜놀,5.0,"{""사이즈"": ""적당함"", ""색상"": ""같음"", ""소재"": ""비슷함""}",[]
307496326,오프 앤드 어웨이,플리츠 슬릿 레이온 스커트_charcoal,https://www.wconcept.co.kr/Product/307496326,3,17,si******,2026.04.16,charcoal_XS,원하던 핏이예요 오래 두고 입을거 같아요,5.0,"{""사이즈"": ""적당함"", ""색상"": ""같음"", ""소재"": ""같음""}",[]
307496326,오프 앤드 어웨이,플리츠 슬릿 레이온 스커트_charcoal,https://www.wconcept.co.kr/Product/307496326,3,18,di******,2026.04.15,charcoal_S,너무 마음에 들어요 회색자켓과 같이입을 플리츠 스커트 찾고있었는데 무릎길이는 부담스러웠는데 적당히 길어서 자주 입고다닐것같습니다 ㅎㅎ 재질도 좋아요!,5.0,"{""사이즈"": ""적당함"", ""색상"": ""비슷함"", ""소재"": ""같음""}","[""https://media.wconcept.co.kr/review/307496326/307496326_1776236887592.jpeg?RS=300""]"
307377950,슬로우롤리,[20%쿠폰] [8차] Cotton half work jacket,https://www.wconcept.co.kr/Product/307377950,1,1,yi******,2026.09.13,Beige_Free,"다소 밋밋할 수 있는 기본 스타일인데 카라에 진한 브라운으로 따로 포인트를 주어 스타일 예쁘구요, 넉넉한 핏에 캐주얼하게 입기도 좋고, 출근룩으로도 좋아요",5.0,"{""사이즈"": ""적당함"", ""색상"": ""같음"", ""소재"": ""같음""}",[]
307377950,슬로우롤리,[20%쿠폰] [8차] Cotton half work jacket,https://www.wconcept.co.kr/Product/307377950,1,2,wc******,2026.09.12,Beige_Free,워크 자켓 특유의 캐주얼한 디자인이 과하지 않고 깔끔해서 마음에 드네요. 하프 기장에 여유 있는 핏이라 티셔츠나 셔츠 위에 입어도 편안해요.,5.0,"{""사이즈"": ""적당함"", ""색상"": ""같음"", ""소재"": ""같음""}",[]
307377950,슬로우롤리,[20%쿠폰] [8차] Cotton half work jacket,https://www.wconcept.co.kr/Product/307377950,1,3,je******,2026.08.29,Beige_Free,모델 핏이 이뻐보여서 구매했어요 핏이 깔끔하고 부해보이지 않아서 좋아요 사이즈 잘맞고 가을에 잘입고다닐 수 있을 것 같네요,5.0,"{""사이즈"": ""적당함"", ""색상"": ""같음"", ""소재"": ""같음""}",[]
307377950,슬로우롤리,[20%쿠폰] [8차] Cotton half work jacket,https://www.wconcept.co.kr/Product/307377950,1,4,kk******,2026.08.27,Beige_Free,"베이지 컬러가 차분하고 자연스러운 느낌이라 데일리로 입기 좋았어요. 코튼 소재라 너무 딱딱하지 않고 착용감이 편해서 티셔츠 위에 가볍게 걸치기 좋더라고요. 하프 기장이라 활동하기에도 부담이 없고, 데님이나 면바지와 매치하면 편안하면서도 깔끔한 분위기가 잘 살아났습니다. 포켓 디테일 덕분에 밋밋하지 않고 워크자켓 특유의 캐주얼한 느낌도 은은하게 느껴져 마음에 들었어요. 색감도 무난해서 다양한 옷에 활용하기 좋고 간절기 가볍게 걸칠 아우터로 만족스럽게 잘 입고 있습니다.",5.0,"{""사이즈"": ""적당함"", ""색상"": ""같음"", ""소재"": ""같음""}",[]
307377950,슬로우롤리,[20%쿠폰] [8차] Cotton half work jacket,https://www.wconcept.co.kr/Product/307377950,1,5,wc******,2026.08.26,Beige_Free,베이지 색상이 차분하고 어떤 옷에도 무난하게 잘 어울리네요~ 하프 기장이라 부담 없이 걸치기 좋고 면 소재 특유의 편안한 느낌도 좋아요~ 데일리룩이나 외출용으로 편하게 활용하기 좋네요~,5.0,"{""사이즈"": ""적당함"", ""색상"": ""같음"", ""소재"": ""같음""}",[]
307377950,슬로우롤리,[20%쿠폰] [8차] Cotton half work jacket,https://www.wconcept.co.kr/Product/307377950,1,6,wc******,2026.08.25,Beige_Free,고민하다가 구매하였는데 너무좋습니다 자켓 너무 고급스럽고 이쁘네요 배송도 빠르고 포장도 좋습니다 색상도 너무 이쁘고 좋습니다 자켓너무 이뻐서 지인들에게도 추천하였습니다 최고입니다~,5.0,"{""사이즈"": ""적당함"", ""색상"": ""같음"", ""소재"": ""같음""}",[]
307377950,슬로우롤리,[20%쿠폰] [8차] Cotton half work jacket,https://www.wconcept.co.kr/Product/307377950,2,7,Ka******,2026.08.25,Beige_Free,품이 넉넉해서 안에 도톰한 이너를 레이어드해도 끼는 느낌 없이 편안해요 하프 기장감에 깔끔한 베이지 톤이라 롱스커트나 와이드 팬츠랑 코디 조합이 아주 좋습니다,5.0,"{""사이즈"": ""적당함"", ""색상"": ""같음"", ""소재"": ""같음""}",[]
307377950,슬로우롤리,[20%쿠폰] [8차] Cotton half work jacket,https://www.wconcept.co.kr/Product/307377950,2,8,lh******,2026.08.24,Beige_Free,걸쳐보자마자 자연스러운 실루엣에 반해버렸어요~ 하프 기장이라 활동하기도 편하고 비율도 좋아 보여요ㅎㅎ,5.0,"{""사이즈"": ""적당함"", ""색상"": ""같음"", ""소재"": ""같음""}",[]
307377950,슬로우롤리,[20%쿠폰] [8차] Cotton half work jacket,https://www.wconcept.co.kr/Product/307377950,2,9,kc******,2026.07.04,Beige_Free,옷이 무겁고 많이 오버핏 입니더~ 진한 색상 청바지랑 잘 어울리고 안에 딱 붙게 입어줘야 날씬해보여요 시보리로 아무리 잡아 당겨도 모델핏 안나와요 사진은 아이가 입은것밖에 없네용ㅋㅋ,5.0,"{""사이즈"": ""큼"", ""색상"": ""비슷함"", ""소재"": ""같음""}","[""https://media.wconcept.co.kr/review/307377950/307377950_1783146042124.jpeg?RS=300""]"
307377950,슬로우롤리,[20%쿠폰] [8차] Cotton half work jacket,https://www.wconcept.co.kr/Product/307377950,2,10,rl******,2026.06.04,Navy_Free,이뻐요!! 꽤나 두꺼워요 추천합니다! 봄가을에 딱,5.0,"{""사이즈"": ""작음"", ""색상"": ""비슷함"", ""소재"": ""비슷함""}",[]
307377950,슬로우롤리,[20%쿠폰] [8차] Cotton half work jacket,https://www.wconcept.co.kr/Product/307377950,2,11,di******,2026.05.30,Beige_Free,엄마 선물했더니 맘에들어하네요 ㅎㅎ 제가 뺏어입을라고 하니까 안된대요 스산할때 입어주면 딱 적당한 두께애 디자인도 이뻐요,5.0,"{""사이즈"": ""적당함"", ""색상"": ""같음"", ""소재"": ""같음""}","[""https://media.wconcept.co.kr/review/307377950/307377950_1780122003941.jpeg?RS=300""]"
307377950,슬로우롤리,[20%쿠폰] [8차] Cotton half work jacket,https://www.wconcept.co.kr/Product/307377950,2,12,dd******,2026.05.29,Beige_Free,"너무 과한 오버핏 아니고, 적당하게 예쁜 오버핏이어서 더 좋았어요",5.0,"{""사이즈"": ""적당함"", ""색상"": ""같음"", ""소재"": ""비슷함""}","[""https://media.wconcept.co.kr/review/307377950/307377950_1780015714532.jpg?RS=300""]"
307377950,슬로우롤리,[20%쿠폰] [8차] Cotton half work jacket,https://www.wconcept.co.kr/Product/307377950,3,13,02******,2026.05.25,Beige_Free,남편은 인민군같다고하지만 전 마음에 쏙 들어요 데일리템입니다.,5.0,"{""사이즈"": ""큼"", ""색상"": ""같음"", ""소재"": ""같음""}","[""https://media.wconcept.co.kr/review/307377950/307377950_1779699488188.jpg?RS=300""]"
307377950,슬로우롤리,[20%쿠폰] [8차] Cotton half work jacket,https://www.wconcept.co.kr/Product/307377950,3,14,jy******,2026.05.20,Beige_Free,탄탄한 면 소재 뼈대 디자인이라 착용했을 때 핏이 무너지지 않고 하프 기장 특유의 포멀함이 투명하게 잘 살아납니다 소매단과 아웃포켓 체결 부위의 재봉 퀄리티가 정밀하고 견고해서 출퇴근 동선에서 가볍게 툭 걸쳐 입는 아우터로 손색이 없네요,5.0,"{""사이즈"": ""적당함"", ""색상"": ""같음"", ""소재"": ""같음""}",[]
307377950,슬로우롤리,[20%쿠폰] [8차] Cotton half work jacket,https://www.wconcept.co.kr/Product/307377950,3,15,sd******,2026.05.20,Beige_Free,내추럴한 베이지 색감 베이스라 유행을 타지 않고 데일리로 가볍게 걸쳐 입는 아우터 레이아웃으로 매치하기 좋습니다 면 원단 특유의 탄탄하고 보송한 텍스처 덕분에 흐물거리지 않고 하프 기장 특유의 정갈한 핏 밸런스가 정직하게 잘 사네요,5.0,"{""사이즈"": ""적당함"", ""색상"": ""같음"", ""소재"": ""같음""}",[]
307377950,슬로우롤리,[20%쿠폰] [8차] Cotton half work jacket,https://www.wconcept.co.kr/Product/307377950,3,16,ly******,2026.05.19,Beige_Free,쿨톤도 잘어울렸어요 휘투루 마투루입기좋은 자켓이에요,5.0,"{""사이즈"": ""큼"", ""색상"": ""비슷함"", ""소재"": ""같음""}",[]
307377950,슬로우롤리,[20%쿠폰] [8차] Cotton half work jacket,https://www.wconcept.co.kr/Product/307377950,3,17,js******,2026.05.15,Beige_Free,가녀린 몸매를 가진 사람들에겐 상당히 큰 사이즈예요. 후기에 여러개 겹쳐입는 루즈핏아우터라면 정말 예쁘네요ㅡ그래서 크지만 겟하기로 결정. 소매단이랑 카라에 브라운이 한몫하네요. 안타깝게도 너무 늦게 사서 가을에 기대해야겠어요.,5.0,"{""사이즈"": ""큼"", ""색상"": ""같음"", ""소재"": ""같음""}","[""https://media.wconcept.co.kr/review/307377950/307377950_1778802084032.jpg?RS=300""]"
307377950,슬로우롤리,[20%쿠폰] [8차] Cotton half work jacket,https://www.wconcept.co.kr/Product/307377950,3,18,kh******,2026.05.12,Beige_Free,화면그대로예요.도톰에서 가을에도 입기좋아요. 많이 얇지않아서 더좋아요. 진한베이지라 더 이뻐요.,5.0,"{""사이즈"": ""큼"", ""색상"": ""같음"", ""소재"": ""같음""}",[]
306616890,문트,[20%쿠폰] [10차 오더]하이웨이스트 부츠컷 데님 팬츠_4 color,https://www.wconcept.co.kr/Product/306616890,1,1,bl******,2026.09.11,인디고_S,키 166 / 53. S사이즈 예쁘게 잘맞아요. 데님 부츠컷은 벙벙하게 입으면 안 예쁘잖아요. 몸에 딱맞게 입으니 예쁘네요. 예전에 다른 색상으로 M사이즈 산거 있는데 다이어트하고 너무 커서 못 입고 있는데 S는 너무 좋네요. 길이도 5cm굽 신으니 안줄여도 되는 딱 떨어지는 기장이라 좋아요,5.0,"{""사이즈"": ""적당함"", ""색상"": ""같음"", ""소재"": ""같음""}",[]
306616890,문트,[20%쿠폰] [10차 오더]하이웨이스트 부츠컷 데님 팬츠_4 color,https://www.wconcept.co.kr/Product/306616890,1,2,mi******,2026.09.11,블루_M,슬랙스 66이라서 데님도 M구매했어요 . 밑위길어서 진심 허리까지 올라오고 소재도 잘늘어납니다. 컬러 화면과 같고 착용하면 늘씬해지는 마법이 확실! 디자인 부츠컷덕 확실!,5.0,"{""사이즈"": ""적당함"", ""색상"": ""같음"", ""소재"": ""같음""}","[""https://media.wconcept.co.kr/review/306616890/306616890_1789080926988.jpg?RS=300""]"
306616890,문트,[20%쿠폰] [10차 오더]하이웨이스트 부츠컷 데님 팬츠_4 color,https://www.wconcept.co.kr/Product/306616890,1,3,su******,2026.09.10,인디고_S,S구매고요. 몸매가 예뻐보여요. 다른 색도 많이 나왔으면 좋겠어요.,5.0,"{""사이즈"": ""적당함"", ""색상"": ""같음"", ""소재"": ""같음""}","[""https://media.wconcept.co.kr/review/306616890/306616890_1789005197918.jpg?RS=300""]"
306616890,문트,[20%쿠폰] [10차 오더]하이웨이스트 부츠컷 데님 팬츠_4 color,https://www.wconcept.co.kr/Product/306616890,1,4,kw******,2026.09.09,인디고_M,여러분 문트 바지 사세요. 문트 바지는 실패가 없어요. 진짜 다예쁩니다.라인도 색깔도 정말 제대로예요,5.0,"{""사이즈"": ""적당함"", ""색상"": ""같음"", ""소재"": ""같음""}","[""https://media.wconcept.co.kr/review/306616890/306616890_1788937808422.jpg?RS=300""]"
306616890,문트,[20%쿠폰] [10차 오더]하이웨이스트 부츠컷 데님 팬츠_4 color,https://www.wconcept.co.kr/Product/306616890,1,5,sn******,2026.09.09,인디고_S,부츠컷에 반품비 수억쓰고 마지막이다 하면서 시켰는데 이거 인생 부츠컷인데요? 인디고 컬러가 날씬해보이면서 휘뚤마뚤이고 핏이 딱맞는데도 신축성이 좋아서 너무 편해요. 가격은 좀 나가지만 이걸로 시키시면 반품비 안쓰실거에요ㅎㅎ,5.0,"{""사이즈"": ""적당함"", ""색상"": ""같음"", ""소재"": ""같음""}","[""https://media.wconcept.co.kr/review/306616890/306616890_1788931618506.jpeg?RS=300""]"
306616890,문트,[20%쿠폰] [10차 오더]하이웨이스트 부츠컷 데님 팬츠_4 color,https://www.wconcept.co.kr/Product/306616890,1,6,mi******,2026.09.08,블랙_M,와우 배송 정말 오래걸렸는데 너무 예뻐서 다 용서 됩니다. 색깔별로 다 구매하고 싶어요!,5.0,"{""사이즈"": ""큼"", ""색상"": ""같음"", ""소재"": ""같음""}","[""https://media.wconcept.co.kr/review/306616890/306616890_1788876197513.jpeg?RS=300""]"
306616890,문트,[20%쿠폰] [10차 오더]하이웨이스트 부츠컷 데님 팬츠_4 color,https://www.wconcept.co.kr/Product/306616890,2,7,99******,2026.09.08,블랙_S,색깔별로 다 구입하고 있어요 다리 길어보이고 예뻐요,5.0,"{""사이즈"": ""적당함"", ""색상"": ""비슷함"", ""소재"": ""비슷함""}",[]
306616890,문트,[20%쿠폰] [10차 오더]하이웨이스트 부츠컷 데님 팬츠_4 color,https://www.wconcept.co.kr/Product/306616890,2,8,99******,2026.09.08,인디고_S,색깔별로 다 구입하고 있어요 다리 길어보이고 예뻐요,5.0,"{""사이즈"": ""적당함"", ""색상"": ""비슷함"", ""소재"": ""비슷함""}",[]
306616890,문트,[20%쿠폰] [10차 오더]하이웨이스트 부츠컷 데님 팬츠_4 color,https://www.wconcept.co.kr/Product/306616890,2,9,dd******,2026.09.08,블랙_S,편하고 예뻐서 인디고 블랙 두개 사서 입고있는데 길이가 딱 2센티만 길었으면 좋겠어요... 아니면 길이감을 선택할수 있다면 더 좋을 것 같아요 신발을 안신었을때는 괜찮은데 운동화나 로퍼를 신은 상태에서는 아주 약간 짧게 느껴집니다 롱다리이신분들은 참고하세요,5.0,"{""사이즈"": ""적당함"", ""색상"": ""같음"", ""소재"": ""같음""}",[]
306616890,문트,[20%쿠폰] [10차 오더]하이웨이스트 부츠컷 데님 팬츠_4 color,https://www.wconcept.co.kr/Product/306616890,2,10,wc******,2026.09.06,블루_S,핏이 너무이뻐요 다리길어보이고 오랜만에 흡족합니다,5.0,"{""사이즈"": ""적당함"", ""색상"": ""같음"", ""소재"": ""같음""}",[]
306616890,문트,[20%쿠폰] [10차 오더]하이웨이스트 부츠컷 데님 팬츠_4 color,https://www.wconcept.co.kr/Product/306616890,2,11,yk******,2026.09.06,인디고_S,청컬러 사고 맘에들어 추가주문햇는데 사이즈가 약간 다른 느낌?,5.0,"{""사이즈"": ""큼"", ""색상"": ""비슷함"", ""소재"": ""비슷함""}",[]
306616890,문트,[20%쿠폰] [10차 오더]하이웨이스트 부츠컷 데님 팬츠_4 color,https://www.wconcept.co.kr/Product/306616890,2,12,si******,2026.09.03,인디고_S,품질이 좋고 디자인 패턴이 예뻐요. 블랙진은 오래 걸려서 그냥 취소했어욥 지금 인기가 넘 많은가봅니다,5.0,"{""사이즈"": ""적당함"", ""색상"": ""같음"", ""소재"": ""같음""}","[""https://media.wconcept.co.kr/review/306616890/306616890_1788427981804.jpeg?RS=300""]"
306616890,문트,[20%쿠폰] [10차 오더]하이웨이스트 부츠컷 데님 팬츠_4 color,https://www.wconcept.co.kr/Product/306616890,3,13,jj******,2026.08.28,블루_L,라이트블루 색상 오랫동안 잘 입고 있어서 블루도 구매했어요 신축성 좋아서 편하고 핏도 좋습니다,5.0,"{""사이즈"": ""적당함"", ""색상"": ""같음"", ""소재"": ""같음""}","[""https://media.wconcept.co.kr/review/306616890/306616890_1787904288673.jpg?RS=300""]"
306616890,문트,[20%쿠폰] [10차 오더]하이웨이스트 부츠컷 데님 팬츠_4 color,https://www.wconcept.co.kr/Product/306616890,3,14,se******,2026.08.25,블루_L,완전 대만족합니다 왜 인기있는지 알겠어요 다른 컬러도 구매하러 가려구요,5.0,"{""사이즈"": ""적당함"", ""색상"": ""같음"", ""소재"": ""같음""}","[""https://media.wconcept.co.kr/review/306616890/306616890_1787615782692.jpeg?RS=300""]"
306616890,문트,[20%쿠폰] [10차 오더]하이웨이스트 부츠컷 데님 팬츠_4 color,https://www.wconcept.co.kr/Product/306616890,3,15,kk******,2026.08.17,블루_S,실제 색은 중청보다 진청에 가깝네요 핏은 이뻐요^^,5.0,"{""사이즈"": ""적당함"", ""색상"": ""다름"", ""소재"": ""같음""}",[]
306616890,문트,[20%쿠폰] [10차 오더]하이웨이스트 부츠컷 데님 팬츠_4 color,https://www.wconcept.co.kr/Product/306616890,3,16,34******,2026.08.13,라이트블루_M,불루 구입하고 이뻐서 라이트도 추가합니다~~,5.0,"{""사이즈"": ""적당함"", ""색상"": ""같음"", ""소재"": ""같음""}","[""https://media.wconcept.co.kr/review/306616890/306616890_1786625896287.jpeg?RS=300""]"
306616890,문트,[20%쿠폰] [10차 오더]하이웨이스트 부츠컷 데님 팬츠_4 color,https://www.wconcept.co.kr/Product/306616890,3,17,99******,2026.08.09,라이트블루_S,원래 사서 입고 있는 바진데 세일하길래 하나 더 쟁여 놓음,5.0,"{""사이즈"": ""적당함"", ""색상"": ""비슷함"", ""소재"": ""비슷함""}",[]
306616890,문트,[20%쿠폰] [10차 오더]하이웨이스트 부츠컷 데님 팬츠_4 color,https://www.wconcept.co.kr/Product/306616890,3,18,mf******,2026.08.08,블루_M,핏이나 색감은 좋음 허리가 큼 몇회 착용하면 큰 허리가 더 커짐 주머니 안감이 자꾸 튀어나옴 첫 착용만 예뻤음,3.0,"{""사이즈"": ""큼"", ""색상"": ""같음"", ""소재"": ""비슷함""}",[]
308920530,하우투러브미,[30%쿠폰] [사이즈추가]알리나 H라인 나염 스커트[beige],https://www.wconcept.co.kr/Product/308920530,1,1,kc******,2026.09.13,BEIGE_M,실제로 받아보니 생각했던 것보다 더 예쁘고 핏도 마음에 들어요 소재도 부드럽고 착용감이 편해서 자주 손이 갈 것 같아요 만족합니다,5.0,"{""사이즈"": ""적당함"", ""색상"": ""같음"", ""소재"": ""같음""}","[""https://media.wconcept.co.kr/review/308920530/308920530_1789297862847.jpg?RS=300""]"
308920530,하우투러브미,[30%쿠폰] [사이즈추가]알리나 H라인 나염 스커트[beige],https://www.wconcept.co.kr/Product/308920530,1,2,gu******,2026.09.12,BEIGE_S,진짜 너무너무 예쁜 치마에요🤍 이렇게 마음에 쏙 드는 치마 얼마만인지 모르겠어요 활용도도 너무 좋을거같구 사이즈도 딱입니다,5.0,"{""사이즈"": ""적당함"", ""색상"": ""같음"", ""소재"": ""같음""}","[""https://media.wconcept.co.kr/review/308920530/308920530_1789217958929.jpeg?RS=300""]"
308920530,하우투러브미,[30%쿠폰] [사이즈추가]알리나 H라인 나염 스커트[beige],https://www.wconcept.co.kr/Product/308920530,1,3,jy******,2026.09.11,BEIGE_M,M구매하길 잘했네용! 평소 27입는데 적당히 여유롭고 편하게 입을 슈 있어용 색감도 넘 이쁩니당!!,5.0,"{""사이즈"": ""적당함"", ""색상"": ""같음"", ""소재"": ""같음""}","[""https://media.wconcept.co.kr/review/308920530/308920530_1789108912592.jpeg?RS=300""]"
308920530,하우투러브미,[30%쿠폰] [사이즈추가]알리나 H라인 나염 스커트[beige],https://www.wconcept.co.kr/Product/308920530,1,4,fr******,2026.09.08,BEIGE_M,평소 s사이즈 착용인데 허리가 좀 타이트하긴해요 치마는 너무 이쁘고 믐에들어요,5.0,"{""사이즈"": ""작음"", ""색상"": ""같음"", ""소재"": ""같음""}",[]
308920530,하우투러브미,[30%쿠폰] [사이즈추가]알리나 H라인 나염 스커트[beige],https://www.wconcept.co.kr/Product/308920530,1,5,xo******,2026.09.04,BEIGE_S,하우투 너무 조아하는데 치마가 늘 좀 타이트해요ㅠㅠ46힙단면 다른 치마 주문하면 이정도 타이트하진 않은데 체감 45는 되는거같아요ㅜㅜㅜ m하자니 허리가 크고 ㅠㅠ s 엉덩이 단면 46.5-47정도는 해줫음 좋겟아요ㅠㅠ,5.0,"{""사이즈"": ""작음"", ""색상"": ""같음"", ""소재"": ""같음""}","[""https://media.wconcept.co.kr/review/308920530/308920530_1788516439234.jpg?RS=300""]"
308920530,하우투러브미,[30%쿠폰] [사이즈추가]알리나 H라인 나염 스커트[beige],https://www.wconcept.co.kr/Product/308920530,1,6,wl******,2026.09.04,BEIGE_S,하객룩으로 입을려고 스커트랑 블라우스 같이 구매했는데 너무너무 이뻐요!! 다른 제품도 더 사구 싶어요 ㅠㅠ,5.0,"{""사이즈"": ""적당함"", ""색상"": ""비슷함"", ""소재"": ""비슷함""}","[""https://media.wconcept.co.kr/review/308920530/308920530_1788510007329.jpeg?RS=300""]"
308920530,하우투러브미,[30%쿠폰] [사이즈추가]알리나 H라인 나염 스커트[beige],https://www.wconcept.co.kr/Product/308920530,2,7,sh******,2026.09.03,BEIGE_S,생각보다 타이트한 거 같아요! 그래도 엉덩이가 딱 맞는 부분이 있긴 한데 라인을 예쁘게 잡아줘서 진짜 몸매 좋아보여요ㅎㅎㅎㅎ 세트로 구매했는데 하객룩으로도 딱 일거 같습니다,5.0,"{""사이즈"": ""적당함"", ""색상"": ""같음"", ""소재"": ""비슷함""}","[""https://media.wconcept.co.kr/review/308920530/308920530_1788440278954.jpeg?RS=300""]"
306394485,비에이유 바이 브라이드앤유,[한정특가] [3차]RAYA Double breasted mermaid tweed long dress (Mint/Ivory/Black),https://www.wconcept.co.kr/Product/306394485,1,1,ic******,2026.09.01,"Black, 2",흉통이 살짝 조이지만 어깨때문에 사이즈변경 없이 그냥 입으려구요 디자인은 예뻐요,5.0,"{""사이즈"": ""적당함"", ""색상"": ""같음"", ""소재"": ""같음""}",[]
306394485,비에이유 바이 브라이드앤유,[한정특가] [3차]RAYA Double breasted mermaid tweed long dress (Mint/Ivory/Black),https://www.wconcept.co.kr/Product/306394485,1,2,wc******,2026.08.21,"Black, 2",반짝임이 약간 섞인 트위드 소재 원피스입니다. 여름에 입긴 약간 덥겠네요. 9월 가족 결혼식에 입을 예정입니다.,5.0,"{""사이즈"": ""적당함"", ""색상"": ""같음"", ""소재"": ""같음""}",[]
306394485,비에이유 바이 브라이드앤유,[한정특가] [3차]RAYA Double breasted mermaid tweed long dress (Mint/Ivory/Black),https://www.wconcept.co.kr/Product/306394485,1,3,as******,2026.08.18,"Black, 1",후기보고 2사이즈 샀더니 너무 어벙해서 교환했네요 저랑 비슷한 조건이시면 1 하시면 됩니다 가슴부분은 조금 뜨는편이고 소재가 두툼해서 고급스럽긴하지만 날씬해보이지는 않아요 머메이드 핏이라 보완이 좀 되는거같아요,5.0,"{""사이즈"": ""적당함"", ""색상"": ""같음"", ""소재"": ""같음""}",[]
306394485,비에이유 바이 브라이드앤유,[한정특가] [3차]RAYA Double breasted mermaid tweed long dress (Mint/Ivory/Black),https://www.wconcept.co.kr/Product/306394485,1,4,ru******,2026.07.15,"Mint, 0",민트색을 좋아해서 0사이즈 밖에 없어서 샀더니 너무 작아서 블랙 1로 교환했어요. 이 사이즈는 매우 여유있네요.,5.0,"{""사이즈"": ""적당함"", ""색상"": ""같음"", ""소재"": ""같음""}","[""https://media.wconcept.co.kr/review/306394485/306394485_1784096311179.jpeg?RS=300""]"
306394485,비에이유 바이 브라이드앤유,[한정특가] [3차]RAYA Double breasted mermaid tweed long dress (Mint/Ivory/Black),https://www.wconcept.co.kr/Product/306394485,1,5,es******,2026.06.01,"Black, 2",머메이드 형태라 부해보이지 않고 소재감이 탄탄해요,5.0,"{""사이즈"": ""적당함"", ""색상"": ""같음"", ""소재"": ""같음""}",[]
306394485,비에이유 바이 브라이드앤유,[한정특가] [3차]RAYA Double breasted mermaid tweed long dress (Mint/Ivory/Black),https://www.wconcept.co.kr/Product/306394485,1,6,ar******,2026.05.24,"Black, 1",0사이즈로 구매했었는데 가슴 부분이 너무 딱 맞아서 1사이즈로 교환했습니다. 165 45 제 기준엔 0사이즈가 핏이 훨씬 이뻤어요ㅠ 하지만 가슴 부분이 타이트해서 1사이즈 했는데 허리 부분이 조금 낙낙했지만 전체적인 핏은 괜찮았습니다. 가슴 부분이 조금 보일 거 같아서 똑딱이 단추를 옮겨 달았어요 ㅎㅎ,5.0,"{""사이즈"": ""적당함"", ""색상"": ""같음"", ""소재"": ""같음""}","[""https://media.wconcept.co.kr/review/306394485/306394485_1779617234168.jpg?RS=300""]"
306394485,비에이유 바이 브라이드앤유,[한정특가] [3차]RAYA Double breasted mermaid tweed long dress (Mint/Ivory/Black),https://www.wconcept.co.kr/Product/306394485,2,7,yj******,2026.05.12,"Black, 1",중요한 행사가 있어서 구매했습니더. 사이즈 0이랑 1이랑 엄청 고민하다가 1로 했구요 입어보니 여유있게 맞아요 그래서 조금 더 편하게 입을 수 있을꺼 같습니당,5.0,"{""사이즈"": ""적당함"", ""색상"": ""같음"", ""소재"": ""같음""}",[]
306394485,비에이유 바이 브라이드앤유,[한정특가] [3차]RAYA Double breasted mermaid tweed long dress (Mint/Ivory/Black),https://www.wconcept.co.kr/Product/306394485,2,8,yu******,2026.04.28,"Black, 3",중요 장소에 입기 적당합니다. 바느질이랑 마감처리는 깔끔합니다. 길이는 개인적의견이지만 165기준 긴 것같습니다. 어깨 패드부분이 과한느낌입니다. 어깨가 넓어보여 덩치가 커 보입니다. 가슴부분은 너무 파여서 똑딱단추 ? 옮겨 바느질 했습니다. 처음 구매한건데 기대가 컸나봅니다. 급하게 구입한거라 그냥 입습니다.,3.0,"{""사이즈"": ""적당함"", ""색상"": ""비슷함"", ""소재"": ""비슷함""}",[]
306394485,비에이유 바이 브라이드앤유,[한정특가] [3차]RAYA Double breasted mermaid tweed long dress (Mint/Ivory/Black),https://www.wconcept.co.kr/Product/306394485,2,9,h7******,2026.04.17,"Black, 1","깔끔하고 클래식한 블랙 원피스라 활용도가 정말 높아요. 핏이 과하지 않게 슬림하게 떨어져서 입었을 때 라인이 예쁘게 잡히고, 어깨부터 허리 라인까지 딱 정돈된 느낌이에요.",5.0,"{""사이즈"": ""적당함"", ""색상"": ""같음"", ""소재"": ""같음""}","[""https://media.wconcept.co.kr/review/306394485/306394485_1776424493722.jpeg?RS=300""]"
306394485,비에이유 바이 브라이드앤유,[한정특가] [3차]RAYA Double breasted mermaid tweed long dress (Mint/Ivory/Black),https://www.wconcept.co.kr/Product/306394485,2,10,sk******,2026.04.16,"Black, 1","직계가족 결혼식 하객룩을 고르느라 정말 많은시간과 반품비를 드렸습니다 ㅋㅋㅋ 혹시 저처럼 고민중이신 분들을 뉘해 후기남겨요 색상이 너무 화려하고 튀지않을까 걱정했는데 전혀 그렇지 않고 오히려 화사하니 좋은날과 잘어울리는 색이었습니다. 사진을 찍어도 화사하고 예쁘게 잘나와서 좋았어요. 흉통부분은 일반 원피스처럼 불편한정도 였는데, 가슴이 있으신분들은 더 답답하실수 있으실거갘습니다. 처음에 블랙으로 주문했다가 다시 민트로 교환받았는데 결과적으로 너무 만족했습니다^^",5.0,"{""사이즈"": ""적당함"", ""색상"": ""같음"", ""소재"": ""같음""}","[""https://media.wconcept.co.kr/review/306394485/306394485_1776307683391.jpeg?RS=300""]"
306394485,비에이유 바이 브라이드앤유,[한정특가] [3차]RAYA Double breasted mermaid tweed long dress (Mint/Ivory/Black),https://www.wconcept.co.kr/Product/306394485,2,11,ja******,2026.04.02,"Black, 2",사이즈 좋아요 스판기가 없어서 움직일때 불편함은 있지만 경조사때 입기 딱 좋습니다,5.0,"{""사이즈"": ""적당함"", ""색상"": ""같음"", ""소재"": ""같음""}",[]
306394485,비에이유 바이 브라이드앤유,[한정특가] [3차]RAYA Double breasted mermaid tweed long dress (Mint/Ivory/Black),https://www.wconcept.co.kr/Product/306394485,2,12,ha******,2026.03.24,"Black, 0",0사이즈하니까 사이즈 딱좋아요!,5.0,"{""사이즈"": ""적당함"", ""색상"": ""같음"", ""소재"": ""같음""}",[]
306394485,비에이유 바이 브라이드앤유,[한정특가] [3차]RAYA Double breasted mermaid tweed long dress (Mint/Ivory/Black),https://www.wconcept.co.kr/Product/306394485,3,13,yu******,2026.03.24,"Mint, 1",옷이 작게나왔나봐요.. 제 몸이 큰건지ㅠㅠ 다이어트를 더 하고 입어야할것같아용 옷은 예쁩니당,5.0,"{""사이즈"": ""작음"", ""색상"": ""비슷함"", ""소재"": ""비슷함""}","[""https://media.wconcept.co.kr/review/306394485/306394485_1774330130454.jpeg?RS=300""]"
306394485,비에이유 바이 브라이드앤유,[한정특가] [3차]RAYA Double breasted mermaid tweed long dress (Mint/Ivory/Black),https://www.wconcept.co.kr/Product/306394485,3,14,wc******,2026.03.23,"Black, 2",차분하고 라인이 멋집니다. 대부분의 경조사에 90점 이상으로 어울릴 룩입니다. 제 체격에 조금 큰 편이지만 디자인이 죽진 않아 그냥 편하게 입으려구요. 예뻐요 민트 사고싶어서 한참 고민하다가 샀는데 블랙도 멋져요,5.0,"{""사이즈"": ""큼"", ""색상"": ""같음"", ""소재"": ""같음""}",[]
306394485,비에이유 바이 브라이드앤유,[한정특가] [3차]RAYA Double breasted mermaid tweed long dress (Mint/Ivory/Black),https://www.wconcept.co.kr/Product/306394485,3,15,kw******,2026.03.20,"Black, 1",흉통 부분이 딱 맞아서 편하진 않지만 핏은 너무 예쁩니다. 브앤유 옷 또 구매하고 싶어요. 쇼룸 직원분들도 너무 친절하시고 옷도 마음에 들었어요.,5.0,"{""사이즈"": ""적당함"", ""색상"": ""같음"", ""소재"": ""같음""}","[""https://media.wconcept.co.kr/review/306394485/306394485_1774010531212.jpg?RS=300""]"
306394485,비에이유 바이 브라이드앤유,[한정특가] [3차]RAYA Double breasted mermaid tweed long dress (Mint/Ivory/Black),https://www.wconcept.co.kr/Product/306394485,3,16,wc******,2026.03.06,"Mint, 1",어께쪽이 좀 크긴하지만 전체적으로 괜찮고 색상이 생각보다 밝은 편입니다. 워낙 이 브랜드를 넘 좋아해서 그냥 품기로 했습니다.격식있는 자리에서 입으면 너무 좋을것 같아요 실랑은 이쁘다고 하네요 잘 입겠습니다 ^^,5.0,"{""사이즈"": ""큼"", ""색상"": ""같음"", ""소재"": ""같음""}","[""https://media.wconcept.co.kr/review/306394485/306394485_1772750989035.jpg?RS=300""]"
306394485,비에이유 바이 브라이드앤유,[한정특가] [3차]RAYA Double breasted mermaid tweed long dress (Mint/Ivory/Black),https://www.wconcept.co.kr/Product/306394485,3,17,rh******,2026.03.03,"Black, 2",하객룩으로 구입했습니다. 3/1 날씨에 딱이었어요. 앞으로 하객룩은 이걸로 돌려입기 가능이네요!!,5.0,"{""사이즈"": ""적당함"", ""색상"": ""같음"", ""소재"": ""같음""}","[""https://media.wconcept.co.kr/review/306394485/306394485_1772522207878.jpeg?RS=300""]"
306394485,비에이유 바이 브라이드앤유,[한정특가] [3차]RAYA Double breasted mermaid tweed long dress (Mint/Ivory/Black),https://www.wconcept.co.kr/Product/306394485,3,18,pa******,2026.02.13,"Black, 1",친동생 결혼식때 입으려고 샀어용 키 154cm가 1사이즈 샀을때 이렇습니다!!! 제게는 많이 길어서 15cm 줄였더니 딱!!! 예뻐요. 옷값 비싸다는 생각 안날정도로 너무 마음에 들어요. 첫번째 사진이 길이 수선후. 두번째 사진이 길이 수선전. 문의게시판 답변해주시는 직원분이 재입고계획있다고 알려주셔서 덕분에 기다렸다가 살수있었어요 감사드려용 동생결혼식때 잘 입을게요!,5.0,"{""사이즈"": ""적당함"", ""색상"": ""같음"", ""소재"": ""같음""}","[""https://media.wconcept.co.kr/review/306394485/306394485_1770984553202.jpg?RS=300""]"
308834617,무니드,[단 하루!30%쿠폰] MIEN LACE LAYERED TOP - CREAM,https://www.wconcept.co.kr/Product/308834617,1,1,wh******,2026.09.13,CREAM O.S,이뻐요 코디 그대로 샀는데 마음에 듭니다 ㅎㅎㅎ,5.0,"{""사이즈"": ""적당함"", ""색상"": ""같음"", ""소재"": ""같음""}",[]
308834617,무니드,[단 하루!30%쿠폰] MIEN LACE LAYERED TOP - CREAM,https://www.wconcept.co.kr/Product/308834617,1,2,pu******,2026.09.10,CREAM O.S,너무 이뻐용 딱 찾던 스타일!! 여기저기 활용하기 좋을것같아요,5.0,"{""사이즈"": ""적당함"", ""색상"": ""같음"", ""소재"": ""같음""}","[""https://media.wconcept.co.kr/review/308834617/308834617_1789029830417.jpeg?RS=300""]"
308834617,무니드,[단 하루!30%쿠폰] MIEN LACE LAYERED TOP - CREAM,https://www.wconcept.co.kr/Product/308834617,1,3,wc******,2026.09.09,CREAM O.S,디자인이 맘에 들어 색상별로 구매했어요. 부드럽고 끈 조정으로 코디해서 입기 좋아요. 길이도 적당하여 스커트나 바지 위에 상의로 착용 너무 맘에 들어요. 강추합니다,5.0,"{""사이즈"": ""적당함"", ""색상"": ""같음"", ""소재"": ""같음""}",[]
308834617,무니드,[단 하루!30%쿠폰] MIEN LACE LAYERED TOP - CREAM,https://www.wconcept.co.kr/Product/308834617,1,4,so******,2026.09.07,CREAM O.S,코디가 너무 이뻐서 그대로 구매했어요. 촉감도 부드럽고 다양하게 레이어드할 수 있을 거 같아서 활용도도 좋아요.,5.0,"{""사이즈"": ""적당함"", ""색상"": ""같음"", ""소재"": ""같음""}","[""https://media.wconcept.co.kr/review/308834617/308834617_1788742718983.jpeg?RS=300""]"
308834617,무니드,[단 하루!30%쿠폰] MIEN LACE LAYERED TOP - CREAM,https://www.wconcept.co.kr/Product/308834617,1,5,iz******,2026.09.05,CREAM O.S,무니드는 이런 소재 옷 진짜 잘만드는 것 같아요 디테일까지 완성도 높음,5.0,"{""사이즈"": ""적당함"", ""색상"": ""같음"", ""소재"": ""같음""}","[""https://media.wconcept.co.kr/review/308834617/308834617_1788610438978.jpeg?RS=300"", ""https://media.wconcept.co.kr/review/308834617/308834617_1788610438921.jpeg?RS=300"", ""https://media.wconcept.co.kr/review/308834617/308834617_1788610438817.jpeg?RS=300""]"
308834617,무니드,[단 하루!30%쿠폰] MIEN LACE LAYERED TOP - CREAM,https://www.wconcept.co.kr/Product/308834617,1,6,co******,2026.08.31,CREAM O.S,적당한 길이감에 레이어드하기 좋고 어깨 끈 조절할수 있어서 편해요 가을에도 여러 니트에 레이어드 하면 이쁠거같아요,5.0,"{""사이즈"": ""적당함"", ""색상"": ""같음"", ""소재"": ""같음""}","[""https://media.wconcept.co.kr/review/308834617/308834617_1788125958197.jpeg?RS=300""]"
308834617,무니드,[단 하루!30%쿠폰] MIEN LACE LAYERED TOP - CREAM,https://www.wconcept.co.kr/Product/308834617,2,7,ju******,2026.08.30,CREAM O.S,레이어드하기좋을거같아오 겉에 딥유넥 니트도 같이 샀는데 잫어울려요,5.0,"{""사이즈"": ""적당함"", ""색상"": ""같음"", ""소재"": ""같음""}","[""https://media.wconcept.co.kr/review/308834617/308834617_1788099232788.jpeg?RS=300""]"
308834617,무니드,[단 하루!30%쿠폰] MIEN LACE LAYERED TOP - CREAM,https://www.wconcept.co.kr/Product/308834617,2,8,wl******,2026.08.25,CREAM O.S,코디대로 입을려고 같이 샀어요!! 많이 파져있어서 조심하면서 입어야할 것 같아요.,5.0,"{""사이즈"": ""큼"", ""색상"": ""비슷함"", ""소재"": ""비슷함""}","[""https://media.wconcept.co.kr/review/308834617/308834617_1787645711675.jpeg?RS=300""]"
305989731,드로우핏 우먼,[9/13 단 하루!] 2버튼 오버핏 싱글 블레이저 [4COLORS],https://www.wconcept.co.kr/Product/305989731,1,1,wc******,2024.04.20,S,만족합니다~ 너무 웜톤 색깔이 아닐까 생각했는데 쿨톤분들도 충분히 이쁘게 입으실수있을 색상이고요 핏도 적당히 오버핏으로 이쁩니다~ 개인적으로 단추잠그는것보다 풀고입는데 이쁜듯!,5.0,"{""사이즈"": ""적당함"", ""색상"": ""비슷함"", ""소재"": ""비슷함""}","[""https://media.wconcept.co.kr/review/305309892/305309892_1713601977831.jpeg?RS=300"", ""https://media.wconcept.co.kr/review/305309892/305309892_1713601977793.jpeg?RS=300"", ""https://media.wconcept.co.kr/review/305309892/305309892_1713601977685.jpeg?RS=300""]"
305989731,드로우핏 우먼,[9/13 단 하루!] 2버튼 오버핏 싱글 블레이저 [4COLORS],https://www.wconcept.co.kr/Product/305989731,1,2,wc******,2026.09.13,BLACK M,생각보다 그냥 그래요 소매안쪽 원단은 좀 별론거 같아요 안이쁨,5.0,"{""사이즈"": ""적당함"", ""색상"": ""비슷함"", ""소재"": ""비슷함""}","[""https://media.wconcept.co.kr/review/305989731/305989731_1789255391978.jpg?RS=300""]"
305989731,드로우핏 우먼,[9/13 단 하루!] 2버튼 오버핏 싱글 블레이저 [4COLORS],https://www.wconcept.co.kr/Product/305989731,1,3,ky******,2026.09.09,BEIGE S,작년엔 미듐으로 구매했는데 너무 잘입어서 또 다른색상 구매했는데 스몰로 했어요 길이감 다행이 짧지않아서 좋아요,5.0,"{""사이즈"": ""적당함"", ""색상"": ""같음"", ""소재"": ""같음""}",[]
305989731,드로우핏 우먼,[9/13 단 하루!] 2버튼 오버핏 싱글 블레이저 [4COLORS],https://www.wconcept.co.kr/Product/305989731,1,4,my******,2026.09.05,BEIGE S,이거 입고 싶어 가을 기다리는 중이에요. 너무 예뻐요 !,5.0,"{""사이즈"": ""적당함"", ""색상"": ""같음"", ""소재"": ""같음""}",[]
305989731,드로우핏 우먼,[9/13 단 하루!] 2버튼 오버핏 싱글 블레이저 [4COLORS],https://www.wconcept.co.kr/Product/305989731,1,5,wj******,2026.09.04,BLACK M,딱 깔끔하면서도 과하지 않은 오버핏 자켓을 찾고 있었는데 와서 입어보니 제가 원하는느낌 그대로였어요!! M사이즈로하니 이쁜 오버핏으로 완전 맘에듭니딩,5.0,"{""사이즈"": ""적당함"", ""색상"": ""같음"", ""소재"": ""같음""}","[""https://media.wconcept.co.kr/review/305989731/305989731_1788531284957.jpeg?RS=300""]"
305989731,드로우핏 우먼,[9/13 단 하루!] 2버튼 오버핏 싱글 블레이저 [4COLORS],https://www.wconcept.co.kr/Product/305989731,1,6,mi******,2026.09.04,MOCHA S,블랙에 이어 두번째 구매입니다. 색깔 맘에 드네용. 근데 첨에 냄새가 좀;;,5.0,"{""사이즈"": ""적당함"", ""색상"": ""같음"", ""소재"": ""같음""}",[]
305989731,드로우핏 우먼,[9/13 단 하루!] 2버튼 오버핏 싱글 블레이저 [4COLORS],https://www.wconcept.co.kr/Product/305989731,2,7,se******,2026.09.02,BEIGE S,색감 맘에들고 핏도 이쁘고 전체적으로 고급스러움,5.0,"{""사이즈"": ""적당함"", ""색상"": ""같음"", ""소재"": ""같음""}","[""https://media.wconcept.co.kr/review/305989731/305989731_1788356759566.jpeg?RS=300""]"
305989731,드로우핏 우먼,[9/13 단 하루!] 2버튼 오버핏 싱글 블레이저 [4COLORS],https://www.wconcept.co.kr/Product/305989731,2,8,09******,2026.08.29,BEIGE S,"너어무 맘에 들어요. 올드하지 않은, 웜톤 죽이는 베이지 아닌 고급스러운 소재와 색감이고 적당한 무게감, 두께로 가을에 참 잘 입을 것 같네요",5.0,"{""사이즈"": ""적당함"", ""색상"": ""같음"", ""소재"": ""같음""}","[""https://media.wconcept.co.kr/review/305989731/305989731_1787970129526.jpeg?RS=300""]"
305989731,드로우핏 우먼,[9/13 단 하루!] 2버튼 오버핏 싱글 블레이저 [4COLORS],https://www.wconcept.co.kr/Product/305989731,2,9,oh******,2026.07.22,CHARCOAL S,편하고 넘 잘 어울려요 예뻐요~~^^ 청바지랑도 잘어울림^^,5.0,"{""사이즈"": ""큼"", ""색상"": ""같음"", ""소재"": ""같음""}","[""https://media.wconcept.co.kr/review/305989731/305989731_1784694368651.jpg?RS=300""]"
305989731,드로우핏 우먼,[9/13 단 하루!] 2버튼 오버핏 싱글 블레이저 [4COLORS],https://www.wconcept.co.kr/Product/305989731,2,10,ye******,2026.07.11,CHARCOAL S,적당한 오버핏에 청바지 치마 다 잘어울리네요 무난합니다,5.0,"{""사이즈"": ""적당함"", ""색상"": ""같음"", ""소재"": ""같음""}","[""https://media.wconcept.co.kr/review/305989731/305989731_1783773586836.jpeg?RS=300""]"
305989731,드로우핏 우먼,[9/13 단 하루!] 2버튼 오버핏 싱글 블레이저 [4COLORS],https://www.wconcept.co.kr/Product/305989731,2,11,wj******,2026.07.09,BLACK S,160키에 정 s사이즈입는데 다른 자켓들은 원사이즈여서 힘들었는데 사이즈 고를수 있어서 좋아요 포장 성의 감사합니다,5.0,"{""사이즈"": ""큼"", ""색상"": ""같음"", ""소재"": ""같음""}","[""https://media.wconcept.co.kr/review/305989731/305989731_1783600066933.jpg?RS=300""]"
305989731,드로우핏 우먼,[9/13 단 하루!] 2버튼 오버핏 싱글 블레이저 [4COLORS],https://www.wconcept.co.kr/Product/305989731,2,12,wc******,2026.07.05,BEIGE M,이쁜거같아 두개 색상다른걸로 주문했어요..두께가있어서 생각보다 무게가있습니다.,5.0,"{""사이즈"": ""적당함"", ""색상"": ""같음"", ""소재"": ""같음""}",[]
305989731,드로우핏 우먼,[9/13 단 하루!] 2버튼 오버핏 싱글 블레이저 [4COLORS],https://www.wconcept.co.kr/Product/305989731,3,13,wc******,2026.07.05,BLACK M,좀 도톰합니다..사진과같구요..아직더워서 입진 못하지만 무난한게 잘 입을거같아요.,5.0,"{""사이즈"": ""적당함"", ""색상"": ""같음"", ""소재"": ""같음""}",[]
305989731,드로우핏 우먼,[9/13 단 하루!] 2버튼 오버핏 싱글 블레이저 [4COLORS],https://www.wconcept.co.kr/Product/305989731,3,14,ho******,2026.06.28,BLACK S,너무이뻐요 고급스러워 보이고 핏이 맘에들어요,5.0,"{""사이즈"": ""적당함"", ""색상"": ""같음"", ""소재"": ""같음""}","[""https://media.wconcept.co.kr/review/305989731/305989731_1782652695932.jpg?RS=300""]"
305989731,드로우핏 우먼,[9/13 단 하루!] 2버튼 오버핏 싱글 블레이저 [4COLORS],https://www.wconcept.co.kr/Product/305989731,3,15,wc******,2026.06.25,BLACK S,두개째 구매~! 구기없이 잘 입고 있어요~! 좋아요~!,5.0,"{""사이즈"": ""적당함"", ""색상"": ""같음"", ""소재"": ""같음""}","[""https://media.wconcept.co.kr/review/305989731/305989731_1782383150138.jpg?RS=300""]"
305989731,드로우핏 우먼,[9/13 단 하루!] 2버튼 오버핏 싱글 블레이저 [4COLORS],https://www.wconcept.co.kr/Product/305989731,3,16,ye******,2026.06.24,BEIGE S,간절기에 입기 좋아요 배송이 가격대비 너무 고퀄이라 환경보호를 해도 좋을듯해요,5.0,"{""사이즈"": ""적당함"", ""색상"": ""같음"", ""소재"": ""같음""}","[""https://media.wconcept.co.kr/review/305989731/305989731_1782260183489.jpeg?RS=300""]"
305989731,드로우핏 우먼,[9/13 단 하루!] 2버튼 오버핏 싱글 블레이저 [4COLORS],https://www.wconcept.co.kr/Product/305989731,3,17,Ap******,2026.06.16,BEIGE S,여유로운 핏에 가성비 좋은 자켓이에요 다른 컬러도 추가 구매했어요~,5.0,"{""사이즈"": ""적당함"", ""색상"": ""같음"", ""소재"": ""같음""}",[]
305989731,드로우핏 우먼,[9/13 단 하루!] 2버튼 오버핏 싱글 블레이저 [4COLORS],https://www.wconcept.co.kr/Product/305989731,3,18,Ap******,2026.06.16,BLACK S,여유로운 핏에 가성비 좋은 자켓이에요 다른 컬러도 추가 구매했어요~,5.0,"{""사이즈"": ""적당함"", ""색상"": ""같음"", ""소재"": ""같음""}",[]
308421548,잇미샤,[30%쿠폰] [리오더][단독]잇미샤 레이어드 롱 원피스 ITQ5ZOP460 (2COLOR),https://www.wconcept.co.kr/Product/308421548,1,1,la******,2026.09.12,DARK GREY_6(66),중요한 행사때 입었습니다. 단정한 옷을 입고 하니 더 잘된것 같아요. 감사합니다,5.0,"{""사이즈"": ""적당함"", ""색상"": ""비슷함"", ""소재"": ""비슷함""}","[""https://media.wconcept.co.kr/review/308421548/308421548_1789177150062.jpg?RS=300""]"
308421548,잇미샤,[30%쿠폰] [리오더][단독]잇미샤 레이어드 롱 원피스 ITQ5ZOP460 (2COLOR),https://www.wconcept.co.kr/Product/308421548,1,2,el******,2026.09.11,DARK GREY_5(55),디자인이 단아하고 너무 예쁘네요.♡애둘 낳음 아주미라 흉통이 좀 타잇한거 빼고는 맘에 드네요.,5.0,"{""사이즈"": ""적당함"", ""색상"": ""같음"", ""소재"": ""같음""}",[]
308421548,잇미샤,[30%쿠폰] [리오더][단독]잇미샤 레이어드 롱 원피스 ITQ5ZOP460 (2COLOR),https://www.wconcept.co.kr/Product/308421548,1,3,be******,2026.09.06,DARK GREY_5(55),스판기가 없어서 좀 타이트하긴 한데 옷에 맞춰야죠..ㅎㅎ 옷은 예뻐요,5.0,"{""사이즈"": ""적당함"", ""색상"": ""같음"", ""소재"": ""같음""}","[""https://media.wconcept.co.kr/review/308421548/308421548_1788693215783.jpeg?RS=300""]"
308421548,잇미샤,[30%쿠폰] [리오더][단독]잇미샤 레이어드 롱 원피스 ITQ5ZOP460 (2COLOR),https://www.wconcept.co.kr/Product/308421548,1,4,kc******,2026.09.06,DARK GREY_6(66),살짝 품이 타이트 했지만 옷자체는 단아하고 예뻐요,5.0,"{""사이즈"": ""적당함"", ""색상"": ""같음"", ""소재"": ""같음""}",[]
308421548,잇미샤,[30%쿠폰] [리오더][단독]잇미샤 레이어드 롱 원피스 ITQ5ZOP460 (2COLOR),https://www.wconcept.co.kr/Product/308421548,1,5,wc******,2026.09.05,DARK GREY_6(66),"결혼식 복장으로 구매했고요, 자리에 잘 어울리는 옷입니다. 옷이 편안하고, 마감도 좋아요. 회색이 차분하게 만들어주면서도 블루 셔츠 부분이 밝게 만들어줘서 자리에 잘 어울렸어요",5.0,"{""사이즈"": ""적당함"", ""색상"": ""같음"", ""소재"": ""같음""}",[]
308421548,잇미샤,[30%쿠폰] [리오더][단독]잇미샤 레이어드 롱 원피스 ITQ5ZOP460 (2COLOR),https://www.wconcept.co.kr/Product/308421548,1,6,pr******,2026.09.04,DARK GREY_6(66),후기가 좋은 이유가 있네요 사진찍기 예빠요 추찬,5.0,"{""사이즈"": ""적당함"", ""색상"": ""같음"", ""소재"": ""같음""}",[]
308421548,잇미샤,[30%쿠폰] [리오더][단독]잇미샤 레이어드 롱 원피스 ITQ5ZOP460 (2COLOR),https://www.wconcept.co.kr/Product/308421548,2,7,yo******,2026.09.04,DARK GREY_5(55),하객룩으로 단정하고 예뻐요! 적당히 핏되는 스타일이라서 두루두루 여러 상황에서 잘 입을것 같아요~,5.0,"{""사이즈"": ""적당함"", ""색상"": ""같음"", ""소재"": ""같음""}","[""https://media.wconcept.co.kr/review/308421548/308421548_1788489716616.jpeg?RS=300""]"
308421548,잇미샤,[30%쿠폰] [리오더][단독]잇미샤 레이어드 롱 원피스 ITQ5ZOP460 (2COLOR),https://www.wconcept.co.kr/Product/308421548,2,8,so******,2026.09.02,DARK GREY_5(55),"디자인이 너무 단정하면서도 세련돼서 맘에 쏙 들어요! 시스루 블라우스와 레이어드되어 있어서 별도로 코디 고민할 필요 없이 한 벌만 입어도 완성도 높고 격식 있어 보입니다. 라인도 깔끔하게 떨어져서 입었을 때 핏이 정말 예뻐요. 하객룩이나 데이트룩, 출근룩으로 다 잘 어울릴 것 같아요. 추천합니다!",5.0,"{""사이즈"": ""적당함"", ""색상"": ""같음"", ""소재"": ""같음""}","[""https://media.wconcept.co.kr/review/308421548/308421548_1788337360284.jpg?RS=300""]"
308421548,잇미샤,[30%쿠폰] [리오더][단독]잇미샤 레이어드 롱 원피스 ITQ5ZOP460 (2COLOR),https://www.wconcept.co.kr/Product/308421548,2,9,dd******,2026.08.30,DARK GREY_5(55),하객룩으로 딱 이네요. 잘 입을께요 좋아요 이쁩니다,5.0,"{""사이즈"": ""작음"", ""색상"": ""비슷함"", ""소재"": ""비슷함""}","[""https://media.wconcept.co.kr/review/308421548/308421548_1788080337372.jpg?RS=300""]"
308421548,잇미샤,[30%쿠폰] [리오더][단독]잇미샤 레이어드 롱 원피스 ITQ5ZOP460 (2COLOR),https://www.wconcept.co.kr/Product/308421548,2,10,lo******,2026.08.28,DARK GREY_5(55),"친구 축사할 때 입으려고 고민 많이 하고 샀는데, 165-50키로 기준 기장이나 품은 딱 알맞게 예쁩니다. 제 생각보다 더 단정한 느낌이긴 한데, 경조사때 무난하게 두루 입을 것 같아서 괜찮은 것 같아요!",5.0,"{""사이즈"": ""적당함"", ""색상"": ""비슷함"", ""소재"": ""같음""}","[""https://media.wconcept.co.kr/review/308421548/308421548_1787919837168.jpeg?RS=300""]"
308421548,잇미샤,[30%쿠폰] [리오더][단독]잇미샤 레이어드 롱 원피스 ITQ5ZOP460 (2COLOR),https://www.wconcept.co.kr/Product/308421548,2,11,wc******,2026.08.25,DARK GREY_6(66),옷이 너무 예쁘네요. 올 하반기 결혼식은 이걸로 마무리 한다,5.0,"{""사이즈"": ""적당함"", ""색상"": ""같음"", ""소재"": ""같음""}","[""https://media.wconcept.co.kr/review/308421548/308421548_1787662963159.jpeg?RS=300""]"
308421548,잇미샤,[30%쿠폰] [리오더][단독]잇미샤 레이어드 롱 원피스 ITQ5ZOP460 (2COLOR),https://www.wconcept.co.kr/Product/308421548,2,12,je******,2026.08.21,DARK GREY_6(66),진짜 단정하고 차려입은 것 같아요. 하객룩으로 너무 좋을 것 같아요. 색이 오묘하게 예쁩니다. 추천해요,5.0,"{""사이즈"": ""적당함"", ""색상"": ""같음"", ""소재"": ""같음""}","[""https://media.wconcept.co.kr/review/308421548/308421548_1787314603180.jpg?RS=300""]"
308421548,잇미샤,[30%쿠폰] [리오더][단독]잇미샤 레이어드 롱 원피스 ITQ5ZOP460 (2COLOR),https://www.wconcept.co.kr/Product/308421548,3,13,pa******,2026.08.20,DARK GREY_5(55),이쁘네요..! 출근 겸 하객룩으로 샀습니다. 55사이즈 딱 이쁜데 제 키에 좀 길어서 기장만 줄일까 고민중이에요.,5.0,"{""사이즈"": ""적당함"", ""색상"": ""같음"", ""소재"": ""같음""}",[]
308421548,잇미샤,[30%쿠폰] [리오더][단독]잇미샤 레이어드 롱 원피스 ITQ5ZOP460 (2COLOR),https://www.wconcept.co.kr/Product/308421548,3,14,21******,2026.08.20,DARK GREY_5(55),몸에 딱 맞고 팔 부분도 시스루로 되어있어서 시원해보여요! 격식 차리는 자리에 잘 어울립니다,5.0,"{""사이즈"": ""적당함"", ""색상"": ""같음"", ""소재"": ""같음""}","[""https://media.wconcept.co.kr/review/308421548/308421548_1787180415448.jpeg?RS=300""]"
308421548,잇미샤,[30%쿠폰] [리오더][단독]잇미샤 레이어드 롱 원피스 ITQ5ZOP460 (2COLOR),https://www.wconcept.co.kr/Product/308421548,3,15,wc******,2026.08.19,DARK GREY_6(66),여름에 입기 좋흔 하객룩..! 여름쿨이라면 추천이에요 그치만 바스트가 잇으시다면 한번더 고민해보심이…!,5.0,"{""사이즈"": ""작음"", ""색상"": ""비슷함"", ""소재"": ""비슷함""}","[""https://media.wconcept.co.kr/review/308421548/308421548_1787068599078.jpeg?RS=300""]"
308421548,잇미샤,[30%쿠폰] [리오더][단독]잇미샤 레이어드 롱 원피스 ITQ5ZOP460 (2COLOR),https://www.wconcept.co.kr/Product/308421548,3,16,au******,2026.08.18,DARK GREY_6(66),좋아요굿굿좋습니다굿 좋아요굿굿좋습니다굿,5.0,"{""사이즈"": ""적당함"", ""색상"": ""같음"", ""소재"": ""같음""}",[]
308421548,잇미샤,[30%쿠폰] [리오더][단독]잇미샤 레이어드 롱 원피스 ITQ5ZOP460 (2COLOR),https://www.wconcept.co.kr/Product/308421548,3,17,wc******,2026.08.18,DARK GREY_5(55),고급스럽고 이뻐요 결혼식이나 졸업식 등등 격식있는 자리라면 다 잘 어울릴 거 같고 가을에도 잘 입을 거 같아요,5.0,"{""사이즈"": ""적당함"", ""색상"": ""같음"", ""소재"": ""같음""}","[""https://media.wconcept.co.kr/review/308421548/308421548_1787011572706.jpg?RS=300""]"
308421548,잇미샤,[30%쿠폰] [리오더][단독]잇미샤 레이어드 롱 원피스 ITQ5ZOP460 (2COLOR),https://www.wconcept.co.kr/Product/308421548,3,18,he******,2026.08.14,DARK GREY_5(55),완전 이뻐요 키작은 사람들에게도 잘 어울리는 기장이에요,5.0,"{""사이즈"": ""적당함"", ""색상"": ""같음"", ""소재"": ""같음""}",[]
308740093,프론트로우,[앵콜 세일] Half-neck Trench Jumper_2color,https://www.wconcept.co.kr/Product/308740093,1,1,ss******,2026.09.10,"BLACK, S","사이즈 잘 맞고 디자인도 심플하니 예쁘네요. 품질, 마감 다 좋고요. 여행갈 때 입으려고 지저분해져도 티 안 나는 블랙으로 구매했는데 받아봤더니 택에 이염주의라고 써있어서 반품해야 하나, 드라이 하고 입어야 하나 하다가 흰 옷에 비벼봤는데 이염 안돼서 다행이지 뭐예요. 잘 입을게요.",5.0,"{""사이즈"": ""적당함"", ""색상"": ""같음"", ""소재"": ""같음""}",[]
308740093,프론트로우,[앵콜 세일] Half-neck Trench Jumper_2color,https://www.wconcept.co.kr/Product/308740093,1,2,pr******,2026.09.06,"BEIGE, XS",약간 사각거리면서 먼지안붙은 소재예요 좀 어두운 느낌이긴한데 누런색은 아니어서 잘 입을거같습니다,5.0,"{""사이즈"": ""큼"", ""색상"": ""비슷함"", ""소재"": ""비슷함""}",[]
307432628,모한,[앵콜30%쿠폰] TVF MERINO WOOL OVERFIT V-NECK KNIT TOP_5COLORS,https://www.wconcept.co.kr/Product/307432628,1,1,ma******,2026.09.11,"M, D-NAVY","작년에 모한에서 동일 니트 그레이, 차콜, 브라운 세가지 색상 구매해서 돌려가면서 진짜 잘 입었어요. 이번에 네이비도 추가되어서 구매했는데..M사이즈인데 크기가 작년에 산것보다 다소 작게 느껴졌어요. 색상은 짙은 네이비라 활용도 높을듯해요.",5.0,"{""사이즈"": ""적당함"", ""색상"": ""같음"", ""소재"": ""비슷함""}","[""https://media.wconcept.co.kr/review/307432628/307432628_1789108230035.jpg?RS=300""]"
307432628,모한,[앵콜30%쿠폰] TVF MERINO WOOL OVERFIT V-NECK KNIT TOP_5COLORS,https://www.wconcept.co.kr/Product/307432628,1,2,kp******,2026.05.25,"L-GREY, S",편안하게 가을 ~겨울 잘 입었고 색상도 같은가 2개 다른 색상 1개 구매해서 돌려 입었네요 편안하고 깔끔한 스타일 입니다,5.0,"{""사이즈"": ""적당함"", ""색상"": ""같음"", ""소재"": ""비슷함""}","[""https://media.wconcept.co.kr/review/307432628/307432628_1779697239481.jpeg?RS=300""]"
307432628,모한,[앵콜30%쿠폰] TVF MERINO WOOL OVERFIT V-NECK KNIT TOP_5COLORS,https://www.wconcept.co.kr/Product/307432628,1,3,du******,2026.05.10,"CHARCOAL, S",다른색도 사고픈데 사이즈가 품절이라 못사네요ㅠㅠ,5.0,"{""사이즈"": ""작음"", ""색상"": ""비슷함"", ""소재"": ""비슷함""}",[]
307432628,모한,[앵콜30%쿠폰] TVF MERINO WOOL OVERFIT V-NECK KNIT TOP_5COLORS,https://www.wconcept.co.kr/Product/307432628,1,4,wl******,2026.04.12,"CHARCOAL, S",살짝 따가운 소재인 건 알고 샀지만 전에 다른 컬러 샀을 때 보다 좀 더 따가운거 같아요. 이번에도 소매 불량 이슈가 있어 교환 한 번 받았고 박시하게 입기 좋아서 만족합니다.,4.0,"{""사이즈"": ""적당함"", ""색상"": ""비슷함"", ""소재"": ""비슷함""}",[]
307432628,모한,[앵콜30%쿠폰] TVF MERINO WOOL OVERFIT V-NECK KNIT TOP_5COLORS,https://www.wconcept.co.kr/Product/307432628,1,5,eh******,2026.04.06,"CHARCOAL, S",브이넥이 예뻐요 그레이 구매하고 차콜도 구마,5.0,"{""사이즈"": ""적당함"", ""색상"": ""비슷함"", ""소재"": ""비슷함""}","[""https://media.wconcept.co.kr/review/307432628/307432628_1775470068696.jpg?RS=300""]"
307432628,모한,[앵콜30%쿠폰] TVF MERINO WOOL OVERFIT V-NECK KNIT TOP_5COLORS,https://www.wconcept.co.kr/Product/307432628,1,6,ko******,2026.03.31,"DEEPBROWN, M",소재가 엄청 부드러워요 사이즈도 넉넉해서 셔츠하고 같이 입어도 될것같아요. 이미지보단 색깔이 좀 연한것같긴 한데 바지랑 치마 두루두루 어울려서 잘 입을수 있을 것같아요,5.0,"{""사이즈"": ""적당함"", ""색상"": ""같음"", ""소재"": ""같음""}","[""https://media.wconcept.co.kr/review/307432628/307432628_1774956618576.jpg?RS=300""]"
307432628,모한,[앵콜30%쿠폰] TVF MERINO WOOL OVERFIT V-NECK KNIT TOP_5COLORS,https://www.wconcept.co.kr/Product/307432628,2,7,kp******,2026.03.20,"DEEPBROWN, S",문신템이여서 겨울에 잘 입었어요 따뜻하고 편안해요!,5.0,"{""사이즈"": ""큼"", ""색상"": ""비슷함"", ""소재"": ""같음""}","[""https://media.wconcept.co.kr/review/307432628/307432628_1773981835884.jpg?RS=300""]"
307432628,모한,[앵콜30%쿠폰] TVF MERINO WOOL OVERFIT V-NECK KNIT TOP_5COLORS,https://www.wconcept.co.kr/Product/307432628,2,8,eh******,2026.03.13,"L-GREY, S",브이넥 목선이 예뻐요,5.0,"{""사이즈"": ""적당함"", ""색상"": ""비슷함"", ""소재"": ""비슷함""}","[""https://media.wconcept.co.kr/review/307432628/307432628_1773410358360.jpg?RS=300""]"
307432628,모한,[앵콜30%쿠폰] TVF MERINO WOOL OVERFIT V-NECK KNIT TOP_5COLORS,https://www.wconcept.co.kr/Product/307432628,2,9,ri******,2026.03.08,"DEEPBROWN, M",라이트그레이사고 넘 맘에 들어서 브라운으로 하나 더 구매했어요. 사이즈 넉넉하고 편하게 입을 수 있어 좋아요. 브라운색 잘 안 어울린다 생각했는데 웜톤 괜찮아요. 이거 입으면 살 빠졌냐는 소리 듣습니다 다음엔 챠콜도 구매해볼까 해요,5.0,"{""사이즈"": ""적당함"", ""색상"": ""같음"", ""소재"": ""같음""}","[""https://media.wconcept.co.kr/review/307432628/307432628_1772965230853.jpg?RS=300""]"
307432628,모한,[앵콜30%쿠폰] TVF MERINO WOOL OVERFIT V-NECK KNIT TOP_5COLORS,https://www.wconcept.co.kr/Product/307432628,2,10,wj******,2026.03.05,"L-GREY, S",차콜사고 너무 예뻐서 그레이로 또 불렀어요 옷에서 새옷냄새나는거 말고 역시나 이쁘네요,5.0,"{""사이즈"": ""적당함"", ""색상"": ""같음"", ""소재"": ""같음""}","[""https://media.wconcept.co.kr/review/307432628/307432628_1772709634760.jpeg?RS=300""]"
307432628,모한,[앵콜30%쿠폰] TVF MERINO WOOL OVERFIT V-NECK KNIT TOP_5COLORS,https://www.wconcept.co.kr/Product/307432628,2,11,mh******,2026.03.02,"CHARCOAL, S",진작에 살걸… 너무 예뻐요! 핏도 좋고 파임도 적당해요,5.0,"{""사이즈"": ""적당함"", ""색상"": ""같음"", ""소재"": ""같음""}",[]
307432628,모한,[앵콜30%쿠폰] TVF MERINO WOOL OVERFIT V-NECK KNIT TOP_5COLORS,https://www.wconcept.co.kr/Product/307432628,2,12,ju******,2026.03.02,"L-GREY, M",진짜 오버핏이네요. 덩치있는 사람은 더 크게 보여요. 코트안에 입으려니 남는 부분이 겹쳐서 예쁘지않아요. 단독으로 입어야겠어요,3.0,"{""사이즈"": ""큼"", ""색상"": ""같음"", ""소재"": ""같음""}",[]
307432628,모한,[앵콜30%쿠폰] TVF MERINO WOOL OVERFIT V-NECK KNIT TOP_5COLORS,https://www.wconcept.co.kr/Product/307432628,3,13,po******,2026.02.25,"L-GREY, S",차콜 사고 그레이 추가 구매 핏 넉넉하고 색감 좋아요,5.0,"{""사이즈"": ""적당함"", ""색상"": ""같음"", ""소재"": ""같음""}",[]
307432628,모한,[앵콜30%쿠폰] TVF MERINO WOOL OVERFIT V-NECK KNIT TOP_5COLORS,https://www.wconcept.co.kr/Product/307432628,3,14,se******,2026.02.25,"L-GREY, M",굿,5.0,"{""사이즈"": ""적당함"", ""색상"": ""같음"", ""소재"": ""같음""}",[]
307432628,모한,[앵콜30%쿠폰] TVF MERINO WOOL OVERFIT V-NECK KNIT TOP_5COLORS,https://www.wconcept.co.kr/Product/307432628,3,15,eu******,2026.02.21,"DEEPBROWN, M",브라운 색상 넘 맘에들고 예뻐요 모한 옷 너무좋아해요,5.0,"{""사이즈"": ""큼"", ""색상"": ""같음"", ""소재"": ""같음""}",[]
307432628,모한,[앵콜30%쿠폰] TVF MERINO WOOL OVERFIT V-NECK KNIT TOP_5COLORS,https://www.wconcept.co.kr/Product/307432628,3,16,mh******,2026.02.17,"L-GREY, S",생각보다 까슬하고 핏이 커서 애매함 치마랑 입는게 더 잘어울림 특유의 공장냄새가 절대 안빠져요…,5.0,"{""사이즈"": ""큼"", ""색상"": ""같음"", ""소재"": ""비슷함""}",[]
307432628,모한,[앵콜30%쿠폰] TVF MERINO WOOL OVERFIT V-NECK KNIT TOP_5COLORS,https://www.wconcept.co.kr/Product/307432628,3,17,je******,2026.02.16,"L-GREY, S",처음 나왔을 때부터 사려다 이제사 샀어요. 근데 확실히 이쁘긴 합니다. 허리 위쪽으로 좀 티를 올려 입어야 다리가 덜 짧아보입니다. 모한 울니트 몇 벌 있는데 소재도 좋은 듯해서 요것도 믿고 구매했어요. 잘 입을게요!,5.0,"{""사이즈"": ""큼"", ""색상"": ""비슷함"", ""소재"": ""비슷함""}","[""https://media.wconcept.co.kr/review/307432628/307432628_1771249268972.jpg?RS=300""]"
307432628,모한,[앵콜30%쿠폰] TVF MERINO WOOL OVERFIT V-NECK KNIT TOP_5COLORS,https://www.wconcept.co.kr/Product/307432628,3,18,tk******,2026.02.10,"DEEPBROWN, S",조금 크지만 부해보이진않아서 좋아요! 색감이 예쁘고 부드럽습니다 소재도,5.0,"{""사이즈"": ""큼"", ""색상"": ""비슷함"", ""소재"": ""비슷함""}","[""https://media.wconcept.co.kr/review/307432628/307432628_1770733258416.jpg?RS=300""]"
308886988,틸아이다이,[단 하루!] [헤이가가 Pick]Embroidered check blouse [TIFA05BL08]_Beige,https://www.wconcept.co.kr/Product/308886988,1,1,po******,2026.09.04,BEIGE_FREE,비슷한 디자인 많이 나오는데 다른 제품들에 비해 재질은 모르겠지만 핏은 괜찮고 좋아요,5.0,"{""사이즈"": ""적당함"", ""색상"": ""같음"", ""소재"": ""같음""}",[]
308886988,틸아이다이,[단 하루!] [헤이가가 Pick]Embroidered check blouse [TIFA05BL08]_Beige,https://www.wconcept.co.kr/Product/308886988,1,2,yo******,2026.09.04,BEIGE_FREE,가을에 입으려고 샀어요!!!! 색도 넘 이뿝니당 얼른 입고싶어용,5.0,"{""사이즈"": ""적당함"", ""색상"": ""같음"", ""소재"": ""같음""}",[]
308886988,틸아이다이,[단 하루!] [헤이가가 Pick]Embroidered check blouse [TIFA05BL08]_Beige,https://www.wconcept.co.kr/Product/308886988,1,3,ba******,2026.08.29,BEIGE_FREE,아직 더워서 못입어봤지만 패턴이 예뻐 기대가 됩니다 빨리 입고 싶어요,5.0,"{""사이즈"": ""적당함"", ""색상"": ""같음"", ""소재"": ""같음""}","[""https://media.wconcept.co.kr/review/308886988/308886988_1787985830384.jpeg?RS=300""]"
308886988,틸아이다이,[단 하루!] [헤이가가 Pick]Embroidered check blouse [TIFA05BL08]_Beige,https://www.wconcept.co.kr/Product/308886988,1,4,ha******,2026.08.26,BEIGE_FREE,너무 이뻐요~~ 얼른 가을이 왔으면 좋겠어요~~틸아이다이 옷은 다 이쁜것같아요^^,5.0,"{""사이즈"": ""적당함"", ""색상"": ""비슷함"", ""소재"": ""같음""}","[""https://media.wconcept.co.kr/review/308886988/308886988_1787739941728.jpg?RS=300""]"
308886988,틸아이다이,[단 하루!] [헤이가가 Pick]Embroidered check blouse [TIFA05BL08]_Beige,https://www.wconcept.co.kr/Product/308886988,1,5,cl******,2026.08.26,BEIGE_FREE,사이즈 넏넉하구 배송 빠르고 질 좋고 넘 예뻐요 할인할 때 잘 삿어요 ㅠ,5.0,"{""사이즈"": ""큼"", ""색상"": ""같음"", ""소재"": ""같음""}","[""https://media.wconcept.co.kr/review/308886988/308886988_1787717441750.jpeg?RS=300""]"
308886988,틸아이다이,[단 하루!] [헤이가가 Pick]Embroidered check blouse [TIFA05BL08]_Beige,https://www.wconcept.co.kr/Product/308886988,1,6,da******,2026.08.25,BEIGE_FREE,가을가을하고 핏 색상 화면 그대로예요^^ 마감 좋습니다,5.0,"{""사이즈"": ""적당함"", ""색상"": ""같음"", ""소재"": ""같음""}","[""https://media.wconcept.co.kr/review/308886988/308886988_1787659447432.jpg?RS=300""]"
308886988,틸아이다이,[단 하루!] [헤이가가 Pick]Embroidered check blouse [TIFA05BL08]_Beige,https://www.wconcept.co.kr/Product/308886988,2,7,ce******,2026.08.24,BEIGE_FREE,"믿고 사는 틸아이다이^^ 여름부터 틸아이다이 체크 블라우스 내내 잘입고 다녔는데, 가을 신상 업뎃 되자마자 구매했네요",5.0,"{""사이즈"": ""적당함"", ""색상"": ""같음"", ""소재"": ""같음""}","[""https://media.wconcept.co.kr/review/308886988/308886988_1787518357781.jpeg?RS=300""]"
308886988,틸아이다이,[단 하루!] [헤이가가 Pick]Embroidered check blouse [TIFA05BL08]_Beige,https://www.wconcept.co.kr/Product/308886988,2,8,sm******,2026.08.21,BEIGE_FREE,"레이스, 단추, 어깨선 디테일이 다 신경쓴게 느껴지고 싼티안나서 좋아요 살짝 두꺼운게 지금입을건 절대아니고 가을날씨오면 잘 입어질듯해요",5.0,"{""사이즈"": ""적당함"", ""색상"": ""같음"", ""소재"": ""같음""}","[""https://media.wconcept.co.kr/review/308886988/308886988_1787296535950.jpeg?RS=300""]"
308886988,틸아이다이,[단 하루!] [헤이가가 Pick]Embroidered check blouse [TIFA05BL08]_Beige,https://www.wconcept.co.kr/Product/308886988,2,9,wc******,2026.08.21,BEIGE_FREE,예발이 있어서 늦을줄 알았는데 생각보다 빨리와서 좋았어요! 컬러는 화면이랑 똑같구 프릴이 달려있어서 여성여성한데 그렇게 과하진않아서 자주 입을것같습니당!!,5.0,"{""사이즈"": ""적당함"", ""색상"": ""비슷함"", ""소재"": ""같음""}","[""https://media.wconcept.co.kr/review/308886988/308886988_1787295240843.jpg?RS=300""]"
308684692,뉴발란스,[뉴발란스] 운동화 204L 스웨이드 스니커즈 머쉬룸 애리드 스톤 U204LMMA,https://www.wconcept.co.kr/Product/308684692,1,1,sh******,2026.09.12,245,오프라인에서 신어보고 넘 맘에 들어서 바로 구매하려다 w컨셉에서 넘 좋은 가격에 구매했습니다! 가을에 신기 딱 좋은 컬러이고 끈도 두개라서 더 예뻐요 뉴발답게 착용감도 너무 편해요,5.0,"{""사이즈"": ""적당함"", ""색상"": ""같음"", ""발볼"": ""적당함""}","[""https://media.wconcept.co.kr/review/308684692/308684692_1789200858253.jpg?RS=300""]"
308684692,뉴발란스,[뉴발란스] 운동화 204L 스웨이드 스니커즈 머쉬룸 애리드 스톤 U204LMMA,https://www.wconcept.co.kr/Product/308684692,1,2,ve******,2026.09.11,240,색감이 좋아서 가을하고 정말 잘 어울리는 신발입니다 폭신폭신해서 정말 맘에 들어요~,5.0,"{""사이즈"": ""적당함"", ""색상"": ""비슷함"", ""발볼"": ""적당함""}",[]
308684692,뉴발란스,[뉴발란스] 운동화 204L 스웨이드 스니커즈 머쉬룸 애리드 스톤 U204LMMA,https://www.wconcept.co.kr/Product/308684692,1,3,ha******,2026.09.11,245,정사이즈주문했는데 알맞게 맞아요 아디다스삼바 245 나이키 250 신어요 슈레이스 갈아꼈더니 더 예뿌네요,5.0,"{""사이즈"": ""적당함"", ""색상"": ""같음"", ""발볼"": ""적당함""}","[""https://media.wconcept.co.kr/review/308684692/308684692_1789107330820.jpg?RS=300""]"
308684692,뉴발란스,[뉴발란스] 운동화 204L 스웨이드 스니커즈 머쉬룸 애리드 스톤 U204LMMA,https://www.wconcept.co.kr/Product/308684692,1,4,wc******,2026.09.10,230,신발이 가볍고 적당한 굽도 있어서 좋아요 가을에 어울리는 컬러,5.0,"{""사이즈"": ""적당함"", ""색상"": ""비슷함"", ""발볼"": ""적당함""}","[""https://media.wconcept.co.kr/review/308684692/308684692_1789034169066.jpg?RS=300""]"
308684692,뉴발란스,[뉴발란스] 운동화 204L 스웨이드 스니커즈 머쉬룸 애리드 스톤 U204LMMA,https://www.wconcept.co.kr/Product/308684692,1,5,le******,2026.09.03,245,화면과 디자인 색상 소재 동일해서 넘 예쁘고 마음에 들어요~정사이즈 구매했는데 딱 맞네요!! 운동화끈도 2가지 색상이라 더 좋아요~,5.0,"{""사이즈"": ""적당함"", ""색상"": ""같음"", ""발볼"": ""좁음""}",[]
308684692,뉴발란스,[뉴발란스] 운동화 204L 스웨이드 스니커즈 머쉬룸 애리드 스톤 U204LMMA,https://www.wconcept.co.kr/Product/308684692,1,6,bo******,2026.09.02,250,베이지 구입후 편하고 예뻐서 브라운도 구입했어요 앞코 쉐입과 스웨이드 컬러매치가 고급스러워 코디하기 넘 좋아요 신발끈이 두개 투톤으로 해도 예쁜것 같아요 평소 245 사이즈인데 250 으로 주문했어요 반업 추천해요,5.0,"{""사이즈"": ""적당함"", ""색상"": ""같음"", ""발볼"": ""적당함""}","[""https://media.wconcept.co.kr/review/308684692/308684692_1788299711135.jpg?RS=300"", ""https://media.wconcept.co.kr/review/308684692/308684692_1788299711015.jpg?RS=300""]"
308912914,마스 언 에브릴,[지수PICK]NICE RUGBY SWEATSHIRT_CHOCOLATE,https://www.wconcept.co.kr/Product/308912914,1,1,co******,2026.09.13,"CHOCOLATE, FREE",오즘 브라운에 꽂혀서 샀는데 길이감은 좀 짧아요 .원하던 스타일이라서 맘에들어요 .요즘 아침저녁으로 쌀쌀한데 가을느낌내고 좋아요,5.0,"{""사이즈"": ""적당함"", ""색상"": ""같음"", ""소재"": ""같음""}","[""https://media.wconcept.co.kr/review/308912914/308912914_1789291087829.jpg?RS=300""]"
308912914,마스 언 에브릴,[지수PICK]NICE RUGBY SWEATSHIRT_CHOCOLATE,https://www.wconcept.co.kr/Product/308912914,1,2,wc******,2026.09.13,"CHOCOLATE, FREE","너무 귀여워요 색도 가을이랑 잘 어울리고, 손이 자주갈것 같습니다",5.0,"{""사이즈"": ""적당함"", ""색상"": ""같음"", ""소재"": ""같음""}","[""https://media.wconcept.co.kr/review/308912914/308912914_1789262612966.jpeg?RS=300""]"
308912914,마스 언 에브릴,[지수PICK]NICE RUGBY SWEATSHIRT_CHOCOLATE,https://www.wconcept.co.kr/Product/308912914,1,3,ss******,2026.09.13,"CHOCOLATE, FREE",네이비 구매 후 초콜렛재구매 부드러운 촉감에 편하게 이쁘게 입기 좋습니다,5.0,"{""사이즈"": ""적당함"", ""색상"": ""같음"", ""소재"": ""같음""}",[]
308912914,마스 언 에브릴,[지수PICK]NICE RUGBY SWEATSHIRT_CHOCOLATE,https://www.wconcept.co.kr/Product/308912914,1,4,iy******,2026.09.11,"CHOCOLATE, FREE",색상이 가을가을 합니다~~~ 팔쪽이 크네요^-^ 그래동 너무 예뻐요,5.0,"{""사이즈"": ""큼"", ""색상"": ""같음"", ""소재"": ""같음""}","[""https://media.wconcept.co.kr/review/308912914/308912914_1789126458668.jpg?RS=300""]"
308912914,마스 언 에브릴,[지수PICK]NICE RUGBY SWEATSHIRT_CHOCOLATE,https://www.wconcept.co.kr/Product/308912914,1,5,wc******,2026.09.11,"CHOCOLATE, FREE",너무 예쁨 여기 다시들어가서 또 어떤 예쁜 옷이 있나 찾아보는 중 30중반 여자인데 30초반으로 만들어줌 진심임 예쁨 다들초가을 템으로 추천 그리고 편안함 ㅎㅎ,5.0,"{""사이즈"": ""큼"", ""색상"": ""같음"", ""소재"": ""비슷함""}",[]
308912914,마스 언 에브릴,[지수PICK]NICE RUGBY SWEATSHIRT_CHOCOLATE,https://www.wconcept.co.kr/Product/308912914,1,6,ja******,2026.09.10,"CHOCOLATE, FREE",색감은 상세페이지와 비슷한데 어깨가 커보여요 허리 잡아주니깐 날씬해보여 품습니다,5.0,"{""사이즈"": ""적당함"", ""색상"": ""비슷함"", ""소재"": ""같음""}","[""https://media.wconcept.co.kr/review/308912914/308912914_1789033795753.jpg?RS=300""]"
308912914,마스 언 에브릴,[지수PICK]NICE RUGBY SWEATSHIRT_CHOCOLATE,https://www.wconcept.co.kr/Product/308912914,2,7,Or******,2026.09.09,"CHOCOLATE, FREE",컬러도 가을가을하고 품이며 팔걸이면 다 조아요 근데 옷에 먼지가 너무 마니 묻어있어요 보세처럼!!!,4.0,"{""사이즈"": ""적당함"", ""색상"": ""비슷함"", ""소재"": ""비슷함""}","[""https://media.wconcept.co.kr/review/308912914/308912914_1788947339454.jpeg?RS=300""]"
308912914,마스 언 에브릴,[지수PICK]NICE RUGBY SWEATSHIRT_CHOCOLATE,https://www.wconcept.co.kr/Product/308912914,2,8,pe******,2026.09.09,"CHOCOLATE, FREE",컬러도 이쁘고 루즈하게 입기좋은데.. 길이가 길지 않아고 아래 잡아주기도해서 좋아요~ 어디에나.받쳐입기 좋아요,5.0,"{""사이즈"": ""적당함"", ""색상"": ""같음"", ""소재"": ""같음""}","[""https://media.wconcept.co.kr/review/308912914/308912914_1788913581787.jpeg?RS=300""]"
308912914,마스 언 에브릴,[지수PICK]NICE RUGBY SWEATSHIRT_CHOCOLATE,https://www.wconcept.co.kr/Product/308912914,2,9,wc******,2026.09.08,"CHOCOLATE, FREE",핏도 예쁘고 색상도 화면이랑 같아요. 캐주얼하게 데님에 또는 슬랙스에 어디든 잘 어울리네요.,5.0,"{""사이즈"": ""적당함"", ""색상"": ""같음"", ""소재"": ""같음""}","[""https://media.wconcept.co.kr/review/308912914/308912914_1788872223053.jpg?RS=300""]"
308912914,마스 언 에브릴,[지수PICK]NICE RUGBY SWEATSHIRT_CHOCOLATE,https://www.wconcept.co.kr/Product/308912914,2,10,kj******,2026.09.08,"CHOCOLATE, FREE",가격 빼곤 너무 너무 맘에 드는 옷이예요 핏도 예쁘고 색감도 너무 예쁨,5.0,"{""사이즈"": ""적당함"", ""색상"": ""비슷함"", ""소재"": ""비슷함""}","[""https://media.wconcept.co.kr/review/308912914/308912914_1788862039115.jpg?RS=300""]"
308912914,마스 언 에브릴,[지수PICK]NICE RUGBY SWEATSHIRT_CHOCOLATE,https://www.wconcept.co.kr/Product/308912914,2,11,lh******,2026.09.08,"CHOCOLATE, FREE",매칭 그대로 ㅎ 컬러 고급지고 아침저녁 선선한 요즘 딱이네요,5.0,"{""사이즈"": ""적당함"", ""색상"": ""같음"", ""소재"": ""같음""}","[""https://media.wconcept.co.kr/review/308912914/308912914_1788861531938.jpg?RS=300""]"
308912914,마스 언 에브릴,[지수PICK]NICE RUGBY SWEATSHIRT_CHOCOLATE,https://www.wconcept.co.kr/Product/308912914,2,12,oi******,2026.09.08,"CHOCOLATE, FREE",길이감이나 색감이나 딱 적당하니 편하게 툭 입기 좋아요 가을에 잘 입을께요오~,5.0,"{""사이즈"": ""적당함"", ""색상"": ""같음"", ""소재"": ""같음""}","[""https://media.wconcept.co.kr/review/308912914/308912914_1788858408143.jpeg?RS=300""]"
308912914,마스 언 에브릴,[지수PICK]NICE RUGBY SWEATSHIRT_CHOCOLATE,https://www.wconcept.co.kr/Product/308912914,3,13,jj******,2026.09.08,"CHOCOLATE, FREE",9월 말부터는 딱이에요 두껍지 않은 편이고 살짝 크롭해서 힙해요 뭣보다 컬러감 최고..얼른 입고 싶어요,5.0,"{""사이즈"": ""큼"", ""색상"": ""같음"", ""소재"": ""비슷함""}","[""https://media.wconcept.co.kr/review/308912914/308912914_1788848242228.jpg?RS=300""]"
308912914,마스 언 에브릴,[지수PICK]NICE RUGBY SWEATSHIRT_CHOCOLATE,https://www.wconcept.co.kr/Product/308912914,3,14,ih******,2026.09.08,"CHOCOLATE, FREE",색상이화면과 같고 약간넉넉한 사이즈에요 근데 가격에비해 재질이 별로에요 하얀색실이 너무많이 나와서 좀지저분한 느낌입니다,3.0,"{""사이즈"": ""적당함"", ""색상"": ""같음"", ""소재"": ""비슷함""}","[""https://media.wconcept.co.kr/review/308912914/308912914_1788846916528.jpg?RS=300""]"
308912914,마스 언 에브릴,[지수PICK]NICE RUGBY SWEATSHIRT_CHOCOLATE,https://www.wconcept.co.kr/Product/308912914,3,15,yo******,2026.09.08,"CHOCOLATE, FREE",예상했던데로 색상 재질 적당한 핏으로 예쁩니다 입었을때 너무 오버핏도 아니고 길이도 적당하고 너무 예뻐요 망설이지 마시고 구매하세요,5.0,"{""사이즈"": ""적당함"", ""색상"": ""비슷함"", ""소재"": ""비슷함""}","[""https://media.wconcept.co.kr/review/308912914/308912914_1788846828871.jpg?RS=300""]"
308912914,마스 언 에브릴,[지수PICK]NICE RUGBY SWEATSHIRT_CHOCOLATE,https://www.wconcept.co.kr/Product/308912914,3,16,wc******,2026.09.04,"CHOCOLATE, FREE",브이넥 카라라 넥이 시원해보이구 컬러도 가을가을 하니 너무 예뻐용 ㅎㅎ 핏도 아방하니 귀여워요 ㅠ 작은 클로버 라벨까지… 손이 자주 갈것 같아요 !!,5.0,"{""사이즈"": ""적당함"", ""색상"": ""같음"", ""소재"": ""같음""}","[""https://media.wconcept.co.kr/review/308912914/308912914_1788519525250.jpeg?RS=300""]"
308912914,마스 언 에브릴,[지수PICK]NICE RUGBY SWEATSHIRT_CHOCOLATE,https://www.wconcept.co.kr/Product/308912914,3,17,lm******,2026.09.01,"CHOCOLATE, FREE",에젓 네이비 샀었는데 언니에게 뺐겨 브라운으로 재구매 합니다,5.0,"{""사이즈"": ""적당함"", ""색상"": ""같음"", ""소재"": ""같음""}","[""https://media.wconcept.co.kr/review/308912914/308912914_1788272672030.jpg?RS=300""]"
308912914,마스 언 에브릴,[지수PICK]NICE RUGBY SWEATSHIRT_CHOCOLATE,https://www.wconcept.co.kr/Product/308912914,3,18,k2******,2026.08.31,"CHOCOLATE, FREE",평소 여자 여자 한 옷만 좋아하다가 약간의 보이시해 보이는 티셔츠 긴 입고 싶어 구매했어요 정말 잘했어요 하얀 카라가 신의 한 수,5.0,"{""사이즈"": ""적당함"", ""색상"": ""같음"", ""소재"": ""같음""}",[]
308811762,휠라,[차정원 PICK] 글리오 LX 블랙_FS263OD03X078_001,https://www.wconcept.co.kr/Product/308811762,1,1,ju******,2026.09.13,"BLACKBLACKBROWN, 235",한사이즈 크게 샀더니 딱 맞네요. 가을겨울용으로 신으려고 샀는데 잘 산거 같아요. 무난하게 매치해서 신기 좋아요~,5.0,"{""사이즈"": ""작음"", ""색상"": ""같음"", ""발볼"": ""적당함""}",[]
308811762,휠라,[차정원 PICK] 글리오 LX 블랙_FS263OD03X078_001,https://www.wconcept.co.kr/Product/308811762,1,2,ka******,2026.09.09,"BLACKBLACKBROWN, 240",칼발235-240 보통 240사이즈 신어요 이 신발 자체가 발볼이 좁게 나오긴 한거같고 뒷부분이 앞으로 조여지는 스타일이어서 반치수 업해도 될거같습니다 깔끔하고 블랙인데 여성스럽고 이뻐요 많이 신게될듯합니다 오래걸으면 발바닥은 아플거같습니다,5.0,"{""사이즈"": ""적당함"", ""색상"": ""같음"", ""발볼"": ""좁음""}","[""https://media.wconcept.co.kr/review/308811762/308811762_1788928818306.jpeg?RS=300""]"
308811762,휠라,[차정원 PICK] 글리오 LX 블랙_FS263OD03X078_001,https://www.wconcept.co.kr/Product/308811762,1,3,ai******,2026.09.01,"BLACKBLACKBROWN, 230","가볍고 예뻐요. 올블랙이지만 새틴 배색이라 밋밋하지 않아요. 흰 색 끈도 들어있어요. 사이즈 선택시 중요한 건 발등 높이인 것 같아요. 발볼 넓은 편이라 225-230 걸쳐 신는데 거의 230신습니다. 이 신발230 발볼 편하고 발길이도 여유 있어요. 특별히 작게 나온 상품은 아닌 듯 해요. 두 사이즈 걸쳐 신으면 큰 사이즈쪽으로, 평소 정사이즈 신는다면 정사이즈로. 다만 발등 높다면 반사이즈 업하면 편할 것 같아요.",5.0,"{""사이즈"": ""적당함"", ""색상"": ""같음"", ""발볼"": ""적당함""}","[""https://media.wconcept.co.kr/review/308811762/308811762_1788240148870.jpeg?RS=300""]"
308811762,휠라,[차정원 PICK] 글리오 LX 블랙_FS263OD03X078_001,https://www.wconcept.co.kr/Product/308811762,1,4,be******,2026.08.22,"BLACKBLACKBROWN, 235",검정색 스웨이드 소재가 주는 묵직함이 가을겨울 옷들과 잘 어우러질 듯해서 주문했어요. 새틴 소재의 은은한 광택이 있어 마냥 답답해 보이지도 않고 신발라인도 아주 맘에 들어요~!,5.0,"{""사이즈"": ""적당함"", ""색상"": ""같음"", ""발볼"": ""적당함""}","[""https://media.wconcept.co.kr/review/308811762/308811762_1787404418983.jpeg?RS=300""]"
308811762,휠라,[차정원 PICK] 글리오 LX 블랙_FS263OD03X078_001,https://www.wconcept.co.kr/Product/308811762,1,5,su******,2026.08.12,"BLACKBLACKBROWN, 245",착용감이 편하고 좋아요. 봄에 실버를 잘 신고 다녀서 올블랙으로 구매했어요 이뻐요,5.0,"{""사이즈"": ""적당함"", ""색상"": ""같음"", ""발볼"": ""적당함""}","[""https://media.wconcept.co.kr/review/308811762/308811762_1786467016888.jpeg?RS=300"", ""https://media.wconcept.co.kr/review/308811762/308811762_1786467016719.jpeg?RS=300""]"
308811762,휠라,[차정원 PICK] 글리오 LX 블랙_FS263OD03X078_001,https://www.wconcept.co.kr/Product/308811762,1,6,wc******,2026.08.10,"BLACKBLACKBROWN, 240",사진보다 실물이 훨씬 예뻐요! 올블랙이라 처음엔 살짝 밋밋할까 했는데 새틴 소재가 은근 포인트가 돼서 예쁘더라구요ㅎㅎ 소재 때문인지 생각보다 여성스러운 느낌도 있어서 스커트랑 같이 입어도 잘 어울렸어요🖤 흰색 끈도 같이 들어있어서 번갈아가면서 매치해도 예쁠 것 같네요! 생각보다 너무 맘에 들어서 아이보리도 사고 싶어요><,5.0,"{""사이즈"": ""적당함"", ""색상"": ""같음"", ""발볼"": ""적당함""}","[""https://media.wconcept.co.kr/review/308836370/308836370_1786289785860.jpeg?RS=300"", ""https://media.wconcept.co.kr/review/308836370/308836370_1786289785750.jpeg?RS=300"", ""https://media.wconcept.co.kr/review/308836370/308836370_1786289785631.jpeg?RS=300""]"
308811762,휠라,[차정원 PICK] 글리오 LX 블랙_FS263OD03X078_001,https://www.wconcept.co.kr/Product/308811762,2,7,wc******,2026.08.07,"BLACKBLACKBROWN, 235",무엇보다 심플하고 여성스러워 맘에듭니다. 잘신을게요,5.0,"{""사이즈"": ""적당함"", ""색상"": ""같음"", ""발볼"": ""적당함""}",[]
308811762,휠라,[차정원 PICK] 글리오 LX 블랙_FS263OD03X078_001,https://www.wconcept.co.kr/Product/308811762,2,8,ha******,2026.08.07,"BLACKBLACKBROWN, 255",올블랙 컬러라 깔끔하고 스웨이드 질감이 살아있어서 실물이 훨씬 고급스러운 운동화에요!! 데님 와이드 팬츠나 스커트 어디에나 찰떡처럼 잘 어울려서 데일리 스니커즈로 딱이네용~ 검정 양말이랑 같이 매치하니까 세련된 느낌도 나고 착화감도 푹신해서 오래 걸어도 발이 피로하지 않아요 올블랙 스니커즈 찾으시는 분들한테 추천드려요! 반사이즈는 크게 구매 추천드립니당!,5.0,"{""사이즈"": ""적당함"", ""색상"": ""같음"", ""발볼"": ""적당함""}","[""https://media.wconcept.co.kr/review/308836370/308836370_1786056704769.jpeg?RS=300"", ""https://media.wconcept.co.kr/review/308836370/308836370_1786056704654.jpeg?RS=300""]"
308811762,휠라,[차정원 PICK] 글리오 LX 블랙_FS263OD03X078_001,https://www.wconcept.co.kr/Product/308811762,2,9,07******,2026.08.06,"BLACKBLACKBROWN, 250",신발 실루엣이 얄쌍하고 예뻐서 발볼이 약간 있는 편이라 한 사이즈 업했는데 실제로는 발볼이 좁게 나온 편은 아닌 것 같아요! 무엇보다 신발이 가볍고 신발 밑창이 도톰해서 착용감이 좋아 손이 자주 잘 거 같아요. 편하게 잘 신을 수 있을 것 같습니다. 올블랙 컬러인데 새틴과 스웨이드 다른 소재가 쓰여서 단조롭지 않고 은은한 광택이 귀여운 포인트인 것 같아용 치마나 반바지랑 같이 코디하면 아주 귀여울 것 같습니당💓,5.0,"{""사이즈"": ""적당함"", ""색상"": ""같음"", ""발볼"": ""적당함""}","[""https://media.wconcept.co.kr/review/308836370/308836370_1786019109565.jpeg?RS=300"", ""https://media.wconcept.co.kr/review/308836370/308836370_1786019109508.jpeg?RS=300"", ""https://media.wconcept.co.kr/review/308836370/308836370_1786019109416.jpeg?RS=300""]"
308811762,휠라,[차정원 PICK] 글리오 LX 블랙_FS263OD03X078_001,https://www.wconcept.co.kr/Product/308811762,2,10,aa******,2026.08.06,"BLACKBLACKBROWN, 235",조아요 조아요 조아요 조아요 조아요 조아요 조아요 조아요 조아요 조아요 조아요 조아요 조앚요 나 지금 조아요 조아요 ㅏ 나 조아요 조아요,5.0,"{""사이즈"": ""적당함"", ""색상"": ""같음"", ""발볼"": ""적당함""}",[]
308811762,휠라,[차정원 PICK] 글리오 LX 블랙_FS263OD03X078_001,https://www.wconcept.co.kr/Product/308811762,2,11,in******,2026.08.02,"BLACKBLACKBROWN, 240",전부터 사고싶너묘던 운동화. 고민하다 블랙으로 샀어요. 맘에들어요. 가볍고 조아요. 치마에도 잘어울릴것같아요,5.0,"{""사이즈"": ""적당함"", ""색상"": ""같음"", ""발볼"": ""적당함""}",[]
308811762,휠라,[차정원 PICK] 글리오 LX 블랙_FS263OD03X078_001,https://www.wconcept.co.kr/Product/308811762,2,12,qo******,2026.07.29,"BLACKBLACKBROWN, 245",감사합니다감사합니자 잘신을게요감사합미다,5.0,"{""사이즈"": ""큼"", ""색상"": ""다름"", ""발볼"": ""넓음""}",[]
308926164,아워코모스,[48H 특가] [단독] cowl-neck slit dress (navy) orc 6119,https://www.wconcept.co.kr/Product/308926164,1,1,ha******,2026.09.07,M,"넥라인이 자연스럽게 드레이핑되는 디자인이라 목선이 예쁘게 보여서 마음에 들었어요. 네이비 컬러도 차분하면서 분위기 있어서 단독으로 입었을 때 더 예쁜 원피스예요. 허리부터 자연스럽게 떨어지는 실루엣이라 몸에 너무 달라붙지 않고, 밑단 슬릿 덕분에 답답하지 않으면서 은근히 포인트가 됩니다. 소재도 편안해서 데일리로 입기 좋고, 구두나 플랫 등 슈즈에 따라 분위기를 다르게 연출할 수 있어 활용도 높은 아이템이에요🩷",5.0,"{""사이즈"": ""적당함"", ""색상"": ""같음"", ""소재"": ""같음""}","[""https://media.wconcept.co.kr/review/308966819/308966819_1788707659236.jpeg?RS=300"", ""https://media.wconcept.co.kr/review/308966819/308966819_1788707659196.jpeg?RS=300"", ""https://media.wconcept.co.kr/review/308966819/308966819_1788707659111.jpeg?RS=300""]"
308854344,마르벳,[한정특가] Stretch Capri Pants_Black,https://www.wconcept.co.kr/Product/308854344,1,1,ar******,2026.09.10,BLACK_M,우와 슬랙스가 이렇게 편하다니... 너무 좋구요 저는 상체보다 하체가 통통한데 커버도 잘됩니다! 아주 만족이에요,5.0,"{""사이즈"": ""적당함"", ""색상"": ""같음"", ""소재"": ""같음""}",[]
308854344,마르벳,[한정특가] Stretch Capri Pants_Black,https://www.wconcept.co.kr/Product/308854344,1,2,le******,2026.09.09,BLACK_L,구김이 없는 재질이라 만족해요! 좀 두꺼워서 이제 입으면 딱일꺼 같아요. 아쉬운점은 밑단이 생각보다 더 퍼지는 스타일이라 그게 좀 걸려요.. 그치만 만족하는 부분이 많아 품어요!,5.0,"{""사이즈"": ""적당함"", ""색상"": ""비슷함"", ""소재"": ""비슷함""}","[""https://media.wconcept.co.kr/review/308854344/308854344_1788909833423.jpeg?RS=300""]"
308854344,마르벳,[한정특가] Stretch Capri Pants_Black,https://www.wconcept.co.kr/Product/308854344,1,3,js******,2026.09.07,BLACK_M,좀 커요...편하게 입으려구요....찬바람이 불어야 입을듯....,5.0,"{""사이즈"": ""큼"", ""색상"": ""같음"", ""소재"": ""같음""}",[]
308854344,마르벳,[한정특가] Stretch Capri Pants_Black,https://www.wconcept.co.kr/Product/308854344,1,4,le******,2026.09.02,BLACK_S,정말 대대대만족이에요 ㅜㅜ 슬랙스 재질의 발목만 보이는 카프리 팬츠를 찾고있었는데.. 사이즈가 딱 맘에드는게 없어서 몇날며칠을 서치하다가 발견한 바지인데 소재도 너무 맘에 들고 다리 라인이 정말 맘에들어요! 넘 벙벙하거나 넘 붙지 않고 딱 예쁜 핏이에요 내년에 또 사러올테니까 계속 팔아주세여 ㅜㅜ 💛,5.0,"{""사이즈"": ""적당함"", ""색상"": ""같음"", ""소재"": ""같음""}","[""https://media.wconcept.co.kr/review/308854344/308854344_1788306554427.jpeg?RS=300""]"
308854344,마르벳,[한정특가] Stretch Capri Pants_Black,https://www.wconcept.co.kr/Product/308854344,1,5,jy******,2026.09.02,BLACK_S,원단이 아주 탄탄하고 늘어짐없을 것 같아 좋아요. 여름에는 더웠을듯해요,5.0,"{""사이즈"": ""적당함"", ""색상"": ""같음"", ""소재"": ""같음""}",[]
308854344,마르벳,[한정특가] Stretch Capri Pants_Black,https://www.wconcept.co.kr/Product/308854344,1,6,wc******,2026.09.01,BLACK_L,160기준 발목 보이는 예쁜길이고요 통통한 하체에서 벗어나본적이 없는데 신기해서 거울 자꾸봐요 종아리 덮어서 말라보이고 원단 좋아서 짱짱해요 회사 전투복되서 맨날 이거입어요~~~,5.0,"{""사이즈"": ""적당함"", ""색상"": ""같음"", ""소재"": ""같음""}","[""https://media.wconcept.co.kr/review/308918271/308918271_1788267259965.jpeg?RS=300""]"
308854344,마르벳,[한정특가] Stretch Capri Pants_Black,https://www.wconcept.co.kr/Product/308854344,2,7,wc******,2026.09.01,BLACK_S,고민하지마세요!!! 진짜 예뻐요 쫙 달라붙게 일부로 에스로 샀어요 편한데 다리도 가늘어보여요 소재가 부티나요 한여름 빼고 다될것 같아요,5.0,"{""사이즈"": ""적당함"", ""색상"": ""같음"", ""소재"": ""같음""}","[""https://media.wconcept.co.kr/review/308918271/308918271_1788196427614.jpeg?RS=300""]"
308854344,마르벳,[한정특가] Stretch Capri Pants_Black,https://www.wconcept.co.kr/Product/308854344,2,8,wc******,2026.08.30,BLACK_S,리뷰가 좋길래 사봤는데 소재 쫀쫀하고 핏 이뻐요 날씬해보여요 데일리로 입기좋을 것 같아요,5.0,"{""사이즈"": ""적당함"", ""색상"": ""같음"", ""소재"": ""같음""}","[""https://media.wconcept.co.kr/review/308854344/308854344_1788086179650.jpg?RS=300""]"
308854344,마르벳,[한정특가] Stretch Capri Pants_Black,https://www.wconcept.co.kr/Product/308854344,2,9,so******,2026.08.30,BLACK_S,55반 정도 입는데 s작이서 m으로 교환 했어요. 안들어가는 건 아닌데 저는 딱 달라 붙는거 비선호해서.. 스타일은 마음에 들어요. 다만 여름 옷으로는 살짝 두께감 있어요. 초여름 봄 가을 가능 할 것 같아요.,5.0,"{""사이즈"": ""작음"", ""색상"": ""같음"", ""소재"": ""같음""}","[""https://media.wconcept.co.kr/review/308854344/308854344_1788068591418.jpg?RS=300""]"
308854344,마르벳,[한정특가] Stretch Capri Pants_Black,https://www.wconcept.co.kr/Product/308854344,2,10,wc******,2026.08.30,BLACK_L,두껍더라고요.. 지금 입으면 더울것같아요.. 키가 커서 길이는 괜찮은데 음 .. 반품 해야될것같은 .. 귀찮아서 반품은 안하고 입어볼게요.,5.0,"{""사이즈"": ""적당함"", ""색상"": ""같음"", ""소재"": ""다름""}","[""https://media.wconcept.co.kr/review/308854344/308854344_1788051089876.jpeg?RS=300"", ""https://media.wconcept.co.kr/review/308854344/308854344_1788051089774.jpeg?RS=300""]"
308854344,마르벳,[한정특가] Stretch Capri Pants_Black,https://www.wconcept.co.kr/Product/308854344,2,11,wc******,2026.08.28,BLACK_XS,카프리팬츠 유목민이었는데 친구 추천으로 샀습니다 가을에 빨리 셔츠랑 입고싶어요 스트레이트 체형에 발목이 랑 종아리 두꺼운편이고 26인데 골반은 넓고 힙은 작어서 타잇하게 입을라고 xs 하니까 다리 엄청 잘잡아줘서 새다리같아요 힙이 크지 않고 다리 마른편이면 xs 해도좋을듯 해요,5.0,"{""사이즈"": ""적당함"", ""색상"": ""같음"", ""소재"": ""같음""}","[""https://media.wconcept.co.kr/review/308918271/308918271_1787898086508.jpeg?RS=300""]"
308854344,마르벳,[한정특가] Stretch Capri Pants_Black,https://www.wconcept.co.kr/Product/308854344,2,12,wc******,2026.08.28,BLACK_S,소재 넘넘 좋아요 이런 스타일 저렴한것들은 결감 엄청 울퉁불퉁한데 이거는 완전 매끈하고 착 감겨용 핏도 맘에들어요,5.0,"{""사이즈"": ""적당함"", ""색상"": ""같음"", ""소재"": ""같음""}","[""https://media.wconcept.co.kr/review/308918271/308918271_1787895546043.jpeg?RS=300""]"
308854344,마르벳,[한정특가] Stretch Capri Pants_Black,https://www.wconcept.co.kr/Product/308854344,3,13,gm******,2026.08.28,BLACK_S,인생팬츠예요~~~~ 일단 너무 편하고! 핏도 좋아서 자주 입어져요 ㅎㅎㅎ 카프리팬츠 많지만 그중 단연 최고...! 강추합니다 ! 하비인데 군살 싹 커버가되네요 ..!!!! 최고최공,5.0,"{""사이즈"": ""적당함"", ""색상"": ""같음"", ""소재"": ""같음""}","[""https://media.wconcept.co.kr/review/308918271/308918271_1787886473450.jpeg?RS=300"", ""https://media.wconcept.co.kr/review/308918271/308918271_1787886473359.jpeg?RS=300""]"
308854344,마르벳,[한정특가] Stretch Capri Pants_Black,https://www.wconcept.co.kr/Product/308854344,3,14,wc******,2026.08.25,BLACK_M,매일 입는 바지돼써여 ㅋㅋ 골반이랑 힙이 있는 편인데 너무 편안했어용 꾸밀때나 그냥 편하게 막입기도 좋아요 오만번은 입은거같은데 완전 짱짱해요 가격이 말도안되는,5.0,"{""사이즈"": ""적당함"", ""색상"": ""같음"", ""소재"": ""같음""}","[""https://media.wconcept.co.kr/review/308918271/308918271_1787664194923.jpeg?RS=300"", ""https://media.wconcept.co.kr/review/308918271/308918271_1787664194789.jpeg?RS=300""]"
308854344,마르벳,[한정특가] Stretch Capri Pants_Black,https://www.wconcept.co.kr/Product/308854344,3,15,wc******,2026.08.25,BLACK_S,엄청 날씬해보여용! 다른곳 카프리는 뒷무릎 주름이 별론데 이건 주름이 안가요 정장 비슷한 그런 소재같아요 ㅎㅎ 소재가 너무 좋은데 일단 완전 편해요 육아하면서 입는데 운동복 같아요,5.0,"{""사이즈"": ""적당함"", ""색상"": ""같음"", ""소재"": ""같음""}","[""https://media.wconcept.co.kr/review/308918271/308918271_1787659246708.jpeg?RS=300""]"
308854344,마르벳,[한정특가] Stretch Capri Pants_Black,https://www.wconcept.co.kr/Product/308854344,3,16,le******,2026.08.25,BLACK_S,"고민 말고 구매 하세요! 착용감이 너무 편해요 !! 디자인도 사진과 동일하고 특히 소재가 너무 마음에 들어요. 색이 빠지는 면소재도 아니고 빳빳한 소재도 아닌 적당한 탄탄함과 유연함을 갖췄어요! 제가 살이 쪘는지 평생을 s사이즈만 입었는데 조금 더 편하기 착용하시려면 m도 괜찮을 것 같아요. 일상룩, 출근룩 모두 다 활용할 수 있어서 하나 더 구매할까 고려중입니다. 고민하지 말고 사세요!!",5.0,"{""사이즈"": ""적당함"", ""색상"": ""같음"", ""소재"": ""같음""}","[""https://media.wconcept.co.kr/review/308854344/308854344_1787649101811.jpeg?RS=300""]"
308854344,마르벳,[한정특가] Stretch Capri Pants_Black,https://www.wconcept.co.kr/Product/308854344,3,17,wc******,2026.08.21,BLACK_S,가격이 너무 착하고 진짜 마음에 들어요 원단도 너무좋아요 저렴한 소재가 아니고 차분한 느낌? 잘산것 같습니당,5.0,"{""사이즈"": ""적당함"", ""색상"": ""같음"", ""소재"": ""같음""}","[""https://media.wconcept.co.kr/review/308918271/308918271_1787557145461.jpeg?RS=300""]"
308854344,마르벳,[한정특가] Stretch Capri Pants_Black,https://www.wconcept.co.kr/Product/308854344,3,18,wc******,2026.08.18,BLACK_M,사무직이라 배쪼이는거 너무 시른데 이거는 안쪼이고 편해요!!!! 키가 안큰데 기장 딱 좋아요 져지소재같은거 좋아하는데 이거는 소재가 더좋네용ㅎㅎㅎㅎ요가바지같아용 >.< 종아리도 다덮어줘서 직딩 교복입니다ㅎㅎ,5.0,"{""사이즈"": ""적당함"", ""색상"": ""같음"", ""소재"": ""같음""}","[""https://media.wconcept.co.kr/review/308854344/308854344_1787048464959.jpeg?RS=300""]"
306040927,틸아이다이,[단 하루!] Stripe soft touch T-shirt_Navy,https://www.wconcept.co.kr/Product/306040927,1,1,tj******,2026.07.09,NAVY_FREE,가볍게 입기좋고 품질도 너무 좋운것같아요! 휘두루마두루 할수있고 편하게 입기 강추!,5.0,"{""사이즈"": ""적당함"", ""색상"": ""같음"", ""소재"": ""같음""}","[""https://media.wconcept.co.kr/review/306040927/306040927_1783606686539.jpeg?RS=300""]"
306040927,틸아이다이,[단 하루!] Stripe soft touch T-shirt_Navy,https://www.wconcept.co.kr/Product/306040927,1,2,wc******,2026.07.09,NAVY_FREE,별로 기대안하고 샀는데 질도 좋고 입기에 편안해요.,5.0,"{""사이즈"": ""적당함"", ""색상"": ""같음"", ""소재"": ""같음""}","[""https://media.wconcept.co.kr/review/306040927/306040927_1783557130430.jpg?RS=300""]"
306040927,틸아이다이,[단 하루!] Stripe soft touch T-shirt_Navy,https://www.wconcept.co.kr/Product/306040927,1,3,le******,2026.06.25,NAVY_FREE,긴팔입을 시기는 아닌데 세일하길래 같이 구매햇어여!! ㅎ 이너티들은 틸아이디꺼 무난하게 잘맞아서 종종 잘 구매한답니다 ㅎ,5.0,"{""사이즈"": ""적당함"", ""색상"": ""같음"", ""소재"": ""같음""}","[""https://media.wconcept.co.kr/review/306040927/306040927_1782324390485.jpeg?RS=300""]"
306040927,틸아이다이,[단 하루!] Stripe soft touch T-shirt_Navy,https://www.wconcept.co.kr/Product/306040927,1,4,eb******,2026.06.17,NAVY_FREE,가을 겨울에 맨투맨이나 자켓에 입으려고 샀는데 딱 좋아요. 소재도 부들하고 컬러 배색이 얼굴톤 보정되서 환해지네요. 제 키에 길지도 짧지도 않아서 맘에 들어요,5.0,"{""사이즈"": ""적당함"", ""색상"": ""같음"", ""소재"": ""같음""}","[""https://media.wconcept.co.kr/review/306040927/306040927_1781687819856.jpg?RS=300""]"
306040927,틸아이다이,[단 하루!] Stripe soft touch T-shirt_Navy,https://www.wconcept.co.kr/Product/306040927,1,5,cu******,2026.06.07,NAVY_FREE,입기편할꺼같고 사이즈는 적당합니다~~~~,5.0,"{""사이즈"": ""적당함"", ""색상"": ""같음"", ""소재"": ""같음""}",[]
306040927,틸아이다이,[단 하루!] Stripe soft touch T-shirt_Navy,https://www.wconcept.co.kr/Product/306040927,1,6,or******,2026.05.08,NAVY_FREE,모르고 2개 시켜서 동생이랑 하나씩 나눠입음🥲,5.0,"{""사이즈"": ""적당함"", ""색상"": ""같음"", ""소재"": ""같음""}","[""https://media.wconcept.co.kr/review/306040927/306040927_1778248568233.jpg?RS=300""]"
306040927,틸아이다이,[단 하루!] Stripe soft touch T-shirt_Navy,https://www.wconcept.co.kr/Product/306040927,2,7,wc******,2026.04.30,NAVY_FREE,많이 루즈하지만 편안하고 데일리로 잘 입을꺼 같아요,5.0,"{""사이즈"": ""큼"", ""색상"": ""비슷함"", ""소재"": ""비슷함""}","[""https://media.wconcept.co.kr/review/306040927/306040927_1777520936032.jpg?RS=300""]"
306040927,틸아이다이,[단 하루!] Stripe soft touch T-shirt_Navy,https://www.wconcept.co.kr/Product/306040927,2,8,js******,2026.04.25,NAVY_FREE,길이는 생각보다 조금 짧았어요 두껍지 않아서 요즘 날씨에 입기 좋고 색상도 은은해서 여성스럽고 예뻐요,5.0,"{""사이즈"": ""적당함"", ""색상"": ""같음"", ""소재"": ""같음""}",[]
306040927,틸아이다이,[단 하루!] Stripe soft touch T-shirt_Navy,https://www.wconcept.co.kr/Product/306040927,2,9,ji******,2026.04.20,NAVY_FREE,"소재가 면이어서 부들부들하고, 사진상 본거랑 똑같아요. 편하게 입기 좋아요~^^",5.0,"{""사이즈"": ""적당함"", ""색상"": ""같음"", ""소재"": ""같음""}","[""https://media.wconcept.co.kr/review/306040927/306040927_1776694394757.jpg?RS=300""]"
306040927,틸아이다이,[단 하루!] Stripe soft touch T-shirt_Navy,https://www.wconcept.co.kr/Product/306040927,2,10,wc******,2026.04.19,NAVY_FREE,지금 입기 딱 좋은 두께예요 재질도 부드럽고 목 부분도 쉽게 안늘어날 거 같아서 맘에 들어요,5.0,"{""사이즈"": ""적당함"", ""색상"": ""같음"", ""소재"": ""같음""}","[""https://media.wconcept.co.kr/review/306040927/306040927_1776583633093.jpeg?RS=300""]"
306040927,틸아이다이,[단 하루!] Stripe soft touch T-shirt_Navy,https://www.wconcept.co.kr/Product/306040927,2,11,pm******,2026.04.16,NAVY_FREE,오늘 받자마자 바로 입고 출근~ 네이비 색상은 흰바지나 블랙진이 잘 어울릴 것 같아요^^ 티셔츠 질감도 좋구 깔끔해보여요 매번 드라이클리닝을 해야 하나요… 그 부분이 좀 아쉽,5.0,"{""사이즈"": ""적당함"", ""색상"": ""같음"", ""소재"": ""같음""}","[""https://media.wconcept.co.kr/review/306040927/306040927_1776310255573.jpeg?RS=300""]"
306040927,틸아이다이,[단 하루!] Stripe soft touch T-shirt_Navy,https://www.wconcept.co.kr/Product/306040927,2,12,cc******,2026.04.15,NAVY_FREE,블랙 사서 잘입어지길래 네이비도 구매 했는데 만족입니다:),5.0,"{""사이즈"": ""적당함"", ""색상"": ""같음"", ""소재"": ""같음""}","[""https://media.wconcept.co.kr/review/306040927/306040927_1776260179783.jpg?RS=300""]"
306040927,틸아이다이,[단 하루!] Stripe soft touch T-shirt_Navy,https://www.wconcept.co.kr/Product/306040927,3,13,du******,2026.04.14,NAVY_FREE,"사진과 같습니다. 단품으로 입어도, 셔츠안에 껴입어도좋네요,",5.0,"{""사이즈"": ""적당함"", ""색상"": ""같음"", ""소재"": ""같음""}",[]
306040927,틸아이다이,[단 하루!] Stripe soft touch T-shirt_Navy,https://www.wconcept.co.kr/Product/306040927,3,14,wc******,2026.04.13,NAVY_FREE,배송빠르고 제품 좋아요 배송빠르고 제품 좋아요 배송빠르고 제품 좋아요 배송빠르고 제품 좋아요 배송빠르고 제품 좋아요 배송빠르고 제품 좋아요,5.0,"{""사이즈"": ""작음"", ""색상"": ""비슷함"", ""소재"": ""비슷함""}","[""https://media.wconcept.co.kr/review/306040927/306040927_1776044001574.jpg?RS=300""]"
306040927,틸아이다이,[단 하루!] Stripe soft touch T-shirt_Navy,https://www.wconcept.co.kr/Product/306040927,3,15,as******,2026.04.10,NAVY_FREE,소재좋고 부들부들해요 색상도 예쁩니다,5.0,"{""사이즈"": ""적당함"", ""색상"": ""같음"", ""소재"": ""같음""}","[""https://media.wconcept.co.kr/review/306040927/306040927_1775823980996.jpeg?RS=300"", ""https://media.wconcept.co.kr/review/306040927/306040927_1775823980836.jpeg?RS=300""]"
306040927,틸아이다이,[단 하루!] Stripe soft touch T-shirt_Navy,https://www.wconcept.co.kr/Product/306040927,3,16,do******,2026.04.07,NAVY_FREE,넉넉한 핏에 부드럽고 좋아요.,5.0,"{""사이즈"": ""적당함"", ""색상"": ""같음"", ""소재"": ""같음""}",[]
306040927,틸아이다이,[단 하루!] Stripe soft touch T-shirt_Navy,https://www.wconcept.co.kr/Product/306040927,3,17,on******,2026.04.03,NAVY_FREE,옷 상태 제대로 안보고 텍 제거해버려서 그냥 입겠지만 신나서 받았다가 기분 안좋아졌네요 실밥이 생각보다 잘 보여서 한 5-6번 입은 옷 같아요^^..,5.0,"{""사이즈"": ""적당함"", ""색상"": ""같음"", ""소재"": ""비슷함""}",[]
306040927,틸아이다이,[단 하루!] Stripe soft touch T-shirt_Navy,https://www.wconcept.co.kr/Product/306040927,3,18,jh******,2026.03.31,NAVY_FREE,편하게 입을 수 있어요,5.0,"{""사이즈"": ""적당함"", ""색상"": ""같음"", ""소재"": ""같음""}","[""https://media.wconcept.co.kr/review/306040927/306040927_1774946547086.jpg?RS=300""]"
308513841,잇미샤,[30%쿠폰] [단독][유영PICK][이너포함] 잇미샤 롤 카라 시어 블라우스 ITQ5WBL450,https://www.wconcept.co.kr/Product/308513841,1,1,wc******,2026.09.13,GREY_5(55),"잇미샤 옷은 조금 비싸서 ㅠ 항상 고민하는 편인데 이번에는 받아보고 재질과 옷 디자인 ,느낌이 넘 고급스러워 픽하게 됫어요. 확실히 비싼 만큼 곱스러워요!!",5.0,"{""사이즈"": ""적당함"", ""색상"": ""비슷함"", ""소재"": ""같음""}","[""https://media.wconcept.co.kr/review/308513841/308513841_1789281452950.jpg?RS=300""]"
308513841,잇미샤,[30%쿠폰] [단독][유영PICK][이너포함] 잇미샤 롤 카라 시어 블라우스 ITQ5WBL450,https://www.wconcept.co.kr/Product/308513841,1,2,tw******,2026.09.12,GREY_5(55),역시 잇미샤에서 사면 실패 안 하는 것 같아요 포장도 정성스럽고 배송도 빨랐어요 마감도 좋구요!,5.0,"{""사이즈"": ""적당함"", ""색상"": ""같음"", ""소재"": ""같음""}","[""https://media.wconcept.co.kr/review/308513841/308513841_1789204270777.jpeg?RS=300""]"
308513841,잇미샤,[30%쿠폰] [단독][유영PICK][이너포함] 잇미샤 롤 카라 시어 블라우스 ITQ5WBL450,https://www.wconcept.co.kr/Product/308513841,1,3,ab******,2026.09.10,GREY_5(55),길이감이 조금 짧지민 전체적으로 만족합니다 추천해요,5.0,"{""사이즈"": ""적당함"", ""색상"": ""같음"", ""소재"": ""같음""}","[""https://media.wconcept.co.kr/review/308513841/308513841_1788990953358.jpeg?RS=300""]"
308513841,잇미샤,[30%쿠폰] [단독][유영PICK][이너포함] 잇미샤 롤 카라 시어 블라우스 ITQ5WBL450,https://www.wconcept.co.kr/Product/308513841,1,4,pr******,2026.09.05,GREY_5(55),깔끔하고 이뻐요~~ 기장도 좋고 안에 이너도 잇어서 만족해요,5.0,"{""사이즈"": ""적당함"", ""색상"": ""같음"", ""소재"": ""같음""}",[]
308513841,잇미샤,[30%쿠폰] [단독][유영PICK][이너포함] 잇미샤 롤 카라 시어 블라우스 ITQ5WBL450,https://www.wconcept.co.kr/Product/308513841,1,5,wk******,2026.08.29,GREY_6(66),작년에 같은 제품 구매했는데 올해 다시 구매했어요,5.0,"{""사이즈"": ""적당함"", ""색상"": ""같음"", ""소재"": ""같음""}",[]
308513841,잇미샤,[30%쿠폰] [단독][유영PICK][이너포함] 잇미샤 롤 카라 시어 블라우스 ITQ5WBL450,https://www.wconcept.co.kr/Product/308513841,1,6,dl******,2026.07.21,GREY_6(66),고급지고 소재도 좋고 너무 이뻐요! 다들 어디서 샀는지 물어봅니다ㅎㅎ,5.0,"{""사이즈"": ""적당함"", ""색상"": ""같음"", ""소재"": ""같음""}",[]
308513841,잇미샤,[30%쿠폰] [단독][유영PICK][이너포함] 잇미샤 롤 카라 시어 블라우스 ITQ5WBL450,https://www.wconcept.co.kr/Product/308513841,2,7,eg******,2026.07.04,GREY_6(66),꽉찬66~66반 사이즈인데 살짝 작지만 맞긴맞아요ㅋㅋ 색깔은 화면과 동일하고 신축성 있는 소재는 아닙니다 얇은소재라 여름에도 충분히 입을수 있습니다 흰바지와 매치하니 잘 어울려요 다만 길이가 진짜 짧아서 밑위가 긴바지나 치마랑 코디해야할것같아요( 바지에 어찌어찌 넣긴했는데 제가 키가커서 팔을 위로 조금만 들면 옷이 허리춤에서 빠져나옵니다) 친구결혼식 가려고 샀는데 전반적으론 만족! 살을 3키로만 빼면 딱 예쁠것 같습니다,5.0,"{""사이즈"": ""적당함"", ""색상"": ""같음"", ""소재"": ""같음""}","[""https://media.wconcept.co.kr/review/308513841/308513841_1783158670782.jpg?RS=300"", ""https://media.wconcept.co.kr/review/308513841/308513841_1783158670689.jpg?RS=300""]"
308513841,잇미샤,[30%쿠폰] [단독][유영PICK][이너포함] 잇미샤 롤 카라 시어 블라우스 ITQ5WBL450,https://www.wconcept.co.kr/Product/308513841,2,8,hj******,2026.06.27,GREY_5(55),인기상품이라 믿고 주문했어요 하늘하늘 예쁩니다 리본 모양잡기가 조금 힘들긴하지만 잘 입어보려구요,5.0,"{""사이즈"": ""적당함"", ""색상"": ""비슷함"", ""소재"": ""비슷함""}","[""https://media.wconcept.co.kr/review/308513841/308513841_1782528682437.jpg?RS=300""]"
308513841,잇미샤,[30%쿠폰] [단독][유영PICK][이너포함] 잇미샤 롤 카라 시어 블라우스 ITQ5WBL450,https://www.wconcept.co.kr/Product/308513841,2,9,lo******,2026.06.26,GREY_5(55),여름엔 조금 더울거 같아서 아직 못 입어봤어요 색감예뻐요,5.0,"{""사이즈"": ""적당함"", ""색상"": ""같음"", ""소재"": ""같음""}","[""https://media.wconcept.co.kr/review/308513841/308513841_1782406765090.jpg?RS=300""]"
308513841,잇미샤,[30%쿠폰] [단독][유영PICK][이너포함] 잇미샤 롤 카라 시어 블라우스 ITQ5WBL450,https://www.wconcept.co.kr/Product/308513841,2,10,su******,2026.06.17,GREY_5(55),포인트로 얘만 입기 좋은것같아요 조금 그래도 까칠까칠해서 알러지 피부는 불편할것같습니다,5.0,"{""사이즈"": ""적당함"", ""색상"": ""같음"", ""소재"": ""같음""}",[]
308513841,잇미샤,[30%쿠폰] [단독][유영PICK][이너포함] 잇미샤 롤 카라 시어 블라우스 ITQ5WBL450,https://www.wconcept.co.kr/Product/308513841,2,11,dl******,2026.06.15,GREY_5(55),"진짜 고급지고 넘 예뻐영,,,, 검정이 아닌 오묘한 네이비+그레이라 영롱 그 잡채입니다",5.0,"{""사이즈"": ""적당함"", ""색상"": ""같음"", ""소재"": ""같음""}","[""https://media.wconcept.co.kr/review/308513841/308513841_1781468169426.jpeg?RS=300""]"
308513841,잇미샤,[30%쿠폰] [단독][유영PICK][이너포함] 잇미샤 롤 카라 시어 블라우스 ITQ5WBL450,https://www.wconcept.co.kr/Product/308513841,2,12,wc******,2026.06.03,GREY_6(66),"점잖은 자리에 스커트랑 입어도 좋고, 청바지와 함께 입어도 예뻐요",5.0,"{""사이즈"": ""적당함"", ""색상"": ""같음"", ""소재"": ""같음""}","[""https://media.wconcept.co.kr/review/308513841/308513841_1780469133971.jpg?RS=300""]"
308513841,잇미샤,[30%쿠폰] [단독][유영PICK][이너포함] 잇미샤 롤 카라 시어 블라우스 ITQ5WBL450,https://www.wconcept.co.kr/Product/308513841,3,13,wc******,2026.05.24,GREY_5(55),포토후기입니다 분위기있어요 마음에 들어요 ^^,5.0,"{""사이즈"": ""적당함"", ""색상"": ""같음"", ""소재"": ""같음""}","[""https://media.wconcept.co.kr/review/308513841/308513841_1779595679912.jpg?RS=300""]"
308513841,잇미샤,[30%쿠폰] [단독][유영PICK][이너포함] 잇미샤 롤 카라 시어 블라우스 ITQ5WBL450,https://www.wconcept.co.kr/Product/308513841,3,14,wc******,2026.05.23,GREY_4(44),사진을 좀 못찍었는데 입으면 정말 예쁜 블라우스에요. 뒤에 리본이 포인트가 됩니다. 굉장히 여리여리 여성스러운 느낌 내실 수 있어요.,5.0,"{""사이즈"": ""적당함"", ""색상"": ""같음"", ""소재"": ""같음""}","[""https://media.wconcept.co.kr/review/308513841/308513841_1779524150341.jpeg?RS=300""]"
308513841,잇미샤,[30%쿠폰] [단독][유영PICK][이너포함] 잇미샤 롤 카라 시어 블라우스 ITQ5WBL450,https://www.wconcept.co.kr/Product/308513841,3,15,dr******,2026.05.15,GREY_5(55),예쁘다고 칭찬 많이받았어요 편안하고 부담스럽지 않게 샤랄라합니다,5.0,"{""사이즈"": ""적당함"", ""색상"": ""같음"", ""소재"": ""같음""}",[]
308513841,잇미샤,[30%쿠폰] [단독][유영PICK][이너포함] 잇미샤 롤 카라 시어 블라우스 ITQ5WBL450,https://www.wconcept.co.kr/Product/308513841,3,16,wc******,2026.05.09,GREY_5(55),실내에서는 사진보다 어두운 색으로 보이는데 밖에서보면 좀더 밝게 보일수도 있겠네요. 소재가 몸에 달라붙지 않아서 시원할것같아요.,4.0,"{""사이즈"": ""적당함"", ""색상"": ""비슷함"", ""소재"": ""같음""}","[""https://media.wconcept.co.kr/review/308513841/308513841_1778282816481.jpg?RS=300""]"
308513841,잇미샤,[30%쿠폰] [단독][유영PICK][이너포함] 잇미샤 롤 카라 시어 블라우스 ITQ5WBL450,https://www.wconcept.co.kr/Product/308513841,3,17,kw******,2026.05.01,GREY_5(55),가족 모임에 입으려고 주문했는데~ 빠른 배송에 감사드립니다 포장도ㆍ품칠도 다 좋습니다ㆍ,5.0,"{""사이즈"": ""적당함"", ""색상"": ""같음"", ""소재"": ""같음""}",[]
308513841,잇미샤,[30%쿠폰] [단독][유영PICK][이너포함] 잇미샤 롤 카라 시어 블라우스 ITQ5WBL450,https://www.wconcept.co.kr/Product/308513841,3,18,ft******,2026.04.30,GREY_6(66),너무 마음에 들고 우아해요.. 최고,5.0,"{""사이즈"": ""적당함"", ""색상"": ""같음"", ""소재"": ""비슷함""}",[]
308972873,틸아이다이,[단 하루!] Wool blend tailored jacket [TIFA06JK05]_Black,https://www.wconcept.co.kr/Product/308972873,1,1,wc******,2026.09.11,BLACK_FREE,"전에 틸에서 점퍼 산거 잘입고 있어서 이번에 자켓을 구매해봣는데 역시 디테일 맛집임,, 안쪽 포켓 뭐에요 감동이야ㅠㅜ 날씨두 급 추워져서 지금 사길 너무너무 다행이야요",5.0,"{""사이즈"": ""적당함"", ""색상"": ""같음"", ""소재"": ""같음""}","[""https://media.wconcept.co.kr/review/308972873/308972873_1789112676029.jpeg?RS=300"", ""https://media.wconcept.co.kr/review/308972873/308972873_1789112675886.jpeg?RS=300""]"
306063539,파사드패턴,스티브 백_black,https://www.wconcept.co.kr/Product/306063539,1,1,pk******,2026.09.11,ONE,가볍고 아주 마음에 들어요. 고급스런 느낌도 좋아요.,5.0,"{""사이즈"": ""적당함"", ""색상"": ""같음"", ""착용감"": ""좋음""}",[]
306063539,파사드패턴,스티브 백_black,https://www.wconcept.co.kr/Product/306063539,1,2,he******,2026.09.10,ONE,심플하게 맘에드네요 힙가리개도되고요 외출할때 행복하게,5.0,"{""사이즈"": ""적당함"", ""색상"": ""같음"", ""착용감"": ""좋음""}","[""https://media.wconcept.co.kr/review/306063539/306063539_1789017082396.jpg?RS=300""]"
306063539,파사드패턴,스티브 백_black,https://www.wconcept.co.kr/Product/306063539,1,3,os******,2026.08.31,ONE,너무 좋아요. 큼직하고 가죽 질 좋고. 겨울에는 양손이 가벼워야해서 미리 크로스백 여러개 구매해놔요~,5.0,"{""사이즈"": ""큼"", ""색상"": ""비슷함"", ""착용감"": ""좋음""}","[""https://media.wconcept.co.kr/review/306063539/306063539_1788136955502.jpeg?RS=300""]"
306063539,파사드패턴,스티브 백_black,https://www.wconcept.co.kr/Product/306063539,1,4,09******,2026.08.29,ONE,오래 고민하다가 가을에 여행때 착용하려고 구매했습니다 소재가 너무 좋고 가죽냄새도 안나고 좋습니다 크기도 적당하고 유용하네요 띠조절 구멍은 손톱가위로 구멍에있는 일자표식대로 아주 살짝 똑 자르면 티도 안나고 잘들어갑니다,5.0,"{""사이즈"": ""적당함"", ""색상"": ""같음"", ""착용감"": ""좋음""}","[""https://media.wconcept.co.kr/review/306063539/306063539_1787968209091.jpg?RS=300"", ""https://media.wconcept.co.kr/review/306063539/306063539_1787968208960.jpg?RS=300""]"
306063539,파사드패턴,스티브 백_black,https://www.wconcept.co.kr/Product/306063539,1,5,ki******,2026.08.28,ONE,크지않고 딱 좋아요 부들부들 원했던 핏 나옵니다 끈 길이도 짧지않아요 너무 마음에 듭니다!,5.0,"{""사이즈"": ""적당함"", ""색상"": ""같음"", ""착용감"": ""좋음""}","[""https://media.wconcept.co.kr/review/306063539/306063539_1787883039963.jpg?RS=300""]"
306063539,파사드패턴,스티브 백_black,https://www.wconcept.co.kr/Product/306063539,1,6,lm******,2026.08.27,ONE,체구가 작고 이런 스타일 유행이라 샀어요. 뭔가 어색하지만 크로스백 필요하고 해서 품어요. 가벼운 편이고 크긴한데 많이 넣으면 이쁘지않아서 모양잡을 정도로 넣어야 이쁜거 같아요,5.0,"{""사이즈"": ""큼"", ""색상"": ""같음"", ""착용감"": ""보통""}","[""https://media.wconcept.co.kr/review/306063539/306063539_1787837044195.jpg?RS=300""]"
306063539,파사드패턴,스티브 백_black,https://www.wconcept.co.kr/Product/306063539,2,7,el******,2026.08.25,ONE,휘뚤마뚤템 편하게 잘 멜 수 있을 것 같아요! 좋습니다~,5.0,"{""사이즈"": ""적당함"", ""색상"": ""같음"", ""착용감"": ""좋음""}","[""https://media.wconcept.co.kr/review/306063539/306063539_1787634893177.jpeg?RS=300""]"
306063539,파사드패턴,스티브 백_black,https://www.wconcept.co.kr/Product/306063539,2,8,wc******,2026.08.13,ONE,"가죽이 부드러워서 약간 구겨져서 왔네요. 키가 작아서 가방이 너무 클까 염려됐는데 숄더, 크로스로 맸을 때 자연스러운 주름이 잡히면서 그렇게 커보이지 않네요. 단 짐이 많으면 주름이 없이 본연의 덩치가 살아나면서 커보입니다. 짐이 적어야 예뻐 보이는 가방 같아요. 구멍 끼울 때는 동그라미의 윗 부분 말고 옆 부분부터 밀어넣으면 상대적으로 옆이 윗부분보다 얇기 때문에 잘 들어갑니다. 뒷북 구매 아닌가 했는데 빨리 매고 나가보고 싶을 정도로 맘에 듭니다.",5.0,"{""사이즈"": ""적당함"", ""색상"": ""비슷함"", ""착용감"": ""좋음""}","[""https://media.wconcept.co.kr/review/306063539/306063539_1786605628236.jpg?RS=300""]"
306063539,파사드패턴,스티브 백_black,https://www.wconcept.co.kr/Product/306063539,2,9,an******,2026.08.11,ONE,비슷한 느낌의 가방이 있는데.. 바지 사면서 가방도 사봤어요.. 큰가방 좋아하는데 마음에 들어요,5.0,"{""사이즈"": ""적당함"", ""색상"": ""같음"", ""착용감"": ""좋음""}","[""https://media.wconcept.co.kr/review/306063539/306063539_1786408956354.jpg?RS=300""]"
306063539,파사드패턴,스티브 백_black,https://www.wconcept.co.kr/Product/306063539,2,10,bl******,2026.08.07,ONE,몇해전부터 눈여겨만 보다가 드디어 질러버렸네요 당장 메지도 못할거 왜 질렀을까 싶긴한데 역시 진즉 살걸 싶긴 합니다. 아직은 아껴두고요 날이 좀 선선해지면 메려고 해요~,5.0,"{""사이즈"": ""큼"", ""색상"": ""같음"", ""착용감"": ""좋음""}","[""https://media.wconcept.co.kr/review/306063539/306063539_1786087292721.jpeg?RS=300""]"
306063539,파사드패턴,스티브 백_black,https://www.wconcept.co.kr/Product/306063539,2,11,ha******,2026.08.04,ONE,배송은 빠르게 잘 왔어요~ 가죽이 부드러워서 그런지 구겨진 느낌이 곳곳에 있지만.. 이건 어쩔수 없는 부분이니 감안합니다 사이즈 넉넉하니 좋아요 가방도 아주 가벼워요!,5.0,"{""사이즈"": ""적당함"", ""색상"": ""비슷함"", ""착용감"": ""보통""}","[""https://media.wconcept.co.kr/review/306063539/306063539_1785817946554.jpeg?RS=300""]"
306063539,파사드패턴,스티브 백_black,https://www.wconcept.co.kr/Product/306063539,2,12,co******,2026.07.08,ONE,회사용 가방으로 매일 메고 다니고있습니다!ㅎ,5.0,"{""사이즈"": ""적당함"", ""색상"": ""같음"", ""착용감"": ""좋음""}","[""https://media.wconcept.co.kr/review/306063539/306063539_1783470665462.jpg?RS=300""]"
306063539,파사드패턴,스티브 백_black,https://www.wconcept.co.kr/Product/306063539,3,13,sy******,2026.07.07,ONE,크로스로 편한가방 찾고있었는데 잘 메고 다니고 있습니다 예뻐요~! 근데 끈조절 구멍끼다가 손가락 아파서 혼났습니다.,5.0,"{""사이즈"": ""적당함"", ""색상"": ""같음"", ""착용감"": ""좋음""}","[""https://media.wconcept.co.kr/review/306063539/306063539_1783405141123.jpg?RS=300""]"
306063539,파사드패턴,스티브 백_black,https://www.wconcept.co.kr/Product/306063539,3,14,uc******,2026.06.14,ONE,요즘 교복템입니다. 말해뭐하겠어요. 어깨에 걸치면 묘하게 무게중심이 안정감이 있는것도 신기하네요??? 어디든 잘어울립니다.,5.0,"{""사이즈"": ""적당함"", ""색상"": ""같음"", ""착용감"": ""좋음""}",[]
306063539,파사드패턴,스티브 백_black,https://www.wconcept.co.kr/Product/306063539,3,15,ba******,2026.06.11,ONE,띨아이 사줬는데 디자인 좋고 착용감 너무 좋다고 해요,5.0,"{""사이즈"": ""적당함"", ""색상"": ""같음"", ""착용감"": ""좋음""}","[""https://media.wconcept.co.kr/review/306063539/306063539_1781180266218.jpg?RS=300""]"
306063539,파사드패턴,스티브 백_black,https://www.wconcept.co.kr/Product/306063539,3,16,st******,2026.06.10,ONE,가죽이 부드러워서 좋고 크로스로 착용했을 때 크지않고 적당해요,5.0,"{""사이즈"": ""적당함"", ""색상"": ""같음"", ""착용감"": ""좋음""}","[""https://media.wconcept.co.kr/review/306063539/306063539_1781059927759.jpeg?RS=300""]"
306063539,파사드패턴,스티브 백_black,https://www.wconcept.co.kr/Product/306063539,3,17,eh******,2026.06.04,ONE,여행용으로 구매했는데 너무 좋아요 멋드러집니다,5.0,"{""사이즈"": ""적당함"", ""색상"": ""같음"", ""착용감"": ""좋음""}",[]
306063539,파사드패턴,스티브 백_black,https://www.wconcept.co.kr/Product/306063539,3,18,li******,2026.06.04,ONE,생각보다 큼직하네요 무난하게 잘 들 수 있을 것 같아요,4.0,"{""사이즈"": ""큼"", ""색상"": ""같음"", ""착용감"": ""좋음""}","[""https://media.wconcept.co.kr/review/306063539/306063539_1780553960721.jpg?RS=300""]"
307426359,드로우핏 우먼,[9/13 단 하루!] 커브드 카라 울 트위드 숏 자켓 [2COLORS],https://www.wconcept.co.kr/Product/307426359,1,1,tk******,2026.09.12,BLACK S,너무가볍고 데일리하게 걸쳐입기 좋은...트위드자켓만 입고 보다가 구매해봤는데 무난하면서 촘촘하게 짜여진 소재 심플해요 블랙자켓 핏은 정핏이라 깔끔해요 단추가 특이한데 ...블랙이라 잘입긴할듯...,5.0,"{""사이즈"": ""적당함"", ""색상"": ""같음"", ""소재"": ""같음""}","[""https://media.wconcept.co.kr/review/307426359/307426359_1789222556833.jpg?RS=300""]"
307426359,드로우핏 우먼,[9/13 단 하루!] 커브드 카라 울 트위드 숏 자켓 [2COLORS],https://www.wconcept.co.kr/Product/307426359,1,2,su******,2026.05.10,BLACK S,깔끔하고 청바지 위에 잘 어울려요.,5.0,"{""사이즈"": ""적당함"", ""색상"": ""같음"", ""소재"": ""비슷함""}",[]
307426359,드로우핏 우먼,[9/13 단 하루!] 커브드 카라 울 트위드 숏 자켓 [2COLORS],https://www.wconcept.co.kr/Product/307426359,1,3,mi******,2026.04.12,WHITE S,색상도 깔끔하고 예뻐요! 캐주얼로도 잘 입을 수 있을 것 같아요 ㅎㅎ 만족합니다.,5.0,"{""사이즈"": ""적당함"", ""색상"": ""같음"", ""소재"": ""같음""}","[""https://media.wconcept.co.kr/review/307426359/307426359_1775922231792.jpeg?RS=300""]"
307426359,드로우핏 우먼,[9/13 단 하루!] 커브드 카라 울 트위드 숏 자켓 [2COLORS],https://www.wconcept.co.kr/Product/307426359,1,4,de******,2026.03.21,WHITE S,기대없이 샀는데 괜찮아요.,5.0,"{""사이즈"": ""적당함"", ""색상"": ""같음"", ""소재"": ""같음""}","[""https://media.wconcept.co.kr/review/307426359/307426359_1774064353881.jpg?RS=300""]"
307426359,드로우핏 우먼,[9/13 단 하루!] 커브드 카라 울 트위드 숏 자켓 [2COLORS],https://www.wconcept.co.kr/Product/307426359,1,5,al******,2026.03.15,BLACK S,"넘 맘에들어요. 팔이 길지 않은편이라 잘못사면 팔이 넘 길어서 어벙해보이는데 요건 그렇지 않구, 단추도 전 제맘에 드는 디자인이네요! 포장도 깔끔하고 고급지게.와서 기분좋았어요.",5.0,"{""사이즈"": ""적당함"", ""색상"": ""같음"", ""소재"": ""같음""}","[""https://media.wconcept.co.kr/review/307426359/307426359_1773553754700.jpg?RS=300""]"
307426359,드로우핏 우먼,[9/13 단 하루!] 커브드 카라 울 트위드 숏 자켓 [2COLORS],https://www.wconcept.co.kr/Product/307426359,1,6,wc******,2026.02.14,BLACK M,먼지가 좀 잘붙긴 하는데 옷은 아주 예뻐요,5.0,"{""사이즈"": ""적당함"", ""색상"": ""같음"", ""소재"": ""같음""}","[""https://media.wconcept.co.kr/review/307426359/307426359_1771055094373.jpg?RS=300""]"
307426359,드로우핏 우먼,[9/13 단 하루!] 커브드 카라 울 트위드 숏 자켓 [2COLORS],https://www.wconcept.co.kr/Product/307426359,2,7,yo******,2026.02.02,BLACK M,강추 정말 예뻐요 단추까지도 예뻐요,5.0,"{""사이즈"": ""적당함"", ""색상"": ""같음"", ""소재"": ""같음""}","[""https://media.wconcept.co.kr/review/307426359/307426359_1770028499018.jpg?RS=300""]"
307426359,드로우핏 우먼,[9/13 단 하루!] 커브드 카라 울 트위드 숏 자켓 [2COLORS],https://www.wconcept.co.kr/Product/307426359,2,8,be******,2026.01.10,BLACK M,단추가 포인트 되고 귀엽습니다.,5.0,"{""사이즈"": ""적당함"", ""색상"": ""같음"", ""소재"": ""같음""}","[""https://media.wconcept.co.kr/review/307426359/307426359_1768043470930.jpg?RS=300""]"
307426359,드로우핏 우먼,[9/13 단 하루!] 커브드 카라 울 트위드 숏 자켓 [2COLORS],https://www.wconcept.co.kr/Product/307426359,2,9,tm******,2025.12.19,BLACK M,이뻐요! 고급스럽고 케쥬얼하게도 잘 입을 것 같아요 ㅎㅎ,5.0,"{""사이즈"": ""적당함"", ""색상"": ""같음"", ""소재"": ""같음""}",[]
307426359,드로우핏 우먼,[9/13 단 하루!] 커브드 카라 울 트위드 숏 자켓 [2COLORS],https://www.wconcept.co.kr/Product/307426359,2,10,an******,2025.12.09,BLACK S,연말모임에 입고 갔는데 머플러만 둘러서 밝은 회색 통 진바지와 입었는데 멋스러웠어요^^품이며 기장이며 딱 맞아서 너무 맘에 들어요^^,5.0,"{""사이즈"": ""적당함"", ""색상"": ""같음"", ""소재"": ""같음""}","[""https://media.wconcept.co.kr/review/307426359/307426359_1765261018688.jpg?RS=300""]"
307426359,드로우핏 우먼,[9/13 단 하루!] 커브드 카라 울 트위드 숏 자켓 [2COLORS],https://www.wconcept.co.kr/Product/307426359,2,11,kt******,2025.12.06,BLACK M,팔이 짧은 저에게는 팔기장이 길었지만 단정하게 입고 싶을때 입으면 좋네요,5.0,"{""사이즈"": ""적당함"", ""색상"": ""같음"", ""소재"": ""같음""}","[""https://media.wconcept.co.kr/review/307426359/307426359_1764999347983.jpeg?RS=300""]"
307426359,드로우핏 우먼,[9/13 단 하루!] 커브드 카라 울 트위드 숏 자켓 [2COLORS],https://www.wconcept.co.kr/Product/307426359,2,12,k0******,2025.12.03,BLACK S,"팔이 긴편이고, 원체 타이트한건 싫어해서 사이즈 고민이 많았어요. 입어보고 바로 아니다싶음 m으로 교환하려했거든요? 근데 딱좋아요! 팔도 넉넉하고, 가슴큰사람들은 좀 작을수도있지만 전 넉넉하네요ㅎㅎ 그리고 생각보다 얇긴해요. 보풀이 생긴다는 후기가 뭔지 알거같더라구요! 엄청 오래는 못입을거같지만 자주입을건아니라 만족하는 중입니다",4.0,"{""사이즈"": ""적당함"", ""색상"": ""같음"", ""소재"": ""비슷함""}","[""https://media.wconcept.co.kr/review/307426359/307426359_1764747115224.jpg?RS=300""]"
307426359,드로우핏 우먼,[9/13 단 하루!] 커브드 카라 울 트위드 숏 자켓 [2COLORS],https://www.wconcept.co.kr/Product/307426359,3,13,hi******,2025.12.02,BLACK M,10만원짜리 트위드 자켓은 보풀이 많이 난다는 걸 알려준 옷이에요 옷 자체는 이쁜데 차라리 돈 좀더 보태서 원단 좋은 걸로 사시길.. 이 옷은 보풀이 많이 납니다.,1.0,"{""사이즈"": ""적당함"", ""색상"": ""같음"", ""소재"": ""비슷함""}",[]
307426359,드로우핏 우먼,[9/13 단 하루!] 커브드 카라 울 트위드 숏 자켓 [2COLORS],https://www.wconcept.co.kr/Product/307426359,3,14,ev******,2025.12.01,BLACK S,단추가 포인트 되어서 마음에 들어요 결혼식 갈 때 잘 입었어요,4.0,"{""사이즈"": ""적당함"", ""색상"": ""비슷함"", ""소재"": ""비슷함""}","[""https://media.wconcept.co.kr/review/307426359/307426359_1764571408615.jpg?RS=300""]"
307426359,드로우핏 우먼,[9/13 단 하루!] 커브드 카라 울 트위드 숏 자켓 [2COLORS],https://www.wconcept.co.kr/Product/307426359,3,15,as******,2025.11.29,BLACK S,무난하니 이뻐요 생각보다 짧아서 아쉽지만 무난해요,5.0,"{""사이즈"": ""적당함"", ""색상"": ""비슷함"", ""소재"": ""같음""}","[""https://media.wconcept.co.kr/review/307426359/307426359_1764421423743.jpeg?RS=300""]"
307426359,드로우핏 우먼,[9/13 단 하루!] 커브드 카라 울 트위드 숏 자켓 [2COLORS],https://www.wconcept.co.kr/Product/307426359,3,16,so******,2025.11.29,BLACK S,더스트백에. 이쁘게 잘왔네요 디자인이 귀엽고 이쁘네요,5.0,"{""사이즈"": ""적당함"", ""색상"": ""같음"", ""소재"": ""같음""}","[""https://media.wconcept.co.kr/review/307426359/307426359_1764396735119.jpg?RS=300"", ""https://media.wconcept.co.kr/review/307426359/307426359_1764396734969.jpg?RS=300""]"
307426359,드로우핏 우먼,[9/13 단 하루!] 커브드 카라 울 트위드 숏 자켓 [2COLORS],https://www.wconcept.co.kr/Product/307426359,3,17,bo******,2025.11.24,BLACK M,단추가 좀 마음에안드는데 ㅠ…그기 유일한 단점…. 엇핏은 좋아서 결국 반품안햇어여 근데 진짜 단추..조금 거슬려여 ㅠ,5.0,"{""사이즈"": ""적당함"", ""색상"": ""같음"", ""소재"": ""비슷함""}",[]
307426359,드로우핏 우먼,[9/13 단 하루!] 커브드 카라 울 트위드 숏 자켓 [2COLORS],https://www.wconcept.co.kr/Product/307426359,3,18,wc******,2025.11.22,BLACK S,생각보다 색감도 좋고 편안해서 좋아요 강추합니다,5.0,"{""사이즈"": ""적당함"", ""색상"": ""같음"", ""소재"": ""같음""}",[]
306052544,아디다스,[IY7278] KNITTED TOP,https://www.wconcept.co.kr/Product/306052544,1,1,re******,2026.09.13,XS,xs사이즈 정말 작네요 44사이즈인데 잘못하면 팔 짧을뻔했고 적당히 맞습니다. 75사이즈 정도 되는것 같아요??,5.0,"{""사이즈"": ""작음"", ""색상"": ""같음"", ""소재"": ""비슷함""}","[""https://media.wconcept.co.kr/review/306052544/306052544_1789304325393.jpg?RS=300""]"
306052544,아디다스,[IY7278] KNITTED TOP,https://www.wconcept.co.kr/Product/306052544,1,2,mi******,2026.09.13,S,너무 이뻐요~~ 팔길이 적당하고 너무 짧지도 않아서 좋아요,5.0,"{""사이즈"": ""적당함"", ""색상"": ""같음"", ""소재"": ""같음""}","[""https://media.wconcept.co.kr/review/306052544/306052544_1789292430137.jpg?RS=300""]"
306052544,아디다스,[IY7278] KNITTED TOP,https://www.wconcept.co.kr/Product/306052544,1,3,d9******,2026.09.13,M,M싸이즈 주문 했는데 여유는 없네요 살짝 크롭에 팔길이도 그리 길지 않습니다.,5.0,"{""사이즈"": ""작음"", ""색상"": ""같음"", ""소재"": ""같음""}",[]
306052544,아디다스,[IY7278] KNITTED TOP,https://www.wconcept.co.kr/Product/306052544,1,4,na******,2026.09.13,M,뼈대가 작고 상체가 작은편. 팔도 짧은 편이에요. 평소에 xs이나 s 입는데 작다는 후기가 있어서 m 샀더니 딱입니다.. 팔길이도 적당 어깨도 맞고 총장은 골반까지 옵니다. 적당히 톡톡해서 활용도 높을 듯. S 입는 분들 M 사세요.,5.0,"{""사이즈"": ""작음"", ""색상"": ""같음"", ""소재"": ""같음""}","[""https://media.wconcept.co.kr/review/306052544/306052544_1789280335026.jpeg?RS=300""]"
306052544,아디다스,[IY7278] KNITTED TOP,https://www.wconcept.co.kr/Product/306052544,1,5,kd******,2026.09.12,M,라지사이즈 하고싶었지만..품절이라 엠사이즈했는데 진짜 꽈아악맞고 소매길이가 아쉽습네다...그냥저냥 세트로할겸해서 품을게욤,5.0,"{""사이즈"": ""적당함"", ""색상"": ""비슷함"", ""소재"": ""비슷함""}","[""https://media.wconcept.co.kr/review/306052544/306052544_1789215322356.jpg?RS=300""]"
306052544,아디다스,[IY7278] KNITTED TOP,https://www.wconcept.co.kr/Product/306052544,1,6,sd******,2026.09.12,S,이뻐여 핏되게입을라햇는데 넉넉합니당 ㅎ̣ㅎ̣ ㅎ,5.0,"{""사이즈"": ""적당함"", ""색상"": ""같음"", ""소재"": ""같음""}","[""https://media.wconcept.co.kr/review/306052544/306052544_1789194774400.jpeg?RS=300""]"
306052544,아디다스,[IY7278] KNITTED TOP,https://www.wconcept.co.kr/Product/306052544,2,7,lp******,2026.09.12,M,모델입은게 이뻐서 샀는데 m사이즈 딱 핏되고 좋아요 s했으면..넘 달라붙어서 부담스러웠을거같아요 보통 s입는데 사이즈 작게나온거같네요 핏은 너무이뻐요~ 니트재질이라 고급스러운 느낌도 납니다,5.0,"{""사이즈"": ""적당함"", ""색상"": ""같음"", ""소재"": ""같음""}","[""https://media.wconcept.co.kr/review/306052544/306052544_1789193920500.jpg?RS=300""]"
306052544,아디다스,[IY7278] KNITTED TOP,https://www.wconcept.co.kr/Product/306052544,2,8,ii******,2026.09.09,S,친구 생일선물로 샀는데 친구가 너무 만족해 합니다! 사이즈도 맞고 너무 이쁩니다.,5.0,"{""사이즈"": ""적당함"", ""색상"": ""같음"", ""소재"": ""같음""}",[]
306052544,아디다스,[IY7278] KNITTED TOP,https://www.wconcept.co.kr/Product/306052544,2,9,b3******,2026.09.08,M,엠사이즈로 하길 잘한 것 같네요. 집업까지 하니 너무 멋스럽고 피부에 닿는 부분은 보들보들해요. 스커트랑 셋업으로 착용하니 더 예쁜 것 같네요.,5.0,"{""사이즈"": ""적당함"", ""색상"": ""같음"", ""소재"": ""같음""}","[""https://media.wconcept.co.kr/review/306052544/306052544_1788849861763.jpg?RS=300""]"
306052544,아디다스,[IY7278] KNITTED TOP,https://www.wconcept.co.kr/Product/306052544,2,10,hh******,2026.09.01,M,치마링 같이 입기 좋아요 단독으로 입어도 이뻐요,5.0,"{""사이즈"": ""적당함"", ""색상"": ""같음"", ""소재"": ""같음""}",[]
306052544,아디다스,[IY7278] KNITTED TOP,https://www.wconcept.co.kr/Product/306052544,2,11,pi******,2026.08.28,M,상의가 44 ~55 인데 M사이즈가 적당히 맞네요. 스커트랑 매치 해도 예쁠듯 하고 소재도 너무 두껍지 않아 좋네요,5.0,"{""사이즈"": ""적당함"", ""색상"": ""같음"", ""소재"": ""같음""}",[]
306052544,아디다스,[IY7278] KNITTED TOP,https://www.wconcept.co.kr/Product/306052544,2,12,st******,2026.08.26,L,가벼운 무게와 탄탄한 구조 덕분에 부담 없이 장시간 사용 가능함. 내구성까지 뛰어나 더욱 만족스러움.,5.0,"{""사이즈"": ""적당함"", ""색상"": ""같음"", ""소재"": ""같음""}",[]
306052544,아디다스,[IY7278] KNITTED TOP,https://www.wconcept.co.kr/Product/306052544,3,13,su******,2026.08.26,L,내구성이 뛰어나 오래 사용해도 변형이 거의 없음. 손에 익숙하게 감겨 장시간 사용해도 편안함.,5.0,"{""사이즈"": ""적당함"", ""색상"": ""같음"", ""소재"": ""같음""}",[]
306052544,아디다스,[IY7278] KNITTED TOP,https://www.wconcept.co.kr/Product/306052544,3,14,wc******,2026.08.26,L,오랜 시간 사용해도 처음 느낌 그대로 유지됨. 가벼운 무게 덕분에 장시간 사용해도 부담이 전혀 없음.,5.0,"{""사이즈"": ""적당함"", ""색상"": ""같음"", ""소재"": ""같음""}",[]
306052544,아디다스,[IY7278] KNITTED TOP,https://www.wconcept.co.kr/Product/306052544,3,15,yi******,2026.08.13,M,크롭 스타일이라 m사이즈 구매함. 허릿단 시보리가 안정적으로 잡아줘 비율 좋아보임.,5.0,"{""사이즈"": ""적당함"", ""색상"": ""같음"", ""소재"": ""같음""}","[""https://media.wconcept.co.kr/review/306052544/306052544_1786617854780.jpg?RS=300""]"
306052544,아디다스,[IY7278] KNITTED TOP,https://www.wconcept.co.kr/Product/306052544,3,16,ki******,2026.07.30,L,예전부터 봐왔는데 이제 샀어요 저렴한 가격에 득템! 빨리 날씨가 쌀쌀해져서 입고 싶어요 55사이즈인데 딱 넉넉하게 좋아요,5.0,"{""사이즈"": ""적당함"", ""색상"": ""같음"", ""소재"": ""같음""}","[""https://media.wconcept.co.kr/review/306052544/306052544_1785379970510.jpeg?RS=300""]"
306052544,아디다스,[IY7278] KNITTED TOP,https://www.wconcept.co.kr/Product/306052544,3,17,ha******,2026.04.05,XS,초등딸 위해 구입했어요. xs 사이즈 좋네요!!,5.0,"{""사이즈"": ""적당함"", ""색상"": ""같음"", ""소재"": ""같음""}","[""https://media.wconcept.co.kr/review/306052544/306052544_1775360370316.jpeg?RS=300""]"
306052544,아디다스,[IY7278] KNITTED TOP,https://www.wconcept.co.kr/Product/306052544,3,18,va******,2026.03.17,XS,생각보다 작은 xs이에요 딸에겐 잘 맞고 저는 팔이 조금 짧네요 ㅎ,5.0,"{""사이즈"": ""적당함"", ""색상"": ""같음""}","[""https://media.wconcept.co.kr/review/306052544/306052544_1773736614243.jpeg?RS=300""]"
308873046,프렌치시크,[30%쿠폰] 르베르 핸드버튼 시어 니트_F6H519KN,https://www.wconcept.co.kr/Product/308873046,1,1,no******,2026.09.13,그레이_FREE(55~66),너무나도 마음에 드는데여? 안경 끼고 싶은걸여 프렌치시크 바스트가 있는데 부해보이지않아서 넘 좋네요 굿,5.0,"{""사이즈"": ""적당함"", ""색상"": ""같음"", ""소재"": ""같음""}","[""https://media.wconcept.co.kr/review/308873046/308873046_1789293685030.jpg?RS=300""]"
308873046,프렌치시크,[30%쿠폰] 르베르 핸드버튼 시어 니트_F6H519KN,https://www.wconcept.co.kr/Product/308873046,1,2,ps******,2026.09.13,그레이_FREE(55~66),사진이랑 비슷하고 가볍고 좋은거같아요 나쁘지않음,5.0,"{""사이즈"": ""적당함"", ""색상"": ""같음"", ""소재"": ""비슷함""}",[]
308873046,프렌치시크,[30%쿠폰] 르베르 핸드버튼 시어 니트_F6H519KN,https://www.wconcept.co.kr/Product/308873046,1,3,al******,2026.09.13,그레이_FREE(55~66),색감이 하늘색과 연그레이 사이인데 고급스럽고 예뻐요:),5.0,"{""사이즈"": ""적당함"", ""색상"": ""비슷함"", ""소재"": ""같음""}",[]
308873046,프렌치시크,[30%쿠폰] 르베르 핸드버튼 시어 니트_F6H519KN,https://www.wconcept.co.kr/Product/308873046,1,4,ch******,2026.09.12,아이보리_FREE(55~66),기본템으로 입기 좋을 것 같아용~~ 좋아요~~맘에듭니다~~~,5.0,"{""사이즈"": ""적당함"", ""색상"": ""같음"", ""소재"": ""같음""}","[""https://media.wconcept.co.kr/review/308873046/308873046_1789192244637.jpeg?RS=300""]"
308873046,프렌치시크,[30%쿠폰] 르베르 핸드버튼 시어 니트_F6H519KN,https://www.wconcept.co.kr/Product/308873046,1,5,rj******,2026.09.12,그레이_FREE(55~66),후들후들한 얇은 니트 소재라서 선선한 요즘날씨에 입기 딱 좋고 소매에 버튼이 있어서 포인트 되고 여리여리한 느낌 줄 수 있어요ㅎㅎ,5.0,"{""사이즈"": ""적당함"", ""색상"": ""같음"", ""소재"": ""같음""}","[""https://media.wconcept.co.kr/review/308873046/308873046_1789188488128.jpg?RS=300""]"
308873046,프렌치시크,[30%쿠폰] 르베르 핸드버튼 시어 니트_F6H519KN,https://www.wconcept.co.kr/Product/308873046,1,6,wc******,2026.09.12,레드_FREE(55~66),"팔이 긴편인데도 소매가 길어요. 브이넥이 깊지않고 더운 레드인데 소재가 더운 소재는 아니네요. 전체적인 핏은 타이트하니 스커트, 슬랙스에도 잘 어울려요. 늦기을엔 자켓 안에 입음 좋겠어요.",5.0,"{""사이즈"": ""적당함"", ""색상"": ""같음"", ""소재"": ""같음""}",[]
308873046,프렌치시크,[30%쿠폰] 르베르 핸드버튼 시어 니트_F6H519KN,https://www.wconcept.co.kr/Product/308873046,2,7,wc******,2026.09.11,그레이_FREE(55~66),소재 까스럽지 않고 가볍고 편해요 추워지면 자켓안에 입어도 이쁠것 같아요,4.0,"{""사이즈"": ""적당함"", ""색상"": ""같음"", ""소재"": ""같음""}","[""https://media.wconcept.co.kr/review/308873046/308873046_1789134570504.jpg?RS=300""]"
308873046,프렌치시크,[30%쿠폰] 르베르 핸드버튼 시어 니트_F6H519KN,https://www.wconcept.co.kr/Product/308873046,2,8,bk******,2026.09.11,그레이_FREE(55~66),비침이 있어서 이너 나시 입고 착용해야 해요 ! 팔이 긴 편인데도 이건 소매 기장 엄~청 길어서 좋아요 ㅎㅎ,5.0,"{""사이즈"": ""적당함"", ""색상"": ""같음"", ""소재"": ""같음""}","[""https://media.wconcept.co.kr/review/308873046/308873046_1789131610528.jpeg?RS=300""]"
308873046,프렌치시크,[30%쿠폰] 르베르 핸드버튼 시어 니트_F6H519KN,https://www.wconcept.co.kr/Product/308873046,2,9,dn******,2026.09.11,그레이_FREE(55~66),색상동일하고 몸에 핏하게입을줄알았는데 생각보다 크네요 그리고 팔이진짜길어요 이렇게길줄은ㅋㅋ일할때 거추장스러워서 팔걷으면 길이가 긴많큼 팔주름이 많아서 두꺼워진다고해야할까핏이좀… ㅠㅠ그렇다고 손끝까지덮고있을수도없고 ㅎㅎ그것말곤 소매단추나 옷은예쁩니다! 초가을지금딱입기좋은 얇기에요,4.0,"{""사이즈"": ""큼"", ""색상"": ""같음"", ""소재"": ""같음""}","[""https://media.wconcept.co.kr/review/308873046/308873046_1789122224247.jpeg?RS=300""]"
308873046,프렌치시크,[30%쿠폰] 르베르 핸드버튼 시어 니트_F6H519KN,https://www.wconcept.co.kr/Product/308873046,2,10,gh******,2026.09.11,그레이_FREE(55~66),니트재질이 비침이있어요~ 올이나가기쉬울듯한 느낌인데 색이나 디자인은 맘에들어요~,5.0,"{""사이즈"": ""적당함"", ""색상"": ""같음"", ""소재"": ""같음""}",[]
308873046,프렌치시크,[30%쿠폰] 르베르 핸드버튼 시어 니트_F6H519KN,https://www.wconcept.co.kr/Product/308873046,2,11,wc******,2026.09.11,그레이_FREE(55~66),또 사야지~~~컬러 너무 이쁘고 까슬거림 없음.팔 라인이 길어서 여성스러움~~,5.0,"{""사이즈"": ""적당함"", ""색상"": ""같음"", ""소재"": ""같음""}","[""https://media.wconcept.co.kr/review/308873046/308873046_1789119465821.jpg?RS=300""]"
308873046,프렌치시크,[30%쿠폰] 르베르 핸드버튼 시어 니트_F6H519KN,https://www.wconcept.co.kr/Product/308873046,2,12,wi******,2026.09.11,그레이_FREE(55~66),가격대비 만족스러운 제품입니다!! 소매길이가 길어서 좋아요!,5.0,"{""사이즈"": ""적당함"", ""색상"": ""같음"", ""소재"": ""같음""}","[""https://media.wconcept.co.kr/review/308873046/308873046_1789114381078.jpg?RS=300""]"
308873046,프렌치시크,[30%쿠폰] 르베르 핸드버튼 시어 니트_F6H519KN,https://www.wconcept.co.kr/Product/308873046,3,13,wc******,2026.09.10,그레이_FREE(55~66),더운소재가 아니라 간절기 입기 좋아 보여요 소매통이 여유있어서 .. 좀 애매한 느낌이 있어요,5.0,"{""사이즈"": ""큼"", ""색상"": ""비슷함"", ""소재"": ""비슷함""}","[""https://media.wconcept.co.kr/review/308873046/308873046_1789045640849.jpg?RS=300""]"
308873046,프렌치시크,[30%쿠폰] 르베르 핸드버튼 시어 니트_F6H519KN,https://www.wconcept.co.kr/Product/308873046,3,14,hb******,2026.09.10,그레이_FREE(55~66),이뻐요 블루랑 그레이 중간 느낌의 색이고 여큘한테 찰떡인 색상이네요 요즘같이 애매한 날씨에도 입기 딱입니다 아이보리도 구매예정,5.0,"{""사이즈"": ""적당함"", ""색상"": ""같음"", ""소재"": ""같음""}","[""https://media.wconcept.co.kr/review/308873046/308873046_1789033845717.jpeg?RS=300""]"
308873046,프렌치시크,[30%쿠폰] 르베르 핸드버튼 시어 니트_F6H519KN,https://www.wconcept.co.kr/Product/308873046,3,15,rm******,2026.09.10,그레이_FREE(55~66),예쁘고 부드러워요 잘 입을거같아요 사진과같습니다,5.0,"{""사이즈"": ""적당함"", ""색상"": ""같음"", ""소재"": ""같음""}","[""https://media.wconcept.co.kr/review/308873046/308873046_1789027131285.jpg?RS=300""]"
308873046,프렌치시크,[30%쿠폰] 르베르 핸드버튼 시어 니트_F6H519KN,https://www.wconcept.co.kr/Product/308873046,3,16,ca******,2026.09.10,그레이_FREE(55~66),디자인 자체는 그냥 무난한데 소매하나보고 구매했어요. 그냥 기본디자이인이지만 소매 하나로 분위기가 엄청 여성스럽습니다.,5.0,"{""사이즈"": ""적당함"", ""색상"": ""같음"", ""소재"": ""같음""}","[""https://media.wconcept.co.kr/review/308873046/308873046_1789003110010.jpeg?RS=300"", ""https://media.wconcept.co.kr/review/308873046/308873046_1789003109829.jpeg?RS=300""]"
308873046,프렌치시크,[30%쿠폰] 르베르 핸드버튼 시어 니트_F6H519KN,https://www.wconcept.co.kr/Product/308873046,3,17,10******,2026.09.10,그레이_FREE(55~66),간절기때 입기 좋아요 실물이 더 맘에 들어요 이너로도 관찮을듯,5.0,"{""사이즈"": ""적당함"", ""색상"": ""같음"", ""소재"": ""같음""}",[]
308873046,프렌치시크,[30%쿠폰] 르베르 핸드버튼 시어 니트_F6H519KN,https://www.wconcept.co.kr/Product/308873046,3,18,pu******,2026.09.09,그레이_FREE(55~66),차분한 느낌에 팔이 길어서 더 날씬하고 여성스러워보여요.,5.0,"{""사이즈"": ""적당함"", ""색상"": ""같음"", ""소재"": ""같음""}","[""https://media.wconcept.co.kr/review/308873046/308873046_1788957258973.jpg?RS=300""]"
308920277,하우투러브미,[30%쿠폰] 하엘 보트넥 반팔 니트[snow gray],https://www.wconcept.co.kr/Product/308920277,1,1,kc******,2026.09.13,SNOWGRAY_FREE,실제로 받아보니 생각했던 것보다 더 예쁘고 핏도 마음에 들어요 소재도 부드럽고 착용감이 편해서 자주 손이 갈 것 같아요 만족합니다,5.0,"{""사이즈"": ""적당함"", ""색상"": ""같음"", ""소재"": ""같음""}","[""https://media.wconcept.co.kr/review/308920277/308920277_1789297709732.jpg?RS=300""]"
308920277,하우투러브미,[30%쿠폰] 하엘 보트넥 반팔 니트[snow gray],https://www.wconcept.co.kr/Product/308920277,1,2,ha******,2026.09.13,SNOWGRAY_FREE,포근하고 예뻐요 사이즈가 막 크진 않아서 통통보다 마르면 더 예쁠 것 같아요,5.0,"{""사이즈"": ""적당함"", ""색상"": ""비슷함"", ""소재"": ""비슷함""}","[""https://media.wconcept.co.kr/review/308920277/308920277_1789256841023.jpg?RS=300""]"
308920277,하우투러브미,[30%쿠폰] 하엘 보트넥 반팔 니트[snow gray],https://www.wconcept.co.kr/Product/308920277,1,3,wh******,2026.09.10,SNOWGRAY_FREE,색깔 핏 디자인 다 너무너무 예쁨 꾸안꾸로도 꾸꾸로도 다 활용가능해서 더 좋음 ㅠㅠ 슬략스 청바지 스커트 다 잘어울림 ㅠㅠ,5.0,"{""사이즈"": ""적당함"", ""색상"": ""같음"", ""소재"": ""같음""}","[""https://media.wconcept.co.kr/review/308920277/308920277_1789020292449.jpg?RS=300""]"
308920277,하우투러브미,[30%쿠폰] 하엘 보트넥 반팔 니트[snow gray],https://www.wconcept.co.kr/Product/308920277,1,4,po******,2026.09.08,SNOWGRAY_FREE,너무이뻐요. 기절각입니다 내스타일 ㅋ 깔별구매합니다,5.0,"{""사이즈"": ""적당함"", ""색상"": ""같음"", ""소재"": ""같음""}","[""https://media.wconcept.co.kr/review/308920277/308920277_1788858111830.jpg?RS=300""]"
308920277,하우투러브미,[30%쿠폰] 하엘 보트넥 반팔 니트[snow gray],https://www.wconcept.co.kr/Product/308920277,1,5,se******,2026.09.03,SNOWGRAY_FREE,하 색감이 안 담기네 넘 쿨하지도 웜하지도 않은 포근한 그레이랄까 걍 이뿜 단독으로도 이쁘고 레이어드하면 더 이뿌쟈냐,5.0,"{""사이즈"": ""적당함"", ""색상"": ""같음"", ""소재"": ""같음""}","[""https://media.wconcept.co.kr/review/308920277/308920277_1788433664275.jpeg?RS=300""]"
307378126,슬로우롤리,[20%쿠폰] [10차] Metal emblem half trench coat,https://www.wconcept.co.kr/Product/307378126,1,1,hm******,2026.09.13,Beige_Free,여기 옷 너무 좋아하는 매니아예요 ㅋㅋ 코트 자체가 편해서 더 자주 입게 되는 것 같아요 뭔가 너무 격식있는 것 처럼 보이면 자주 못 입을 텐데 캐주얼하게 입기에도 적당해서 더좋은 것 같아요,5.0,"{""사이즈"": ""적당함"", ""색상"": ""같음"", ""소재"": ""같음""}",[]
307378126,슬로우롤리,[20%쿠폰] [10차] Metal emblem half trench coat,https://www.wconcept.co.kr/Product/307378126,1,2,yi******,2026.09.13,Beige_Free,무나한 베이지 색감에 팔꿈치나 등쪽까지 디자인에 디테일함이 있어 예쁘고 고급스러워요 커다란 주머니에 브랜드 로고 금장도 멋스럽구요 ㅎㅎ 아무튼 캐주얼하게 잘 입습니다,5.0,"{""사이즈"": ""적당함"", ""색상"": ""같음"", ""소재"": ""같음""}",[]
307378126,슬로우롤리,[20%쿠폰] [10차] Metal emblem half trench coat,https://www.wconcept.co.kr/Product/307378126,1,3,la******,2026.09.13,Beige_Free,베이지 컬러로 선택했는데 색감이 차분하고 은은해서 가을에 입기 정말 예쁠 것 같아요 너무 노란 베이지가 아니라 데일리로 부담 없이 활용하기 좋은 컬러라 마음에 들었어요 하프 기장이라 롱 트렌치보다 활동하기 편하고 팬츠나 스커트 어디에 매치해도 비율이 좋아 보이는 느낌이에요,5.0,"{""사이즈"": ""적당함"", ""색상"": ""같음"", ""소재"": ""같음""}",[]
307378126,슬로우롤리,[20%쿠폰] [10차] Metal emblem half trench coat,https://www.wconcept.co.kr/Product/307378126,1,4,ni******,2026.09.11,Beige_Free,베이지라서 무난하게 입을수 있구요 가을에 입기 좋아용!! 잘어울려서 좋네요,5.0,"{""사이즈"": ""적당함"", ""색상"": ""같음"", ""소재"": ""같음""}",[]
307378126,슬로우롤리,[20%쿠폰] [10차] Metal emblem half trench coat,https://www.wconcept.co.kr/Product/307378126,1,5,wc******,2026.09.11,Beige_Free,고민하다가 구매하였는데 너무좋습니다 자컷 너무 이쁘고 고급스럽고 좋습니다 배송도 빠르고 포장도 좋습니다 가격도 부담없이 구매하였습니다 자켓 너무 이쁘고 좋아서 지인들에게도 추천하였습니다 최고입니다~,5.0,"{""사이즈"": ""적당함"", ""색상"": ""같음"", ""소재"": ""같음""}",[]
307378126,슬로우롤리,[20%쿠폰] [10차] Metal emblem half trench coat,https://www.wconcept.co.kr/Product/307378126,1,6,kk******,2026.09.11,Beige_Free,"베이지 컬러가 차분하고 부드러워서 봄가을에 데일리로 입기 좋겠다는 생각에 골랐어요. 하프 기장이라 부담스럽게 무겁지 않고, 전체적인 핏도 깔끔하게 떨어져 편하게 걸치기 좋더라고요. 메탈 엠블럼 디테일이 은근한 포인트가 되어 심플한 옷에 매치해도 밋밋하지 않고 분위기가 살아났습니다. 데님과 함께 입으면 캐주얼하고, 깔끔한 팬츠에 매치하면 조금 더 단정해 보여서 생각보다 활용도가 좋았어요. 색감도 무난해서 여러 코디에 자연스럽게 어울리고 간절기에 자주 손이 갈 것 같은 아우터입니다.",5.0,"{""사이즈"": ""적당함"", ""색상"": ""같음"", ""소재"": ""같음""}",[]
307378126,슬로우롤리,[20%쿠폰] [10차] Metal emblem half trench coat,https://www.wconcept.co.kr/Product/307378126,2,7,wc******,2026.08.31,Beige_Free,지금 입기엔 두꺼워서 10월쯤 입으면될거같아요~ 옷은 너무너무 예뻐요,5.0,"{""사이즈"": ""적당함"", ""색상"": ""같음"", ""소재"": ""같음""}",[]
307378126,슬로우롤리,[20%쿠폰] [10차] Metal emblem half trench coat,https://www.wconcept.co.kr/Product/307378126,2,8,na******,2026.07.03,Beige_Free,여유롭게 툭 걸치는 멋진 옷이예요. 색상도 예쁘구요,5.0,"{""사이즈"": ""큼"", ""색상"": ""같음"", ""소재"": ""같음""}",[]
307378126,슬로우롤리,[20%쿠폰] [10차] Metal emblem half trench coat,https://www.wconcept.co.kr/Product/307378126,2,9,wc******,2026.06.06,Beige_Free,사이즈가 아주 넉넉한 편입니다 봄가을 계절에 편하게 입기 좋아요,5.0,"{""사이즈"": ""큼"", ""색상"": ""같음"", ""소재"": ""같음""}",[]
307378126,슬로우롤리,[20%쿠폰] [10차] Metal emblem half trench coat,https://www.wconcept.co.kr/Product/307378126,2,10,wc******,2026.06.06,Beige_Free,오버핏이여서 사이즈가 크긴하지만 봄 가을에 잘 입어질거같아요,5.0,"{""사이즈"": ""큼"", ""색상"": ""비슷함"", ""소재"": ""비슷함""}","[""https://media.wconcept.co.kr/review/307378126/307378126_1780732638081.jpeg?RS=300""]"
307378126,슬로우롤리,[20%쿠폰] [10차] Metal emblem half trench coat,https://www.wconcept.co.kr/Product/307378126,2,11,gi******,2026.06.04,Beige_Free,옷 좀 그만 사야되는데 이 옷은 안살수가 없었어요. 이런 편안한 옷은 손이 지이이이인짜 잘 가거든요. 예상대로 소재 구김 없이 탄탄해서 좋고 핏 여유로워 좋고 올봄 교복으로 잘 입었습니다.,5.0,"{""사이즈"": ""적당함"", ""색상"": ""같음"", ""소재"": ""같음""}","[""https://media.wconcept.co.kr/review/307378126/307378126_1780575397514.jpg?RS=300""]"
307378126,슬로우롤리,[20%쿠폰] [10차] Metal emblem half trench coat,https://www.wconcept.co.kr/Product/307378126,2,12,wc******,2026.06.01,Beige_Free,트렌치 같고 봄에 잘 입었어용 ㅎㅎ 이쁨니다 ㅎㅎ,5.0,"{""사이즈"": ""큼"", ""색상"": ""같음"", ""소재"": ""같음""}","[""https://media.wconcept.co.kr/review/307378126/307378126_1780307936373.jpg?RS=300""]"
307378126,슬로우롤리,[20%쿠폰] [10차] Metal emblem half trench coat,https://www.wconcept.co.kr/Product/307378126,3,13,su******,2026.05.25,Beige_Free,옷 이쁘네요. 원하던 자켓 잘 입고 다닐께요.~^^,5.0,"{""사이즈"": ""큼"", ""색상"": ""비슷함"", ""소재"": ""비슷함""}",[]
307378126,슬로우롤리,[20%쿠폰] [10차] Metal emblem half trench coat,https://www.wconcept.co.kr/Product/307378126,3,14,jy******,2026.05.20,Beige_Free,트렌치 고유의 깃 뼈대 핏과 밑단 재봉선 유격이 흐트러짐 없이 탄탄해서 정장 스타일이나 캐주얼 룩 양쪽에 다 단정하게 어우러지네요,5.0,"{""사이즈"": ""적당함"", ""색상"": ""같음"", ""소재"": ""같음""}",[]
307378126,슬로우롤리,[20%쿠폰] [10차] Metal emblem half trench coat,https://www.wconcept.co.kr/Product/307378126,3,15,oa******,2026.05.14,Beige_Free,코디하기 편하고 어느옷에나 막 걸쳐도 찰떡으로 잘 어울려요 더워지기전까지 잘 입었습니다,5.0,"{""사이즈"": ""적당함"", ""색상"": ""같음"", ""소재"": ""같음""}","[""https://media.wconcept.co.kr/review/307378126/307378126_1778734725387.jpg?RS=300""]"
307378126,슬로우롤리,[20%쿠폰] [10차] Metal emblem half trench coat,https://www.wconcept.co.kr/Product/307378126,3,16,wc******,2026.05.14,Beige_Free,허리를 확 쪼여야 귀여운 느낌이 살아요! 키 크신 분들보다 아담한 분들이 오히려 더 잘 소화할거 같은 느낌이에요!,5.0,"{""사이즈"": ""적당함"", ""색상"": ""비슷함"", ""소재"": ""같음""}","[""https://media.wconcept.co.kr/review/307378126/307378126_1778687607735.jpeg?RS=300""]"
307378126,슬로우롤리,[20%쿠폰] [10차] Metal emblem half trench coat,https://www.wconcept.co.kr/Product/307378126,3,17,xo******,2026.05.08,Navy_Free,후기도 좋고 요런 느낌의 자켓이 없어서 구매했는데.. 인기 제품은 이유가 있네요~ 소재 탄탄하고 반듯하고 사이즈 넉넉해서 편하게 입기 좋아요~ 요즘같이 일교차 심한 시기에 딱입니다!!,5.0,"{""사이즈"": ""큼"", ""색상"": ""같음"", ""소재"": ""같음""}","[""https://media.wconcept.co.kr/review/307378126/307378126_1778223518257.jpg?RS=300""]"
307378126,슬로우롤리,[20%쿠폰] [10차] Metal emblem half trench coat,https://www.wconcept.co.kr/Product/307378126,3,18,mo******,2026.05.07,Beige_Free,"봄, 가을 환절기에 가볍게 걸치기 좋은, 예쁜 외투인 것 같아요.",5.0,"{""사이즈"": ""적당함"", ""색상"": ""같음"", ""소재"": ""같음""}",[]
308133820,슬로우롤리,[20%쿠폰] [12차][컬러추가] Stripe crop basic shirt_6 Colors,https://www.wconcept.co.kr/Product/308133820,1,1,sm******,2026.09.13,Pink_Free,소재도 좋고 핏도 넘 예뻐염 ㅎㅎㅎ 생각했던 색감 그대로!! 대만족입니당,5.0,"{""사이즈"": ""적당함"", ""색상"": ""같음"", ""소재"": ""같음""}","[""https://media.wconcept.co.kr/review/308133820/308133820_1789301053815.jpeg?RS=300""]"
308133820,슬로우롤리,[20%쿠폰] [12차][컬러추가] Stripe crop basic shirt_6 Colors,https://www.wconcept.co.kr/Product/308133820,1,2,ro******,2026.09.13,Pink_Free,크롭 셔츠를 좋아해서 주문했는데 기장이 너무 짧거나 부담스럽지 않고 적당해서 마음에 들어요 핑크 스트라이프라 여성스러운 느낌도 있으면서 전체적으로 캐주얼해서 데일리로 입기 좋네요 하이웨스트 데님이랑 같이 입어보니 상의가 깔끔하게 떨어져서 다리가 조금 더 길어 보이는 느낌도 들고요 품도 적당히 여유가 있어서 단추를 잠가 셔츠처럼 입어도 답답하지 않고 오픈해서 티셔츠 위에 걸쳐도 예뻐요,5.0,"{""사이즈"": ""적당함"", ""색상"": ""같음"", ""소재"": ""같음""}",[]
308133820,슬로우롤리,[20%쿠폰] [12차][컬러추가] Stripe crop basic shirt_6 Colors,https://www.wconcept.co.kr/Product/308133820,1,3,zz******,2026.09.13,Pink_Free,"핑크 컬러가 들어간 스트라이프라 화면으로 봤을 때보다 실제 색감이 은은하고 예뻐서 마음에 들어요 너무 쨍한 핑크가 아니라 데일리로 입기 부담스럽지 않고, 청바지에만 매치해도 자연스럽게 잘 어울리네요 크롭 기장이라 하이웨스트 팬츠나 스커트랑 입으면 전체적인 비율도 좋아 보이고요 셔츠 하나로 포인트가 생겨서 따로 액세서리를 많이 하지 않아도 코디가 완성되는 느낌이에요",5.0,"{""사이즈"": ""적당함"", ""색상"": ""같음"", ""소재"": ""같음""}",[]
308133820,슬로우롤리,[20%쿠폰] [12차][컬러추가] Stripe crop basic shirt_6 Colors,https://www.wconcept.co.kr/Product/308133820,1,4,yi******,2026.09.13,Pink_Free,크롭 스타일인데 너무 과하게 짧지 않아 좋아요 소재도 좋고 마감도 깔끔해서 저렴해보이거나 하지 않고요 다양한 스타일로 매치해서 입기 좋은 셔츠네요,5.0,"{""사이즈"": ""적당함"", ""색상"": ""같음"", ""소재"": ""같음""}",[]
308133820,슬로우롤리,[20%쿠폰] [12차][컬러추가] Stripe crop basic shirt_6 Colors,https://www.wconcept.co.kr/Product/308133820,1,5,wc******,2026.09.13,Pink_Free,"스트라이프 셔츠를 좋아하는데 핑크 컬러가 화사하면서도 부담스럽지 않아 보여서 선택했어요. 실제로 입어보니 크롭 기장이라 셔츠를 바지 안에 굳이 넣지 않아도 비율이 깔끔해 보이고, 하이웨스트 데님이나 와이드팬츠와 특히 잘 어울리더라고요. 핑크 스트라이프라 얼굴도 한층 밝아 보이는 느낌이고 기본 흰 티나 나시 위에 가볍게 걸쳐도 예뻐서 코디하기 쉬웠어요",5.0,"{""사이즈"": ""적당함"", ""색상"": ""같음"", ""소재"": ""같음""}",[]
308133820,슬로우롤리,[20%쿠폰] [12차][컬러추가] Stripe crop basic shirt_6 Colors,https://www.wconcept.co.kr/Product/308133820,1,6,la******,2026.09.13,Pink_Free,핑크 컬러로 선택했는데 색감이 너무 쨍하지 않고 은은한 핑크라 생각보다 데일리로 활용하기 좋았어요 스트라이프 패턴도 과하지 않아서 포인트는 되면서 깔끔한 느낌이고요 크롭 기장이라 하의와 입었을 때 다리가 길어 보이는 효과가 있어서 마음에 들었어요,5.0,"{""사이즈"": ""적당함"", ""색상"": ""같음"", ""소재"": ""같음""}",[]
308133820,슬로우롤리,[20%쿠폰] [12차][컬러추가] Stripe crop basic shirt_6 Colors,https://www.wconcept.co.kr/Product/308133820,2,7,pa******,2026.09.13,Pink_Free,상큼한 핑크색깔에다가 크롭기장이라 더 귀엽네요 ㅎㅎ 모델처럼 흰바지랑 입었는데 다들 예쁘다고하심~~^^,5.0,"{""사이즈"": ""적당함"", ""색상"": ""같음"", ""소재"": ""같음""}",[]
308133820,슬로우롤리,[20%쿠폰] [12차][컬러추가] Stripe crop basic shirt_6 Colors,https://www.wconcept.co.kr/Product/308133820,2,8,tt******,2026.09.12,Pink_Free,"봄이나 가을에 가볍게 걸쳐 입을 셔츠를 찾다가 스트라이프 디자인과 핑크 컬러가 마음에 들어 구매했습니다. 색상이 너무 튀지 않고 은은해서 화이트 티셔츠나 밝은 컬러 바지와 코디하니 화사하고 예쁘네요. 크롭 기장이라 전체적인 비율도 좋아 보이고 품이 여유 있어서 편하게 입을 수 있습니다. 단추를 잠가 셔츠처럼 입어도 괜찮고 사진처럼 오픈해서 아우터처럼 활용해도 잘 어울립니다. 소매를 자연스럽게 걷어 입으면 캐주얼한 느낌도 나서 데일리로 활용하기 좋고, 색상과 디자인 모두 만족스럽습니다.",5.0,"{""사이즈"": ""적당함"", ""색상"": ""같음"", ""소재"": ""같음""}",[]
308133820,슬로우롤리,[20%쿠폰] [12차][컬러추가] Stripe crop basic shirt_6 Colors,https://www.wconcept.co.kr/Product/308133820,2,9,sm******,2026.09.12,Pink_Free,핑크 컬러가 너무 쨍하지 않고 은은해서 생각보다 부담 없이 입기 좋았어요. 스트라이프 패턴도 과하지 않아서 청바지나 기본 팬츠에 그냥 툭 입어도 잘 어울려서예뻐요~ 화사하게 포인트 주고 싶을 때 편하게 입기 좋은 셔츠라 만족합니다 ^^,5.0,"{""사이즈"": ""적당함"", ""색상"": ""같음"", ""소재"": ""같음""}",[]
308133820,슬로우롤리,[20%쿠폰] [12차][컬러추가] Stripe crop basic shirt_6 Colors,https://www.wconcept.co.kr/Product/308133820,2,10,wc******,2026.09.12,Pink_Free,잔잔한 스트라이프가 들어가 있어서 기본 셔츠보다 포인트가 되어 예쁘네요. 크롭 기장이라 하이웨스트 팬츠나 스커트에 매치하면 비율도 좋아 보여요.,5.0,"{""사이즈"": ""적당함"", ""색상"": ""같음"", ""소재"": ""같음""}",[]
308133820,슬로우롤리,[20%쿠폰] [12차][컬러추가] Stripe crop basic shirt_6 Colors,https://www.wconcept.co.kr/Product/308133820,2,11,wc******,2026.09.11,Pink_Free,"핑크 색상 너무 사랑스러워서 자꾸 눈길이 가요! 크롭 기장이라 다리도 길어 보이고, 스트라이프 무늬가 심심하지 않게 포인트를 살려줘서 데일리룩에 딱이에요. 프리 사이즈지만 신축성도 좋고 적당히 여유 있어서 편안하게 입을 수 있어서 완전 만족중이에요.",5.0,"{""사이즈"": ""적당함"", ""색상"": ""같음"", ""소재"": ""같음""}",[]
308133820,슬로우롤리,[20%쿠폰] [12차][컬러추가] Stripe crop basic shirt_6 Colors,https://www.wconcept.co.kr/Product/308133820,2,12,ys******,2026.09.11,Pink_Free,"핑크색이라 처음에는 코디하기 어렵지 않을까 생각했는데 막상 입어보니 의외로 여기저기 잘 어울려서 만족스러웠어요. 색감이 쨍한 핑크가 아니라 은은한 느낌이고 스트라이프 패턴까지 있어서 전체적으로 깔끔하고 산뜻해 보여요. 크롭 기장이라 하이웨스트 데님이랑 같이 입었을 때 특히 예뻤고, 다리가 조금 더 길어 보이는 느낌도 있어서 마음에 들었어요. 셔츠 자체가 너무 격식 있는 느낌은 아니라 편하게 입을 수 있으면서도 티셔츠만 입었을 때보다는 확실히 신경 쓴 느낌이 나더라고요. 소개팅이나 데이트처럼 단정하면서도 너무무 딱딱하게 보이고 싶지 않은 자리에도 괜찮을 것 같아요. 스커트랑 매치하면 조금 더 여성스럽게 입을 수 있고 팬츠랑 입으면 캐주얼하게 연출할 수 있어서 활용도도 좋은 편이에요. 봄여름에 화사하게 입기 좋은 셔츠라 자주 손이 갈 것 같아요.",5.0,"{""사이즈"": ""적당함"", ""색상"": ""같음"", ""소재"": ""같음""}",[]
308133820,슬로우롤리,[20%쿠폰] [12차][컬러추가] Stripe crop basic shirt_6 Colors,https://www.wconcept.co.kr/Product/308133820,3,13,in******,2026.09.11,Pink_Free,부담스럽지 않은 예쁜 크롭 기장이라 아무렇게나 입어도 다리가 정말 길어 보여요ㅎㅎ색감도 화면이랑 똑같이 화사해서 넘 맘에 들어요,5.0,"{""사이즈"": ""적당함"", ""색상"": ""같음"", ""소재"": ""같음""}",[]
308133820,슬로우롤리,[20%쿠폰] [12차][컬러추가] Stripe crop basic shirt_6 Colors,https://www.wconcept.co.kr/Product/308133820,3,14,ye******,2026.09.11,Pink_Free,핑크 컬러가 생각보다 은은해서 데일리로 입기 부담 없었습니다. 기본 핏이라 그런지 어떤 하의랑 매치해도 무난하게 잘 어울렸어요.,5.0,"{""사이즈"": ""적당함"", ""색상"": ""같음"", ""소재"": ""같음""}",[]
308133820,슬로우롤리,[20%쿠폰] [12차][컬러추가] Stripe crop basic shirt_6 Colors,https://www.wconcept.co.kr/Product/308133820,3,15,12******,2026.09.11,Pink_Free,디자인이쁘고 편하고 딱좋아요 좀더 일찍사서 많이 입을걸 그정도로 편안하네요 꾸안꾸,5.0,"{""사이즈"": ""적당함"", ""색상"": ""같음"", ""소재"": ""같음""}",[]
308133820,슬로우롤리,[20%쿠폰] [12차][컬러추가] Stripe crop basic shirt_6 Colors,https://www.wconcept.co.kr/Product/308133820,3,16,ni******,2026.09.11,Pink_Free,크롭이라 입으면 핏이 마음에들어용!! 남편도 옷 이쁘다구 칭찬해줬어요!!!,5.0,"{""사이즈"": ""적당함"", ""색상"": ""같음"", ""소재"": ""같음""}",[]
308133820,슬로우롤리,[20%쿠폰] [12차][컬러추가] Stripe crop basic shirt_6 Colors,https://www.wconcept.co.kr/Product/308133820,3,17,pa******,2026.09.10,Pink_Free,핑크라 화사해보여요 늘 무채색만 입다가~ 패턴에 핑크까지 러블리한스푼~ 마감도 괜찮고 품이랑 기장도 맘에 들어요 다들 화사해보인다고~ 단정하게 입기도 좋고 캐쥬얼하게 입기도 굿~ 활용도 좋네요!,5.0,"{""사이즈"": ""적당함"", ""색상"": ""같음"", ""소재"": ""같음""}",[]
308133820,슬로우롤리,[20%쿠폰] [12차][컬러추가] Stripe crop basic shirt_6 Colors,https://www.wconcept.co.kr/Product/308133820,3,18,1_******,2026.09.10,Pink_Free,핑크 바탕에 스트라이프가 들어가 있어서 은근 포인트 되고 색감도 예뻐요~~ 크롭 기장이라 하이웨스트 청바지랑 입었더니 다리도 길어 보이는 느낌 ㅎㅎ 셔츠 하나만 입어도 밋밋하지 않아서 요즘 자주 손이 가네요 :),5.0,"{""사이즈"": ""적당함"", ""색상"": ""같음"", ""소재"": ""같음""}",[]
308846859,오브에르,[30%쿠폰] 오버레이 셔츠 블라우스_2color,https://www.wconcept.co.kr/Product/308846859,1,1,th******,2026.09.06,"FREE, Charcoal",배송이 무척 빠르고 상품도 가성비 좋아요 ㅎㅎ 재구매 예정입니다,4.0,"{""사이즈"": ""적당함"", ""색상"": ""같음"", ""소재"": ""같음""}",[]
308846859,오브에르,[30%쿠폰] 오버레이 셔츠 블라우스_2color,https://www.wconcept.co.kr/Product/308846859,1,2,wk******,2026.09.02,"FREE, Charcoal",깔끔하게 출근룩으로 좋아요 만족합니다 ㅏㅓㅏ,5.0,"{""사이즈"": ""적당함"", ""색상"": ""같음"", ""소재"": ""같음""}",[]
308846859,오브에르,[30%쿠폰] 오버레이 셔츠 블라우스_2color,https://www.wconcept.co.kr/Product/308846859,1,3,an******,2026.08.30,"FREE, Charcoal","블라우스가 우아해요~ 여성스러우면서도 디자인이 흔하지 않아서 뭔가 특별해 보이는 느낌이에요 연출하는 방법도 다양해서 활용도가 높을 것 같고 소재나 컬러, 마감까지 다 마음에 들어요 사진과 그대로예요 잘 입을게요",5.0,"{""사이즈"": ""적당함"", ""색상"": ""같음"", ""소재"": ""같음""}","[""https://media.wconcept.co.kr/review/308846859/308846859_1788077373097.jpeg?RS=300""]"
308951017,그레이데시온,[한정특가] [령은 PICK] Asymmetric Overlap Drawstring Shirts WINE,https://www.wconcept.co.kr/Product/308951017,1,1,wc******,2026.09.12,WINE(WN)_00F,생각보다는 블라우스보단 셔츠재질이에요! 저렇게 생긴게 아니고 단추를 하나 푸르는 거였네요 ㅎㅎㅎ 끈도 있어서 넣입 빼입 둘다 잘 입을 것 같아요,5.0,"{""사이즈"": ""적당함"", ""색상"": ""같음"", ""소재"": ""같음""}",[]
308951017,그레이데시온,[한정특가] [령은 PICK] Asymmetric Overlap Drawstring Shirts WINE,https://www.wconcept.co.kr/Product/308951017,1,2,wc******,2026.09.11,WINE(WN)_00F,톤다운된 와인칼라라서 부담스럽지않고 고급스러운 색이예요 사진이 브라운처럼 보이는데 실제는 와인칼라 맞아요^^; 블라우스가 윤기나면서 고급스럽고 카라가 있는 셔츠라서 깔끔하게 보여요 클래식하지만 사진처럼 비대칭으로 겹쳐지게 보이면 세련되보이구요 허리에 끈을 두르면 셔츠기장이 있어서 바지와도 잘 어울려서 한가지 옷으로 다양한스타일로 입을수 있어서 여러벌을 사입은 느낌이 들어요ㅎㅎ,5.0,"{""사이즈"": ""적당함"", ""색상"": ""같음"", ""소재"": ""같음""}","[""https://media.wconcept.co.kr/review/308951017/308951017_1789093416167.jpg?RS=300"", ""https://media.wconcept.co.kr/review/308951017/308951017_1789093416092.jpg?RS=300"", ""https://media.wconcept.co.kr/review/308951017/308951017_1789093415973.jpg?RS=300""]"
308870153,헌치,[20%쿠폰] [보라프롬PICK][단독]Band Neck Suede Blouson (2color),https://www.wconcept.co.kr/Product/308870153,1,1,wc******,2026.09.13,BROWN_55(free),"날씨가 춥고 덥고, 변화가 많은 날씨에 편하게 입을 수 있는 아우터로 디자인도 예쁘고 정말 편하게 입을 수 있어서 아주 잘 입고 있어요 ! 어떤 스타일이든 잘 어울려서 활용도도 높고 거기다가 너무 예뻐서 마음에 들어요 ~",5.0,"{""사이즈"": ""적당함"", ""색상"": ""같음"", ""소재"": ""같음""}",[]
308870153,헌치,[20%쿠폰] [보라프롬PICK][단독]Band Neck Suede Blouson (2color),https://www.wconcept.co.kr/Product/308870153,1,2,ki******,2026.09.12,CHARCOAL GRAY_55(free),스웨이드자켓 사고싶었는데 재질 좋고 진짜고급져요 핏도 너무예쁘고 몸에 착 감기는 느낌이 좋더라고요 바지 치마다잘어울리고 두께도 적당해서 가을 내내 잘입을거 같고 관리잘해서 오래입을꺼예요 진짜예쁨!,5.0,"{""사이즈"": ""적당함"", ""색상"": ""같음"", ""소재"": ""같음""}",[]
308870153,헌치,[20%쿠폰] [보라프롬PICK][단독]Band Neck Suede Blouson (2color),https://www.wconcept.co.kr/Product/308870153,1,3,dl******,2026.09.11,BROWN_55(free),날씨가 급 쌀쌀해져서 하루빨리 자켓사길 잘했다 싶어요~ 마땅한게 없어서 사보았는데 모델핏이랑 흡사하니 이쁘네요. 뭐랑 코디해도 무난하게 잘 어울려서 만족스러워요.,5.0,"{""사이즈"": ""적당함"", ""색상"": ""같음"", ""소재"": ""같음""}",[]
308870153,헌치,[20%쿠폰] [보라프롬PICK][단독]Band Neck Suede Blouson (2color),https://www.wconcept.co.kr/Product/308870153,1,4,tl******,2026.09.11,CHARCOAL GRAY_55(free),스웨이드 느낌이라 일반 바람막이보다 분위기 있고 카라가 올라오는 디자인이라 목 쪽도 예쁘게 잡혀요. 청바지에 입어도 괜찮고 이뻐용,5.0,"{""사이즈"": ""적당함"", ""색상"": ""같음"", ""소재"": ""같음""}",[]
308870153,헌치,[20%쿠폰] [보라프롬PICK][단독]Band Neck Suede Blouson (2color),https://www.wconcept.co.kr/Product/308870153,1,5,wp******,2026.09.06,CHARCOAL GRAY_55(free),"차콜 스웨이드 자켓이라니 !! 궁금해서 바로 사봤는데 🤍 사진보다 실물이 훨 예쁘고 고급스러워요! 리뷰 잘 안쓰는데 넘 만족해서 찍어봤어요 스웨이드 자켓인데 가볍고 겉면이 엄청 부드러워요! 빨리 따뜻해져서 입고 나가고 싶네요,,🍂🍂🍂",5.0,"{""사이즈"": ""적당함"", ""색상"": ""같음"", ""소재"": ""같음""}","[""https://media.wconcept.co.kr/review/308945321/308945321_1788703854828.jpeg?RS=300"", ""https://media.wconcept.co.kr/review/308945321/308945321_1788703854708.jpeg?RS=300"", ""https://media.wconcept.co.kr/review/308945321/308945321_1788703438059.jpeg?RS=300""]"
308870153,헌치,[20%쿠폰] [보라프롬PICK][단독]Band Neck Suede Blouson (2color),https://www.wconcept.co.kr/Product/308870153,1,6,ea******,2026.09.06,BROWN_55(free),브라운 컬러가 부드러운 초콜렛 색이랄까요! 스웨이드 소재와 만나서 더 부드럽게 예쁜 느낌의 브라운이에요. 여유있는 핏이면서도 밑단의 밴딩으로 잡아줘서 너무 오버핏 하지 않아 좋아요! 두께감이 은근 있어서 가을에 이너는 얇은것만 입어도 가을 찬 바람 다 막을것 같아요! 가을 데일리 아우터로 딱인 것 같아 넘 잘샀어용! 그레이랑 고민 많이했는데 그레이도 자꾸 아른거려서 하나 더 구매할까봐요..♥︎,5.0,"{""사이즈"": ""적당함"", ""색상"": ""같음"", ""소재"": ""같음""}","[""https://media.wconcept.co.kr/review/308945321/308945321_1788690268890.jpeg?RS=300"", ""https://media.wconcept.co.kr/review/308945321/308945321_1788690268797.jpeg?RS=300"", ""https://media.wconcept.co.kr/review/308945321/308945321_1788690268698.jpeg?RS=300""]"
308870153,헌치,[20%쿠폰] [보라프롬PICK][단독]Band Neck Suede Blouson (2color),https://www.wconcept.co.kr/Product/308870153,2,7,bo******,2026.09.05,BROWN_55(free),"색감, 핏, 소재까지 완벽해요! 고급스러운 스웨이드 재질에 부드러운 브라운 컬러라 입었을 때 진짜 예쁩니다. 품이 너무 크거나 작지 않고 적당히 여유 있어요! 너무 무겁지도 않고 가볍게 툭 걸치기 좋아서 본격 가을되면 손이 많이 갈 것 같아요. 데일리로 입기 너무 좋은 아우터입니다 대만족이에요! ✨",5.0,"{""사이즈"": ""적당함"", ""색상"": ""같음"", ""소재"": ""같음""}","[""https://media.wconcept.co.kr/review/308945321/308945321_1788534103099.jpeg?RS=300"", ""https://media.wconcept.co.kr/review/308945321/308945321_1788534103063.jpeg?RS=300"", ""https://media.wconcept.co.kr/review/308945321/308945321_1788534102985.jpeg?RS=300""]"
308870153,헌치,[20%쿠폰] [보라프롬PICK][단독]Band Neck Suede Blouson (2color),https://www.wconcept.co.kr/Product/308870153,2,8,sk******,2026.09.04,CHARCOAL GRAY_55(free),이 컬러감 뭐죠?! 블랙 아우터가 안어울리는 사람인데 이 자켓 색감이 오묘한 그레이라 너무 이뻐요!! 💦하이넥으로 입어도 카라를 펼쳐서 입어도 다 이쁜 핏이고 소재도 부들부들 너무 편안합니다! 그리구 안감에 누빔이 있어서 초겨울까지 완전 가능할 것 같아요! 교복 아우터 탄생 ..💛,5.0,"{""사이즈"": ""적당함"", ""색상"": ""같음"", ""소재"": ""같음""}","[""https://media.wconcept.co.kr/review/308945321/308945321_1788526044880.jpeg?RS=300"", ""https://media.wconcept.co.kr/review/308945321/308945321_1788526044819.jpeg?RS=300"", ""https://media.wconcept.co.kr/review/308945321/308945321_1788526044693.jpeg?RS=300""]"
308870153,헌치,[20%쿠폰] [보라프롬PICK][단독]Band Neck Suede Blouson (2color),https://www.wconcept.co.kr/Product/308870153,2,9,ll******,2026.09.03,CHARCOAL GRAY_55(free),가을맞이 자켓이 필요해서 구매하게 됬습니다. 받아봤을때 소재가 너무 좋았어요. 👍🏽 컬러도 오묘한 다크 그레이인데 어떤 옷에도 어울릴거 같아서 활용도가 좋아보입니다. 안에는 약간 누빔처럼 되어있어 초겨울 전까지 입을수 있을거 같아요! 전 키가 작아 약간 오버핏 느낌으로 넉넉하게 코디하기 좋을거 같아요 😆,5.0,"{""사이즈"": ""큼"", ""색상"": ""비슷함"", ""소재"": ""같음""}","[""https://media.wconcept.co.kr/review/308945321/308945321_1788407962410.jpeg?RS=300"", ""https://media.wconcept.co.kr/review/308945321/308945321_1788407962353.jpeg?RS=300"", ""https://media.wconcept.co.kr/review/308945321/308945321_1788407962178.jpeg?RS=300""]"
308870153,헌치,[20%쿠폰] [보라프롬PICK][단독]Band Neck Suede Blouson (2color),https://www.wconcept.co.kr/Product/308870153,2,10,ji******,2026.08.31,BROWN_55(free),"브라운 컬러가 너무 진하지도 밝지도 않아서 가을에 입기 딱 좋은 원하던 색감이에요🤎 스웨이드 원단도 부드럽고 은은한 질감 덕분에 심플한 디자인인데도 전체적인 분위기가 고급스럽고 빈티지한 느낌이 납니당 살짝 여유있는 핏이고 지퍼 열어 입으면 캐주얼하고, 잠그면 깔끔한 느낌이라 활용도도 기대됩니닷 맘에 쏙 들어요 ㅎㅎ",5.0,"{""사이즈"": ""적당함"", ""색상"": ""같음"", ""소재"": ""같음""}","[""https://media.wconcept.co.kr/review/308945321/308945321_1788179474107.jpeg?RS=300"", ""https://media.wconcept.co.kr/review/308945321/308945321_1788179474071.jpeg?RS=300"", ""https://media.wconcept.co.kr/review/308945321/308945321_1788179473910.jpeg?RS=300""]"
307539461,아티카,Duo Glam Up Earring.ebs004,https://www.wconcept.co.kr/Product/307539461,1,1,ei******,2026.09.12,실버,쿨톤이라 실버악세서리만 주로 차다가 오랜만에 골드톤 섞인거 찼는데 예쁘네요^^ 날 쌀쌀해지니까 이런무드도 끌려요 . 가성비 좋게 예쁘네요. 잘쓸게요,5.0,{},"[""https://media.wconcept.co.kr/review/307539461/307539461_1789218640661.jpeg?RS=300""]"
307539461,아티카,Duo Glam Up Earring.ebs004,https://www.wconcept.co.kr/Product/307539461,1,2,ji******,2026.09.12,실버,무난해요~~ ㅎㅎ 평소에 잘하고다닐듯요 고급스럽진않지만 크기도적당히 존재감있고 어디든잘어울릴거같아요,4.0,{},"[""https://media.wconcept.co.kr/review/307539461/307539461_1789213235583.jpg?RS=300""]"
307539461,아티카,Duo Glam Up Earring.ebs004,https://www.wconcept.co.kr/Product/307539461,1,3,he******,2026.09.12,실버,처음엔 생각보다 약간 작은 사이즈에 으잉?했어요. 그런데 착용하니 존재감이 작지않더라구요. 은근한 독특함?세련됨? 골드악세서리가 안어울려서 늘 실버만 고집하는데 골드실버 매치라서 부담없이 예쁘고 좋습니다^^,5.0,{},"[""https://media.wconcept.co.kr/review/307539461/307539461_1789192270961.jpg?RS=300""]"
307539461,아티카,Duo Glam Up Earring.ebs004,https://www.wconcept.co.kr/Product/307539461,1,4,wc******,2026.09.11,실버,구매하고 나니 가격바로내려가서 ㅠㅠ 그래도 데일리로 착용하기 좋아요,4.0,{},[]
307539461,아티카,Duo Glam Up Earring.ebs004,https://www.wconcept.co.kr/Product/307539461,1,5,ok******,2026.09.11,실버,선물하려고 구매했어요 숏컷헤어라 귀걸이가 눈에 잘 띄고 어울리네요,5.0,{},"[""https://media.wconcept.co.kr/review/307539461/307539461_1789101682144.jpg?RS=300""]"
307539461,아티카,Duo Glam Up Earring.ebs004,https://www.wconcept.co.kr/Product/307539461,1,6,go******,2026.09.10,실버,이뻐요 친구한테도 선물해주고 싶네요 잘하고 다녀야겠어요,5.0,{},[]
307539461,아티카,Duo Glam Up Earring.ebs004,https://www.wconcept.co.kr/Product/307539461,2,7,wc******,2026.09.10,실버,시크하니 골드실버 둘다있어서 포시즌 착용할수있을거같아요. 이뻐요.,5.0,{},"[""https://media.wconcept.co.kr/review/307539461/307539461_1789013352226.jpg?RS=300""]"
307539461,아티카,Duo Glam Up Earring.ebs004,https://www.wconcept.co.kr/Product/307539461,2,8,wc******,2026.09.09,실버,콤비로 되어있는 귀걸이 찾다가 발견했습니다~! 가격도 괜찮고 예뻐요,5.0,{},"[""https://media.wconcept.co.kr/review/307539461/307539461_1788934918392.jpg?RS=300""]"
307539461,아티카,Duo Glam Up Earring.ebs004,https://www.wconcept.co.kr/Product/307539461,2,9,kw******,2026.09.09,실버,골드가 안 어울려서 항상 실버만 하다가 지겨워서 구매해봤는데 섞여있어서 예쁘고 볼드해서 존재감있어요 끼우는 부분도 헐겁지않아서 좋아요,5.0,{},"[""https://media.wconcept.co.kr/review/307539461/307539461_1788912150626.jpeg?RS=300""]"
307539461,아티카,Duo Glam Up Earring.ebs004,https://www.wconcept.co.kr/Product/307539461,2,10,wc******,2026.09.09,실버,이거 꼭 사세요~ 우연히 봤는데 디자인이 독특하고이뻐서 구매해봤어요 배송도 엄청빨라요 할인받아 2만원대로 샀는데 퀄리티 뭐죠? 절대 이 가격으로 안보여요 적당히 볼드하고 과하지않게 우아하네요~ 데일리로 잘 껴질것같아요~ 어느옷에나 잘어울릴것같아 대만족입니다 이쁜거 많이 만들어주세요~,5.0,{},"[""https://media.wconcept.co.kr/review/307539461/307539461_1788879663208.jpg?RS=300"", ""https://media.wconcept.co.kr/review/307539461/307539461_1788879663102.jpg?RS=300""]"
307539461,아티카,Duo Glam Up Earring.ebs004,https://www.wconcept.co.kr/Product/307539461,2,11,go******,2026.09.08,실버,생각보다 무게감있고 여기저기 편하게 할 수있는 디자인 같아요ㅋㅋ,5.0,{},"[""https://media.wconcept.co.kr/review/307539461/307539461_1788871612939.jpg?RS=300""]"
307539461,아티카,Duo Glam Up Earring.ebs004,https://www.wconcept.co.kr/Product/307539461,2,12,mn******,2026.09.07,실버,깔끔 하면서도 적당히 볼드해서 포인트 되고 너무 좋아요!,5.0,{},"[""https://media.wconcept.co.kr/review/307539461/307539461_1788787708572.jpg?RS=300""]"
307539461,아티카,Duo Glam Up Earring.ebs004,https://www.wconcept.co.kr/Product/307539461,3,13,wc******,2026.09.07,실버,볼드한 느낌. 무난하게 잘 착용할께요 가성비 좋아요,5.0,{},[]
307539461,아티카,Duo Glam Up Earring.ebs004,https://www.wconcept.co.kr/Product/307539461,3,14,wc******,2026.09.07,실버,"골드,실버 콤비로 실물이 훨씬 고급스러워 보여요.",5.0,{},"[""https://media.wconcept.co.kr/review/307539461/307539461_1788763573718.jpg?RS=300""]"
307539461,아티카,Duo Glam Up Earring.ebs004,https://www.wconcept.co.kr/Product/307539461,3,15,sk******,2026.09.07,실버,고급스럽고 포인트주기 좋아요! 쿨톤 웜톤 상관없이 다 어울릴 것 같아요!,5.0,{},[]
307539461,아티카,Duo Glam Up Earring.ebs004,https://www.wconcept.co.kr/Product/307539461,3,16,pi******,2026.09.04,실버,잠금장치 견고하고 마감도 깔끔하고 고급스러워요.,5.0,{},[]
307539461,아티카,Duo Glam Up Earring.ebs004,https://www.wconcept.co.kr/Product/307539461,3,17,wc******,2026.09.02,실버,찜해놓고 고민만 하다가 후기가 좋아서 구매 진작에 살걸 크기 적당하고 이뻐요 변색이 빨리 안되길,5.0,{},"[""https://media.wconcept.co.kr/review/307539461/307539461_1788320174652.jpg?RS=300""]"
307539461,아티카,Duo Glam Up Earring.ebs004,https://www.wconcept.co.kr/Product/307539461,3,18,ev******,2026.09.01,실버,약간 나이들어보일수있어요 그래도 이뻐요 추천합니다,5.0,{},[]
306965978,노노어,오버 듀 립펜슬 1.4g,https://www.wconcept.co.kr/Product/306965978,1,1,yo******,2026.09.13,008호_타프타 피치 더스트,지속력이 오래 간다는 리뷰보고 믿고 구매했습니다. 빠른 배송 감사합니다,5.0,"{""발색력"": ""좋음"", ""발림성"": ""좋음"", ""지속력"": ""보통""}","[""https://media.wconcept.co.kr/review/306965978/306965978_1789295795617.jpg?RS=300""]"
306965978,노노어,오버 듀 립펜슬 1.4g,https://www.wconcept.co.kr/Product/306965978,1,2,wc******,2026.09.09,002호_스웨이드 로지브라운,색상 웜톤에게 잘받습니다 너무 부담스럽지않은 느낌의 오버립 연출 가능,5.0,"{""발색력"": ""좋음"", ""발림성"": ""좋음"", ""지속력"": ""좋음""}","[""https://media.wconcept.co.kr/review/306965978/306965978_1788914604166.jpg?RS=300""]"
306965978,노노어,오버 듀 립펜슬 1.4g,https://www.wconcept.co.kr/Product/306965978,1,3,mr******,2026.09.08,008호_타프타 피치 더스트,오래 고민하다가 샀는데 색 너무 이뻐요 잘 샀어요,5.0,"{""발색력"": ""좋음"", ""발림성"": ""좋음"", ""지속력"": ""좋음""}","[""https://media.wconcept.co.kr/review/306965978/306965978_1788849704248.jpeg?RS=300""]"
306965978,노노어,오버 듀 립펜슬 1.4g,https://www.wconcept.co.kr/Product/306965978,1,4,su******,2026.09.08,010호_튤 로지 더스트,첨엔 좀 웜한가 했는데 입술색이랑 똑같아요 바르고나서 블렌딩이 쉬운 제형은 아니네요 제가 사본거중에 입술색이랑 젤 비슷해서 잘 쓸 듯 합니다,5.0,"{""발색력"": ""좋음"", ""발림성"": ""보통"", ""지속력"": ""좋음""}","[""https://media.wconcept.co.kr/review/306965978/306965978_1788845179583.jpeg?RS=300""]"
306965978,노노어,오버 듀 립펜슬 1.4g,https://www.wconcept.co.kr/Product/306965978,1,5,05******,2026.09.08,008호_타프타 피치 더스트,배송빠르게잘받았어요! ! 발림.색상 모두만족해요,5.0,"{""발색력"": ""좋음"", ""발림성"": ""좋음"", ""지속력"": ""좋음""}","[""https://media.wconcept.co.kr/review/306965978/306965978_1788835592616.jpeg?RS=300""]"
306965978,노노어,오버 듀 립펜슬 1.4g,https://www.wconcept.co.kr/Product/306965978,1,6,wc******,2026.09.08,008호_타프타 피치 더스트,누디한계열 평상시에 마니 바르는데 색상이 너무 맘에드네요 손이 마니가서 아주 잘쓰고있습니다,5.0,"{""발색력"": ""좋음"", ""발림성"": ""좋음"", ""지속력"": ""보통""}",[]
306965978,노노어,오버 듀 립펜슬 1.4g,https://www.wconcept.co.kr/Product/306965978,2,7,lo******,2026.09.05,001호_캐시미어 로즈,잘안지워지고 라인그려주면 이뻐요 어떤립스틱하고도 잘어울려요,5.0,"{""발색력"": ""좋음"", ""발림성"": ""좋음"", ""지속력"": ""좋음""}","[""https://media.wconcept.co.kr/review/306965978/306965978_1788573499059.jpg?RS=300""]"
306965978,노노어,오버 듀 립펜슬 1.4g,https://www.wconcept.co.kr/Product/306965978,2,8,12******,2026.09.03,010호_튤 로지 더스트,지속력 좋고 발색도 좋아서 손이 자주 가요 색도 예뻐요,5.0,"{""발색력"": ""좋음"", ""발림성"": ""좋음"", ""지속력"": ""좋음""}","[""https://media.wconcept.co.kr/review/306965978/306965978_1788364774880.jpeg?RS=300""]"
306965978,노노어,오버 듀 립펜슬 1.4g,https://www.wconcept.co.kr/Product/306965978,2,9,ca******,2026.09.01,002호_스웨이드 로지브라운,첨 사용하는 브랜드라 궁금하기도 하고 립라이너가 필요해서 색상 골라서 주문했어요,5.0,"{""발색력"": ""좋음"", ""발림성"": ""좋음"", ""지속력"": ""좋음""}","[""https://media.wconcept.co.kr/review/306965978/306965978_1788247252708.jpg?RS=300""]"
306965978,노노어,오버 듀 립펜슬 1.4g,https://www.wconcept.co.kr/Product/306965978,2,10,ca******,2026.09.01,003호_쉬폰 피치에코,처음 사용하지만 이쁠거 같아서 주문해 봤어요 컬러도 좋아하는 색강들이라서 좋네요,5.0,"{""발색력"": ""좋음"", ""발림성"": ""좋음"", ""지속력"": ""좋음""}","[""https://media.wconcept.co.kr/review/306965978/306965978_1788246950953.jpg?RS=300""]"
306965978,노노어,오버 듀 립펜슬 1.4g,https://www.wconcept.co.kr/Product/306965978,2,11,lo******,2026.08.29,010호_튤 로지 더스트,으잉? 세상 뻑뻑하다... 요즘 노노어 거리길래 마침 찾고있는 연한 누디를 찾다 있어서 샀는데... 하트퍼센트에 없는 색을 찾기위함이 아니라면 재구입 안할듯.,3.0,"{""발색력"": ""보통"", ""발림성"": ""보통"", ""지속력"": ""보통""}","[""https://media.wconcept.co.kr/review/306965978/306965978_1788008232794.jpg?RS=300""]"
306965978,노노어,오버 듀 립펜슬 1.4g,https://www.wconcept.co.kr/Product/306965978,2,12,le******,2026.08.27,002호_스웨이드 로지브라운,맘에들어요 나에게 맞는색찾은것같았요~^^,5.0,"{""발색력"": ""좋음"", ""발림성"": ""좋음"", ""지속력"": ""좋음""}","[""https://media.wconcept.co.kr/review/306965978/306965978_1787830458958.jpg?RS=300"", ""https://media.wconcept.co.kr/review/306965978/306965978_1787830458884.jpg?RS=300""]"
306965978,노노어,오버 듀 립펜슬 1.4g,https://www.wconcept.co.kr/Product/306965978,3,13,do******,2026.08.27,002호_스웨이드 로지브라운,지속력 괜찮아서 맘에들어요. 다른 색상도 구입해보렵니다. 좋아요,5.0,"{""발색력"": ""좋음"", ""발림성"": ""좋음"", ""지속력"": ""좋음""}","[""https://media.wconcept.co.kr/review/306965978/306965978_1787805153056.jpg?RS=300""]"
306965978,노노어,오버 듀 립펜슬 1.4g,https://www.wconcept.co.kr/Product/306965978,3,14,wc******,2026.08.26,002호_스웨이드 로지브라운,처음사용해봤는데 저는 베이지가 어울리네요 조합해서 잘사용할듯요,5.0,"{""발색력"": ""보통"", ""발림성"": ""보통"", ""지속력"": ""좋음""}",[]
306965978,노노어,오버 듀 립펜슬 1.4g,https://www.wconcept.co.kr/Product/306965978,3,15,pi******,2026.08.23,001호_캐시미어 로즈,색상이 이뻐요 자주 사용하고 있습니다 배송도 빨랐어요,5.0,"{""발색력"": ""좋음"", ""발림성"": ""좋음"", ""지속력"": ""좋음""}","[""https://media.wconcept.co.kr/review/306965978/306965978_1787461059744.jpeg?RS=300""]"
306965978,노노어,오버 듀 립펜슬 1.4g,https://www.wconcept.co.kr/Product/306965978,3,16,tj******,2026.08.20,008호_타프타 피치 더스트,살짝 뻑뻑한가 했는데 크게 불편할 정도는 아니고 빠르게 픽싱되며 착색묀 입술색 커버에 좋네요,5.0,"{""발색력"": ""좋음"", ""발림성"": ""좋음"", ""지속력"": ""좋음""}",[]
306965978,노노어,오버 듀 립펜슬 1.4g,https://www.wconcept.co.kr/Product/306965978,3,17,tj******,2026.08.20,006호_베일드 피오니 핑크,살짝 뻑뻑한가 했는데 크게 불편할 정도는 아니고 빠르게 픽싱되며 착색된 입술색 커버에 좋네요,5.0,"{""발색력"": ""좋음"", ""발림성"": ""좋음"", ""지속력"": ""좋음""}",[]
306965978,노노어,오버 듀 립펜슬 1.4g,https://www.wconcept.co.kr/Product/306965978,3,18,mh******,2026.08.18,003호_쉬폰 피치에코,발림성도 부드럽고 사용하기 편하고 예뻐요..,5.0,"{""발색력"": ""좋음"", ""발림성"": ""좋음"", ""지속력"": ""보통""}","[""https://media.wconcept.co.kr/review/306965978/306965978_1787049950626.jpg?RS=300""]"
306743923,프론투라인,[뉴뉴 PICK] 반다 라이트 라인 조거 팬츠,https://www.wconcept.co.kr/Product/306743923,1,1,do******,2026.09.13,블랙_L,네이비 먼저사고 편해서 블랙도 샀어요. 편해요,5.0,"{""사이즈"": ""큼"", ""색상"": ""비슷함"", ""소재"": ""비슷함""}","[""https://media.wconcept.co.kr/review/306743923/306743923_1789293895612.jpg?RS=300""]"
306743923,프론투라인,[뉴뉴 PICK] 반다 라이트 라인 조거 팬츠,https://www.wconcept.co.kr/Product/306743923,1,2,do******,2026.09.13,딥네이비_L,길이가 길지 않아 좋고 편하게 입을 수 있습니다.,5.0,"{""사이즈"": ""큼"", ""색상"": ""비슷함"", ""소재"": ""비슷함""}","[""https://media.wconcept.co.kr/review/306743923/306743923_1789293824114.jpg?RS=300""]"
306743923,프론투라인,[뉴뉴 PICK] 반다 라이트 라인 조거 팬츠,https://www.wconcept.co.kr/Product/306743923,1,3,wc******,2026.09.13,블랙_S,아주 편안한 스탈이예요 강아지 산책갈때 좋습니다,5.0,"{""사이즈"": ""적당함"", ""색상"": ""비슷함"", ""소재"": ""비슷함""}","[""https://media.wconcept.co.kr/review/306743923/306743923_1789258109930.jpg?RS=300""]"
306743923,프론투라인,[뉴뉴 PICK] 반다 라이트 라인 조거 팬츠,https://www.wconcept.co.kr/Product/306743923,1,4,wc******,2026.09.13,딥네이비_S,전체적으로 여유있게 편해요 잠옷으로 입기좋아요,5.0,"{""사이즈"": ""적당함"", ""색상"": ""같음"", ""소재"": ""비슷함""}","[""https://media.wconcept.co.kr/review/306743923/306743923_1789258009861.jpg?RS=300""]"
306743923,프론투라인,[뉴뉴 PICK] 반다 라이트 라인 조거 팬츠,https://www.wconcept.co.kr/Product/306743923,1,5,cl******,2026.09.12,딥네이비_M,넉넉하게 입을려고 M 사이즈 했는데요 쫌 크네욧^^; 하지만 편하고 좋아요,5.0,"{""사이즈"": ""적당함"", ""색상"": ""같음"", ""소재"": ""같음""}","[""https://media.wconcept.co.kr/review/306743923/306743923_1789187579693.jpg?RS=300""]"
306743923,프론투라인,[뉴뉴 PICK] 반다 라이트 라인 조거 팬츠,https://www.wconcept.co.kr/Product/306743923,1,6,ek******,2026.09.12,딥네이비_M,너무 만족스러워여 164기준 발목정도오고 한여름 한겨울 제외하면 모두 입기 좋을 것 같아요. 다른색도 구매할까 고민중입니다,5.0,"{""사이즈"": ""적당함"", ""색상"": ""같음"", ""소재"": ""같음""}","[""https://media.wconcept.co.kr/review/306743923/306743923_1789139414437.jpeg?RS=300""]"
306743923,프론투라인,[뉴뉴 PICK] 반다 라이트 라인 조거 팬츠,https://www.wconcept.co.kr/Product/306743923,2,7,wc******,2026.09.11,딥네이비_S,"같은제품으로 m,사이즈 요가할때 입고있는데 너무편하고 좋아 딸이 평상복으로 입고 싶어해 s로 다시 또 구입했습니다. 소재부드럽고 색상과 스타일 예뻐요.",5.0,"{""사이즈"": ""적당함"", ""색상"": ""같음"", ""소재"": ""같음""}",[]
306743923,프론투라인,[뉴뉴 PICK] 반다 라이트 라인 조거 팬츠,https://www.wconcept.co.kr/Product/306743923,2,8,ys******,2026.09.10,딥네이비_S,후들하고 편해서 아주 좋아요 운동할때도 일상복으로도 잘 입어요,5.0,"{""사이즈"": ""적당함"", ""색상"": ""같음"", ""소재"": ""같음""}","[""https://media.wconcept.co.kr/review/306743923/306743923_1789043054935.jpeg?RS=300""]"
306743923,프론투라인,[뉴뉴 PICK] 반다 라이트 라인 조거 팬츠,https://www.wconcept.co.kr/Product/306743923,2,9,ha******,2026.09.08,블랙_M,할렘 팬츠처럼 입으려고 샀는데 길이가 좀 짧아요 160 이하면 좀 더 스타일리시할 듯 요,5.0,"{""사이즈"": ""작음"", ""색상"": ""비슷함"", ""소재"": ""같음""}",[]
306743923,프론투라인,[뉴뉴 PICK] 반다 라이트 라인 조거 팬츠,https://www.wconcept.co.kr/Product/306743923,2,10,le******,2026.09.08,인디핑크_M,소재 좋고 색상은 연보라에 가까워요 잘 입을것 같아요,5.0,"{""사이즈"": ""적당함"", ""색상"": ""비슷함"", ""소재"": ""같음""}",[]
306743923,프론투라인,[뉴뉴 PICK] 반다 라이트 라인 조거 팬츠,https://www.wconcept.co.kr/Product/306743923,2,11,wc******,2026.09.06,딥네이비_M,필라테스할 때 입는데 정말 편하네요 운동할 때 전혀 신경쓰이지 않으니 제 기능을 다 하는가 같아요,5.0,"{""사이즈"": ""적당함"", ""색상"": ""같음"", ""소재"": ""같음""}","[""https://media.wconcept.co.kr/review/306743923/306743923_1788705073624.jpg?RS=300""]"
306743923,프론투라인,[뉴뉴 PICK] 반다 라이트 라인 조거 팬츠,https://www.wconcept.co.kr/Product/306743923,2,12,wc******,2026.09.04,딥차콜_M,왜 리뷰가 많은지 알겠어요. 사이즈 편하고 부드러워요. 가을에 입을려고샀는데 잘입을거같아요,5.0,"{""사이즈"": ""적당함"", ""색상"": ""같음"", ""소재"": ""같음""}","[""https://media.wconcept.co.kr/review/306743923/306743923_1788507227922.jpeg?RS=300""]"
306743923,프론투라인,[뉴뉴 PICK] 반다 라이트 라인 조거 팬츠,https://www.wconcept.co.kr/Product/306743923,3,13,ji******,2026.09.04,딥네이비_M,차콜이랑 네이비 두개 구매했어요. 요가할때 뿐 아니라 밖에 나갈때더 잘 입어요.,4.0,"{""사이즈"": ""큼"", ""색상"": ""비슷함"", ""소재"": ""비슷함""}",[]
306743923,프론투라인,[뉴뉴 PICK] 반다 라이트 라인 조거 팬츠,https://www.wconcept.co.kr/Product/306743923,3,14,ji******,2026.09.04,딥차콜_M,요가 시작해서 찾아보다가 구매했는데 마음에 들어요. 생각보다 사이즈가 조금 크게나온거 같아요. 원래 m사이즈 사면 잘 맞는데 이건 허리를 꽉 잡아야 하는 정도? 더라구요.,4.0,"{""사이즈"": ""큼"", ""색상"": ""비슷함"", ""소재"": ""비슷함""}",[]
306743923,프론투라인,[뉴뉴 PICK] 반다 라이트 라인 조거 팬츠,https://www.wconcept.co.kr/Product/306743923,3,15,mi******,2026.09.02,딥네이비_S,먼저 브라운색구매해서 입고 착용감이 좋길래 추가구매했습니다 브라운색상보단 살짝 작은듯한 느낌입니다 허리도 좀 땡땜하고..폭이 살짝 좁은듯해요 브라운이 좀더 이쁜듯해욥,5.0,"{""사이즈"": ""적당함"", ""색상"": ""같음"", ""소재"": ""같음""}","[""https://media.wconcept.co.kr/review/306743923/306743923_1788335778541.jpg?RS=300""]"
306743923,프론투라인,[뉴뉴 PICK] 반다 라이트 라인 조거 팬츠,https://www.wconcept.co.kr/Product/306743923,3,16,hw******,2026.09.01,딥차콜_S,편하고 부들부들 좋아요. 늦여름부터 가을까지 입을 수 있을 것 같아요.,5.0,"{""사이즈"": ""적당함"", ""색상"": ""같음"", ""소재"": ""같음""}","[""https://media.wconcept.co.kr/review/306743923/306743923_1788250436320.jpg?RS=300""]"
306743923,프론투라인,[뉴뉴 PICK] 반다 라이트 라인 조거 팬츠,https://www.wconcept.co.kr/Product/306743923,3,17,du******,2026.09.01,딥네이비_M,요가동작을 하다가 바지가 올라가도 밑단이 여유로워서 다시 스르륵 내려와서 좋아요 동작하기에 불편함이 전혀없고 너무 편해요 색상도 쨍하니 기분좋아지네요! 다른색도 추가구매하고싶어요,5.0,"{""사이즈"": ""적당함"", ""색상"": ""같음"", ""소재"": ""같음""}","[""https://media.wconcept.co.kr/review/306743923/306743923_1788240935345.jpg?RS=300""]"
306743923,프론투라인,[뉴뉴 PICK] 반다 라이트 라인 조거 팬츠,https://www.wconcept.co.kr/Product/306743923,3,18,fi******,2026.08.28,딥네이비_S,제가 작은데도 부담없이 넉넉한 사잊.에요. 귀엽고 쳔하게 잘 입고 있습니다. 소재도 좋아요 가볍고,5.0,"{""사이즈"": ""적당함"", ""색상"": ""같음"", ""소재"": ""같음""}","[""https://media.wconcept.co.kr/review/306743923/306743923_1787895033530.jpg?RS=300""]"
307602149,히비스커스블룸,[30%쿠폰] Nicole Sequine Knit Cardigan [Black],https://www.wconcept.co.kr/Product/307602149,1,1,lu******,2026.09.12,Free,반짝 거려서 예쁜데 또 너무 과한거 같기도 허고.. 일단 예쁘긴 해요,4.0,"{""사이즈"": ""큼"", ""색상"": ""같음"", ""소재"": ""같음""}","[""https://media.wconcept.co.kr/review/307602149/307602149_1789208616043.jpg?RS=300""]"
307602149,히비스커스블룸,[30%쿠폰] Nicole Sequine Knit Cardigan [Black],https://www.wconcept.co.kr/Product/307602149,1,2,bl******,2026.09.07,Free,약간 까슬거리기는 하지만 스팽글때메 어쩔수 없는듯해요. 그래도 예쁘네요. 단추도 귀엽고..,5.0,"{""사이즈"": ""적당함"", ""색상"": ""같음"", ""소재"": ""같음""}",[]
307602149,히비스커스블룸,[30%쿠폰] Nicole Sequine Knit Cardigan [Black],https://www.wconcept.co.kr/Product/307602149,1,3,wc******,2026.07.19,Free,원사이즈라 소매도 길고 크긴한데 검정치마랑 어울려서 그냥 입기로했어요,5.0,"{""사이즈"": ""적당함"", ""색상"": ""같음"", ""소재"": ""같음""}","[""https://media.wconcept.co.kr/review/307602149/307602149_1784468142441.jpg?RS=300""]"
307602149,히비스커스블룸,[30%쿠폰] Nicole Sequine Knit Cardigan [Black],https://www.wconcept.co.kr/Product/307602149,1,4,ew******,2026.06.13,Free,이뻐요 좀 과한느낌도 있고 자칫하면 좀 노티나는데.. 기장이 숏해서 귀여워요,5.0,"{""사이즈"": ""적당함"", ""색상"": ""같음"", ""소재"": ""같음""}",[]
307602149,히비스커스블룸,[30%쿠폰] Nicole Sequine Knit Cardigan [Black],https://www.wconcept.co.kr/Product/307602149,1,5,wc******,2026.05.19,Free,받아보니 ~~실제로 넘 이쁘더라구요. 요번겨울시즌에 입으면 이쁠거 같아요.,5.0,"{""사이즈"": ""적당함"", ""색상"": ""같음"", ""소재"": ""같음""}",[]
307602149,히비스커스블룸,[30%쿠폰] Nicole Sequine Knit Cardigan [Black],https://www.wconcept.co.kr/Product/307602149,1,6,wc******,2026.05.07,Free,예뻐요!!!! 잘 입고 다녀요~~!!!!,5.0,"{""사이즈"": ""적당함"", ""색상"": ""같음"", ""소재"": ""같음""}","[""https://media.wconcept.co.kr/review/307602149/307602149_1778081989257.jpeg?RS=300""]"
307602149,히비스커스블룸,[30%쿠폰] Nicole Sequine Knit Cardigan [Black],https://www.wconcept.co.kr/Product/307602149,2,7,mo******,2026.05.06,Free,"몸에 핏하기보다는 살짝 여유가 있는 편이고요, 사진과 같이 블링블링 합니다! 입고 나가면 다들 잘어울린다고 칭찬 일색이었고요, 소재도 보풀이 안나는 소재에 두께감도 적당해서 겨울엔 이너 착용 후 입고, 봄까지 가디건으로 입고 다닐 수 있어 좋은 것 같아요. 신축성도 좋아서 착용감도 좋고, 제가 팔이 긴 편이라 늘 팔 기장이 짧은 편인데 이 제품은 적당히 맞습니다! 잘 산 것 같아요👍",5.0,"{""사이즈"": ""적당함"", ""색상"": ""같음"", ""소재"": ""같음""}",[]
307602149,히비스커스블룸,[30%쿠폰] Nicole Sequine Knit Cardigan [Black],https://www.wconcept.co.kr/Product/307602149,2,8,lo******,2026.05.05,Free,생각한 스타일은 아나지만 빤짝빤짝 예뻐용,3.0,"{""사이즈"": ""적당함"", ""색상"": ""같음"", ""소재"": ""같음""}",[]
307602149,히비스커스블룸,[30%쿠폰] Nicole Sequine Knit Cardigan [Black],https://www.wconcept.co.kr/Product/307602149,2,9,wc******,2026.04.25,Free,만족해요.,5.0,"{""사이즈"": ""적당함"", ""색상"": ""같음"", ""소재"": ""같음""}",[]
307602149,히비스커스블룸,[30%쿠폰] Nicole Sequine Knit Cardigan [Black],https://www.wconcept.co.kr/Product/307602149,2,10,wc******,2026.04.25,Free,반짝반짝해서 예뻐요.,5.0,"{""사이즈"": ""적당함"", ""색상"": ""같음"", ""소재"": ""같음""}",[]
307602149,히비스커스블룸,[30%쿠폰] Nicole Sequine Knit Cardigan [Black],https://www.wconcept.co.kr/Product/307602149,2,11,he******,2026.04.23,Free,리뷰중 화려하다라는 글이 많아서 잠시 망설였는데 구닥 화려하지는 않네요. 적당히 반짝이고 이뻐요. 맘에 듭니다.,5.0,"{""사이즈"": ""적당함"", ""색상"": ""같음"", ""소재"": ""같음""}","[""https://media.wconcept.co.kr/review/307602149/307602149_1776951071852.jpg?RS=300""]"
307602149,히비스커스블룸,[30%쿠폰] Nicole Sequine Knit Cardigan [Black],https://www.wconcept.co.kr/Product/307602149,2,12,as******,2026.04.05,Free,산 지 꽤 지났는데 뱅글같은 게 빠지지 않고 넘 잘 입고 있어요 스타일러로만 관리해주고 왠만하면 드라이도 안 맡기려구요! 까끌거리지 않고 품도 낙낙한데 벙벙하지 않고 이뻐요! 튈까 걱정했는데 포인트 정도입니당 회색도 사고싶네용🖤,5.0,"{""사이즈"": ""적당함"", ""색상"": ""같음"", ""소재"": ""같음""}","[""https://media.wconcept.co.kr/review/307602149/307602149_1775378818753.jpg?RS=300""]"
307602149,히비스커스블룸,[30%쿠폰] Nicole Sequine Knit Cardigan [Black],https://www.wconcept.co.kr/Product/307602149,3,13,wc******,2026.04.01,Free,이뻐요 살짝 큰감이 있습이디,5.0,"{""사이즈"": ""적당함"", ""색상"": ""같음"", ""소재"": ""같음""}","[""https://media.wconcept.co.kr/review/307602149/307602149_1775034179450.jpeg?RS=300""]"
307602149,히비스커스블룸,[30%쿠폰] Nicole Sequine Knit Cardigan [Black],https://www.wconcept.co.kr/Product/307602149,3,14,uk******,2026.03.28,Free,블랙에 스팽글이 반짝여서 이뻐요 두께는 두껍지 않은 편이고 길이도 짧습니다 올이 걸려서 자주 나가요,5.0,"{""사이즈"": ""적당함"", ""색상"": ""같음"", ""소재"": ""같음""}",[]
307602149,히비스커스블룸,[30%쿠폰] Nicole Sequine Knit Cardigan [Black],https://www.wconcept.co.kr/Product/307602149,3,15,ha******,2026.03.21,Free,음 생각보다 실물보다 사진이 더 예뻐요 옷자체는 똑같긴한데 뭔가 입었을때 그냥 평범한느낌? 튀지 않으니 데일리로는 입기 좋고 꾸꾸룩으로는 별로,5.0,"{""사이즈"": ""적당함"", ""색상"": ""같음"", ""소재"": ""같음""}",[]
307602149,히비스커스블룸,[30%쿠폰] Nicole Sequine Knit Cardigan [Black],https://www.wconcept.co.kr/Product/307602149,3,16,ke******,2026.03.20,Free,넘 짪으네요 ㅠ 이너로 입을 뭔가를 찾으려구요,5.0,"{""사이즈"": ""작음"", ""색상"": ""같음"", ""소재"": ""같음""}","[""https://media.wconcept.co.kr/review/307602149/307602149_1773993871796.jpg?RS=300""]"
307602149,히비스커스블룸,[30%쿠폰] Nicole Sequine Knit Cardigan [Black],https://www.wconcept.co.kr/Product/307602149,3,17,ji******,2026.03.18,Free,반짝반짝 예뻐요,5.0,"{""사이즈"": ""적당함"", ""색상"": ""비슷함"", ""소재"": ""비슷함""}",[]
307602149,히비스커스블룸,[30%쿠폰] Nicole Sequine Knit Cardigan [Black],https://www.wconcept.co.kr/Product/307602149,3,18,wi******,2026.03.16,Free,생일이여서 산 가디건인데 너무 잘입었어요 너무 반짝이지 않을까 했는데 그렇게 밤무대의상처럼 반짝이긴 않아요 포인트되는 옷이라 예쁘고 만족합니다,5.0,"{""사이즈"": ""적당함"", ""색상"": ""같음"", ""소재"": ""비슷함""}","[""https://media.wconcept.co.kr/review/307602149/307602149_1773605852780.jpeg?RS=300""]"
308867821,엔젤삭스,1327 벨벳도트 3D 회색 그레이 차콜 검정 면 땡땡이 팬티 차정원 김나영 타이즈 스타킹,https://www.wconcept.co.kr/Product/308867821,1,1,ja******,2026.09.12,03차콜130g,도트가 과하지 않고 색상도 맘에 들어요 한겨울 전까지는 절 신을 듯,5.0,{},"[""https://media.wconcept.co.kr/review/308867821/308867821_1789196142174.jpeg?RS=300""]"
308867821,엔젤삭스,1327 벨벳도트 3D 회색 그레이 차콜 검정 면 땡땡이 팬티 차정원 김나영 타이즈 스타킹,https://www.wconcept.co.kr/Product/308867821,1,2,yo******,2026.09.11,03차콜130g,촉감이 좋아요. 길이감 두께 모두 만족합니다.,5.0,{},[]
308867821,엔젤삭스,1327 벨벳도트 3D 회색 그레이 차콜 검정 면 땡땡이 팬티 차정원 김나영 타이즈 스타킹,https://www.wconcept.co.kr/Product/308867821,1,3,va******,2026.09.10,03차콜130g,색감도 이쁘도 짱짱하니 좋네요~잘 신을께요~재구매의사 있습니다,4.0,{},"[""https://media.wconcept.co.kr/review/308867821/308867821_1789004675535.jpg?RS=300""]"
308867821,엔젤삭스,1327 벨벳도트 3D 회색 그레이 차콜 검정 면 땡땡이 팬티 차정원 김나영 타이즈 스타킹,https://www.wconcept.co.kr/Product/308867821,1,4,va******,2026.09.10,04블랙130g,스타킹이필요했는데 짱짱하니 좋네요~잘 신을께요,4.0,{},"[""https://media.wconcept.co.kr/review/308867821/308867821_1789004509831.jpg?RS=300""]"
308867821,엔젤삭스,1327 벨벳도트 3D 회색 그레이 차콜 검정 면 땡땡이 팬티 차정원 김나영 타이즈 스타킹,https://www.wconcept.co.kr/Product/308867821,1,5,va******,2026.09.10,05라이트그레이230g,두껍고 탄탄하고 좋아요~겨울에도 잘신겠네요,4.0,{},"[""https://media.wconcept.co.kr/review/308867821/308867821_1789004274927.jpg?RS=300""]"
308867821,엔젤삭스,1327 벨벳도트 3D 회색 그레이 차콜 검정 면 땡땡이 팬티 차정원 김나영 타이즈 스타킹,https://www.wconcept.co.kr/Product/308867821,1,6,gh******,2026.09.09,04블랙130g,쫀쫀하니 좋네요 다른색깔도 사야겠어요. 이것도 두께감이 있어요,5.0,{},"[""https://media.wconcept.co.kr/review/308867821/308867821_1788961858131.jpg?RS=300""]"
308867821,엔젤삭스,1327 벨벳도트 3D 회색 그레이 차콜 검정 면 땡땡이 팬티 차정원 김나영 타이즈 스타킹,https://www.wconcept.co.kr/Product/308867821,2,7,ch******,2026.09.09,04블랙130g,도톰해서 조금 쌀쌀해지면 신을수 있을거같아요. 부드럽고 귀여워요.,5.0,{},"[""https://media.wconcept.co.kr/review/308867821/308867821_1788936607283.jpg?RS=300""]"
308867821,엔젤삭스,1327 벨벳도트 3D 회색 그레이 차콜 검정 면 땡땡이 팬티 차정원 김나영 타이즈 스타킹,https://www.wconcept.co.kr/Product/308867821,2,8,ch******,2026.09.09,07차콜230g,도톰해서 완전 한겨울에 신을수 있을거같아요. 부드럽고 귀여워요.,5.0,{},"[""https://media.wconcept.co.kr/review/308867821/308867821_1788936565082.jpg?RS=300""]"
308867821,엔젤삭스,1327 벨벳도트 3D 회색 그레이 차콜 검정 면 땡땡이 팬티 차정원 김나영 타이즈 스타킹,https://www.wconcept.co.kr/Product/308867821,2,9,mi******,2026.09.09,01라이트그레이130g,깔별로 샀어요 너무 예쁘고 두께도 적당해서 굿굿,5.0,{},"[""https://media.wconcept.co.kr/review/308867821/308867821_1788914431939.jpeg?RS=300""]"
308867821,엔젤삭스,1327 벨벳도트 3D 회색 그레이 차콜 검정 면 땡땡이 팬티 차정원 김나영 타이즈 스타킹,https://www.wconcept.co.kr/Product/308867821,2,10,73******,2026.09.04,04블랙130g,보기는 좋아보였는데 아직 착용전이나 괜찮기를 바람니다...,4.0,{},[]
308867821,엔젤삭스,1327 벨벳도트 3D 회색 그레이 차콜 검정 면 땡땡이 팬티 차정원 김나영 타이즈 스타킹,https://www.wconcept.co.kr/Product/308867821,2,11,in******,2026.09.03,03차콜130g,아직 착용은 못했지만 기대됨. 날씨가 좀 쌀쌀해지면 신으려고 구입했어요 이쁠것같아요,5.0,{},[]
308867821,엔젤삭스,1327 벨벳도트 3D 회색 그레이 차콜 검정 면 땡땡이 팬티 차정원 김나영 타이즈 스타킹,https://www.wconcept.co.kr/Product/308867821,2,12,mi******,2026.09.02,03차콜130g,검정과 차콜이 가장무난해서 샀어요 두께가 딱 좋네요,5.0,{},"[""https://media.wconcept.co.kr/review/308867821/308867821_1788349954833.jpeg?RS=300""]"
308867821,엔젤삭스,1327 벨벳도트 3D 회색 그레이 차콜 검정 면 땡땡이 팬티 차정원 김나영 타이즈 스타킹,https://www.wconcept.co.kr/Product/308867821,3,13,mi******,2026.09.02,04블랙130g,적당히 도톰하고 도트무늬가 튀지않아 좋아요 가을 겨울 다 가능할듯,5.0,{},"[""https://media.wconcept.co.kr/review/308867821/308867821_1788349907308.jpeg?RS=300""]"
308867821,엔젤삭스,1327 벨벳도트 3D 회색 그레이 차콜 검정 면 땡땡이 팬티 차정원 김나영 타이즈 스타킹,https://www.wconcept.co.kr/Product/308867821,3,14,wc******,2026.09.02,01라이트그레이130g,배송도 빠르고 저렴하게 구입 했어요 감사합니다,5.0,{},"[""https://media.wconcept.co.kr/review/308867821/308867821_1788344051829.jpg?RS=300""]"
308867821,엔젤삭스,1327 벨벳도트 3D 회색 그레이 차콜 검정 면 땡땡이 팬티 차정원 김나영 타이즈 스타킹,https://www.wconcept.co.kr/Product/308867821,3,15,ra******,2026.09.01,07차콜230g,스타킹 완전 한겨울에도 따듯할듯요 만족합니다,5.0,{},"[""https://media.wconcept.co.kr/review/308867821/308867821_1788255445520.jpeg?RS=300""]"
308867821,엔젤삭스,1327 벨벳도트 3D 회색 그레이 차콜 검정 면 땡땡이 팬티 차정원 김나영 타이즈 스타킹,https://www.wconcept.co.kr/Product/308867821,3,16,se******,2026.09.01,03차콜130g,스커트 입을때 신으려고요 귀엽고 여성스럽고 차콜색깔 맘에 들어요~,5.0,{},[]
308867821,엔젤삭스,1327 벨벳도트 3D 회색 그레이 차콜 검정 면 땡땡이 팬티 차정원 김나영 타이즈 스타킹,https://www.wconcept.co.kr/Product/308867821,3,17,wc******,2026.08.31,04블랙130g,좋아요~~^^ 요 디자인으로 미리 두개샀는데 예쁘게. 신을께요^^♡,5.0,{},[]
308867821,엔젤삭스,1327 벨벳도트 3D 회색 그레이 차콜 검정 면 땡땡이 팬티 차정원 김나영 타이즈 스타킹,https://www.wconcept.co.kr/Product/308867821,3,18,wc******,2026.08.31,07차콜230g,도트무늬 좋아요 😀 많이 튀지도 않고 생각했던거. 보다 훨씬 이쁘네요 잘 코디해서 예쁘게 신을께요~,5.0,{},[]
308312312,뮤니에,FLOW BAG_7COLORS,https://www.wconcept.co.kr/Product/308312312,1,1,sk******,2026.09.13,"ETOUPE, KEY NECKLACE 선택 안함",예전에 품절로 못 산 기억이 있어서 에토프 색상으로 구입했어요 어두운겉옷 많이입는 겨울에도 스웨이드 와도 잘 어울리는색상이에요 가방이 무엇보다 가볍고 지퍼가 충분히 열려서 사용하기도 넘 좋아요 가성비가방으로 아주만족합니다!,5.0,"{""사이즈"": ""적당함"", ""색상"": ""같음"", ""착용감"": ""좋음""}","[""https://media.wconcept.co.kr/review/308312312/308312312_1789273984964.jpg?RS=300"", ""https://media.wconcept.co.kr/review/308312312/308312312_1789273984902.jpg?RS=300"", ""https://media.wconcept.co.kr/review/308312312/308312312_1789273984742.jpg?RS=300""]"
308312312,뮤니에,FLOW BAG_7COLORS,https://www.wconcept.co.kr/Product/308312312,1,2,wc******,2026.09.13,"BLACK, KEY NECKLACE 선택 안함","정말 고급스러운 가방이에요. 격식차릴 때 들 수 있을만한 가방이고, 보부상도 충분히 다 넣을 수 있을 만한 사이즈입니다. 포장도 고급스러워서 선물 받는 기분이었어요",5.0,"{""사이즈"": ""적당함"", ""색상"": ""같음"", ""착용감"": ""좋음""}","[""https://media.wconcept.co.kr/review/308312312/308312312_1789257792594.jpeg?RS=300""]"
308312312,뮤니에,FLOW BAG_7COLORS,https://www.wconcept.co.kr/Product/308312312,1,3,hj******,2026.09.12,"CARAMEL, KEY NECKLACE 선택 안함",블랙 사고 넘 마음에 들어서 카멜도 샀어요!!! 겨울에도 포인트로 들거같아서 샀는데 사계절용으로 딱이네요,5.0,"{""사이즈"": ""큼"", ""색상"": ""같음"", ""착용감"": ""좋음""}","[""https://media.wconcept.co.kr/review/308312312/308312312_1789223403690.jpeg?RS=300""]"
308312312,뮤니에,FLOW BAG_7COLORS,https://www.wconcept.co.kr/Product/308312312,1,4,la******,2026.09.12,"KEY NECKLACE 선택 안함 , BROWN",가방 사이즈가 좀 크지만 수납도 좋고 가죽이 너무 유연해서 이뻐요^^,5.0,"{""사이즈"": ""큼"", ""색상"": ""같음"", ""착용감"": ""좋음""}",[]
308312312,뮤니에,FLOW BAG_7COLORS,https://www.wconcept.co.kr/Product/308312312,1,5,gj******,2026.09.11,"KEY NECKLACE 선택 안함 , BROWN",반품 고민하다가 편하게 멜 수 있을 것 같아서 구매확정합니다. 가볍고 수납력이 좋아요.,4.0,"{""사이즈"": ""적당함"", ""색상"": ""같음"", ""착용감"": ""좋음""}","[""https://media.wconcept.co.kr/review/308312312/308312312_1789124833948.jpeg?RS=300""]"
308312312,뮤니에,FLOW BAG_7COLORS,https://www.wconcept.co.kr/Product/308312312,1,6,sy******,2026.09.11,"CARAMEL, KEY NECKLACE 선택 안함",인조라도 저렴해 보이는 가죽이 아니라 좋아요. 어깨에서 잘 빠져요. 끈이 하나로 고정되어 있지 않아서 아쉬워요. 색은 예뻐요.,4.0,"{""사이즈"": ""적당함"", ""색상"": ""같음"", ""착용감"": ""보통""}","[""https://media.wconcept.co.kr/review/308312312/308312312_1789115861835.jpg?RS=300""]"
308312312,뮤니에,FLOW BAG_7COLORS,https://www.wconcept.co.kr/Product/308312312,2,7,wc******,2026.09.11,"BLACK, KEY NECKLACE 선택 안함",좋아요 잘매고 다이렉요 ㅎㅎㅎ 너무 이뻐요 휘뚤마뚤,5.0,"{""사이즈"": ""적당함"", ""색상"": ""같음"", ""착용감"": ""좋음""}",[]
308312312,뮤니에,FLOW BAG_7COLORS,https://www.wconcept.co.kr/Product/308312312,2,8,ap******,2026.09.11,"CARAMEL, KEY NECKLACE 선택 안함",사진보다 실물이 더 예뻐요 꼭 이색상으로 구매해야합니다,5.0,"{""사이즈"": ""작음"", ""색상"": ""비슷함"", ""착용감"": ""보통""}","[""https://media.wconcept.co.kr/review/308312312/308312312_1789082784779.jpeg?RS=300""]"
308312312,뮤니에,FLOW BAG_7COLORS,https://www.wconcept.co.kr/Product/308312312,2,9,wc******,2026.09.10,"KEY NECKLACE 선택 안함 , BROWN",가방 너무 이쁘고 가볍고 재질이 좋아요 진짜 깅추입니다!,5.0,"{""사이즈"": ""큼"", ""색상"": ""같음"", ""착용감"": ""좋음""}","[""https://media.wconcept.co.kr/review/308312312/308312312_1789045817897.jpeg?RS=300""]"
308312312,뮤니에,FLOW BAG_7COLORS,https://www.wconcept.co.kr/Product/308312312,2,10,so******,2026.09.09,"KEY NECKLACE 선택 안함 , IVORY",가죽이 부드럽고 유연해요. 책이나 아이패드도 들어가고 튼튼해서 오래 들고 있어요.,5.0,"{""사이즈"": ""작음"", ""색상"": ""비슷함"", ""착용감"": ""보통""}","[""https://media.wconcept.co.kr/review/308312312/308312312_1788963653998.jpeg?RS=300""]"
308312312,뮤니에,FLOW BAG_7COLORS,https://www.wconcept.co.kr/Product/308312312,2,11,sa******,2026.09.09,"KEY NECKLACE 선택 안함 , SUEDE CAMEL",가을겨울에 잘 매고 다닐거같아요 색깔도 이쁘고 좋아요!,5.0,"{""사이즈"": ""큼"", ""색상"": ""같음"", ""착용감"": ""좋음""}","[""https://media.wconcept.co.kr/review/308312312/308312312_1788936712095.jpeg?RS=300""]"
308312312,뮤니에,FLOW BAG_7COLORS,https://www.wconcept.co.kr/Product/308312312,2,12,Jh******,2026.09.08,"BLACK, KEY NECKLACE 선택 안함",너무 예쁘네요 포장도 꼼꼼하게 가성비 대박입니다 강추합니다,5.0,"{""사이즈"": ""적당함"", ""색상"": ""같음"", ""착용감"": ""좋음""}","[""https://media.wconcept.co.kr/review/308312312/308312312_1788853703383.jpg?RS=300""]"
308312312,뮤니에,FLOW BAG_7COLORS,https://www.wconcept.co.kr/Product/308312312,3,13,dl******,2026.09.08,"BLACK, KEY NECKLACE 선택 안함",가방이 큰데 되게 가벼워요 ! 가을겨울에 아우터들이 부피감이 크니까 큰 백이 하나 가지고 싶어서 샀는데 넘 만족합니다 :),5.0,"{""사이즈"": ""큼"", ""색상"": ""같음"", ""착용감"": ""좋음""}","[""https://media.wconcept.co.kr/review/308312312/308312312_1788846028802.jpeg?RS=300""]"
308312312,뮤니에,FLOW BAG_7COLORS,https://www.wconcept.co.kr/Product/308312312,3,14,15******,2026.09.07,"KEY NECKLACE 선택 안함 , BROWN",끈이 자꾸 어깨 이탈하는거 말곤 좋아용!!! 휘뚤마뚤,5.0,"{""사이즈"": ""적당함"", ""색상"": ""같음"", ""착용감"": ""보통""}",[]
308312312,뮤니에,FLOW BAG_7COLORS,https://www.wconcept.co.kr/Product/308312312,3,15,eh******,2026.09.06,"KEY NECKLACE 선택 안함 , IVORY",생각보다 큰데 저는 보부상이라서 조아용 색도 아이보리 딱 예쁘고 튀지 않아서 휘뚜루마뚜루 들고 다닙니당,5.0,"{""사이즈"": ""큼"", ""색상"": ""같음"", ""착용감"": ""좋음""}","[""https://media.wconcept.co.kr/review/308312312/308312312_1788679051397.jpeg?RS=300""]"
308312312,뮤니에,FLOW BAG_7COLORS,https://www.wconcept.co.kr/Product/308312312,3,16,wc******,2026.09.05,"KEY NECKLACE 선택 안함 , BROWN",브라운 가방 사려고 엄청 찾았는데 너무 마음에 들어요!! 붉은기가 심한 브라운 아니라서 네이비에 들어도 괜찮고! 여러 색상 상의에 들기 좋을거 같아요! 끈도 길어서 두꺼운 외투 입고 들어도 안 불편할거 같아요!,5.0,"{""사이즈"": ""적당함"", ""색상"": ""같음"", ""착용감"": ""좋음""}","[""https://media.wconcept.co.kr/review/308312312/308312312_1788595626246.jpeg?RS=300"", ""https://media.wconcept.co.kr/review/308312312/308312312_1788595626137.jpeg?RS=300""]"
308312312,뮤니에,FLOW BAG_7COLORS,https://www.wconcept.co.kr/Product/308312312,3,17,wc******,2026.09.05,"KEY NECKLACE 선택 안함 , BROWN",너어므 맘에들고요....10만원대 가방인지 절대 머르겟음... ㅅㅁㄷㅁㄷ에 30마넌짜리 쇼룸 가방이랑 이거랑 고민햇는데 받아보니 30만원짜리 가방이라 퀄 차이가 앖어요;;;; 무조건 사세요,5.0,"{""사이즈"": ""큼"", ""색상"": ""비슷함"", ""착용감"": ""좋음""}","[""https://media.wconcept.co.kr/review/308312312/308312312_1788555062199.jpeg?RS=300""]"
308312312,뮤니에,FLOW BAG_7COLORS,https://www.wconcept.co.kr/Product/308312312,3,18,rr******,2026.09.04,"KEY NECKLACE 선택 안함 , IVORY","사진과 같고, 부드러운 재질이에요. 포장도 꼼꼼하게 왔구요. 수납 충분하게 할수있어요. 넘 작지도 크지도 않고 넣고싶은건 다ㅜ넣어서 다닐수잇을듯. 데일리로 사용하기 좋은것같아요.",5.0,"{""사이즈"": ""적당함"", ""색상"": ""비슷함"", ""착용감"": ""좋음""}","[""https://media.wconcept.co.kr/review/308312312/308312312_1788507135855.jpg?RS=300""]"
307421635,주르티,[20%쿠폰] 클래식 와이드 핀턱 슬랙스 차콜 J1805,https://www.wconcept.co.kr/Product/307421635,1,1,wc******,2026.09.12,S,핏 예쁩니다 허리도 잘맞고 길이도 찰떡.. 와이드핏 좋습니다,5.0,"{""사이즈"": ""적당함"", ""색상"": ""같음"", ""소재"": ""같음""}",[]
307421635,주르티,[20%쿠폰] 클래식 와이드 핀턱 슬랙스 차콜 J1805,https://www.wconcept.co.kr/Product/307421635,1,2,wc******,2026.09.11,S,밑단이 조금만 더 길면 좋겟어용 다리가 좀 더 길어보였으면 좋겠는데 애매하네요 그것 빼고는 질도 좋고 맘에 들어요!,5.0,"{""사이즈"": ""적당함"", ""색상"": ""비슷함"", ""소재"": ""같음""}",[]
307421635,주르티,[20%쿠폰] 클래식 와이드 핀턱 슬랙스 차콜 J1805,https://www.wconcept.co.kr/Product/307421635,1,3,12******,2026.09.08,M,"후기에서는 사이즈가 조금 크다고 했는데,, 제가 뱃살이 좀 쪄서 그런지 적당히 딱 맞고 좋네요. 두께도 적당해요 한겨울만 빼면 입을 수 있을 것 같아요.",5.0,"{""사이즈"": ""적당함"", ""색상"": ""같음"", ""소재"": ""같음""}","[""https://media.wconcept.co.kr/review/307421635/307421635_1788861997466.jpeg?RS=300"", ""https://media.wconcept.co.kr/review/307421635/307421635_1788861997335.jpeg?RS=300""]"
307421635,주르티,[20%쿠폰] 클래식 와이드 핀턱 슬랙스 차콜 J1805,https://www.wconcept.co.kr/Product/307421635,1,4,mi******,2026.08.01,S,저에겐 길이가 아주 조금 짧아요 ㅎㅎ 하지만 색감도 좋고 와이드도 적당해요,5.0,"{""사이즈"": ""적당함"", ""색상"": ""같음"", ""소재"": ""같음""}","[""https://media.wconcept.co.kr/review/307421635/307421635_1785573860117.jpeg?RS=300""]"
307421635,주르티,[20%쿠폰] 클래식 와이드 핀턱 슬랙스 차콜 J1805,https://www.wconcept.co.kr/Product/307421635,1,5,wc******,2026.07.23,S,엄청편하고 앞으로 잘 입을거같아용 ㅎㅎㅎ잘입을게요,5.0,"{""사이즈"": ""적당함"", ""색상"": ""같음"", ""소재"": ""같음""}",[]
307421635,주르티,[20%쿠폰] 클래식 와이드 핀턱 슬랙스 차콜 J1805,https://www.wconcept.co.kr/Product/307421635,1,6,yb******,2026.07.13,M,통풍 잘되고 핏예쁜 슬랙스입니다.! 출근룩으로 잘 입어질듯합니당,5.0,"{""사이즈"": ""적당함"", ""색상"": ""같음"", ""소재"": ""같음""}",[]
307421635,주르티,[20%쿠폰] 클래식 와이드 핀턱 슬랙스 차콜 J1805,https://www.wconcept.co.kr/Product/307421635,2,7,hw******,2026.07.09,S,사이즈가 좀 크긴 하지만 슬랙스 자체가 마음에 들어서 잘 입고 있습니다.,5.0,"{""사이즈"": ""큼"", ""색상"": ""비슷함"", ""소재"": ""비슷함""}",[]
307421635,주르티,[20%쿠폰] 클래식 와이드 핀턱 슬랙스 차콜 J1805,https://www.wconcept.co.kr/Product/307421635,2,8,yr******,2026.06.12,M,차르르하고 너무 편해요 회사에서 입기 좋네요 ㅎㅎ,5.0,"{""사이즈"": ""적당함"", ""색상"": ""같음"", ""소재"": ""같음""}",[]
307421635,주르티,[20%쿠폰] 클래식 와이드 핀턱 슬랙스 차콜 J1805,https://www.wconcept.co.kr/Product/307421635,2,9,em******,2026.06.07,M,길이 적당하고 착용감도 편해요 마감도 잘 되어있어서 교복템으로 꾸준히 잘 입고 있습니다 ㅎㅎ,5.0,"{""사이즈"": ""적당함"", ""색상"": ""같음"", ""소재"": ""같음""}","[""https://media.wconcept.co.kr/review/307421635/307421635_1780796630041.jpg?RS=300""]"
307421635,주르티,[20%쿠폰] 클래식 와이드 핀턱 슬랙스 차콜 J1805,https://www.wconcept.co.kr/Product/307421635,2,10,an******,2026.06.05,M,애정하는 주르티 요즘 교복템으로 아주 잘입고 다니는중이예오!,5.0,"{""사이즈"": ""작음"", ""색상"": ""비슷함"", ""소재"": ""비슷함""}","[""https://media.wconcept.co.kr/review/307421635/307421635_1780621766401.jpg?RS=300""]"
307421635,주르티,[20%쿠폰] 클래식 와이드 핀턱 슬랙스 차콜 J1805,https://www.wconcept.co.kr/Product/307421635,2,11,gw******,2026.06.04,S,핏이 진자 이뻐요 다른 색상잇으먄 사고싶은데 없어서 아쉽 장시간 앉아잇어도 주름도 안지고 편합니다 쵝오,5.0,"{""사이즈"": ""적당함"", ""색상"": ""같음"", ""소재"": ""같음""}","[""https://media.wconcept.co.kr/review/307421635/307421635_1780533783542.jpeg?RS=300""]"
307421635,주르티,[20%쿠폰] 클래식 와이드 핀턱 슬랙스 차콜 J1805,https://www.wconcept.co.kr/Product/307421635,2,12,ht******,2026.06.03,S,핏이 예쁘고 기장도 운동화신었을때 적당히 긴 기장이라 맘에 들어요,5.0,"{""사이즈"": ""적당함"", ""색상"": ""같음"", ""소재"": ""같음""}","[""https://media.wconcept.co.kr/review/307421635/307421635_1780469906799.jpeg?RS=300""]"
307421635,주르티,[20%쿠폰] 클래식 와이드 핀턱 슬랙스 차콜 J1805,https://www.wconcept.co.kr/Product/307421635,3,13,kk******,2026.05.30,S,소재가 얇아서 봄가을에도 잘 입을 것 같아요.ㅎㅎ,5.0,"{""사이즈"": ""적당함"", ""색상"": ""비슷함"", ""소재"": ""비슷함""}",[]
307421635,주르티,[20%쿠폰] 클래식 와이드 핀턱 슬랙스 차콜 J1805,https://www.wconcept.co.kr/Product/307421635,3,14,wc******,2026.05.29,S,허리는 어쩔 수 없이 한가득 줄여야만했지만 그래도 사진 그대로 촤르르 핏도 예쁘고 색상도 예뿜 ^ㅅ^,5.0,"{""사이즈"": ""큼"", ""색상"": ""같음"", ""소재"": ""같음""}",[]
307421635,주르티,[20%쿠폰] 클래식 와이드 핀턱 슬랙스 차콜 J1805,https://www.wconcept.co.kr/Product/307421635,3,15,ch******,2026.05.27,M,"핏도 괜찮고, 색이 은근히 브라운끼가 돌아서 예뻐요.",5.0,"{""사이즈"": ""적당함"", ""색상"": ""같음"", ""소재"": ""같음""}","[""https://media.wconcept.co.kr/review/307421635/307421635_1779891655087.jpg?RS=300""]"
307421635,주르티,[20%쿠폰] 클래식 와이드 핀턱 슬랙스 차콜 J1805,https://www.wconcept.co.kr/Product/307421635,3,16,ji******,2026.05.15,S,많고 많은 브랜드 중에 맘에 드는 옷 고르고 나면 주르티 옷인 경우가 많아서 신기해요. 실물이 더 예쁘고 퀄리티 정말 좋아요. 허리도 딱 맞고 길이 수선 안해도 맞춤 옷 같아요.,5.0,"{""사이즈"": ""적당함"", ""색상"": ""같음"", ""소재"": ""같음""}","[""https://media.wconcept.co.kr/review/307421635/307421635_1778771268261.jpeg?RS=300""]"
307421635,주르티,[20%쿠폰] 클래식 와이드 핀턱 슬랙스 차콜 J1805,https://www.wconcept.co.kr/Product/307421635,3,17,wc******,2026.05.07,M,길이는 살짝 생각보다 길어요~!,5.0,"{""사이즈"": ""적당함"", ""색상"": ""같음"", ""소재"": ""같음""}",[]
307421635,주르티,[20%쿠폰] 클래식 와이드 핀턱 슬랙스 차콜 J1805,https://www.wconcept.co.kr/Product/307421635,3,18,yo******,2026.05.06,M,"다좋은데 사이즈가 너무 컸어요ㅠㅠ s교환할까 고민하다가 안했는데 할걸 그랬어요... 결국 허리 셀프 수선하고 밑단도 한단 줄였네요ㅎ (사진은 수선한 후 입니당) 한 하의 28,29까지도 s가능할 것 같아요 제 체형이면 무조건 s하시고 160초반이면 무조건 줄여야 한다는거 감안하시길ㅎㅎ 전반적인 핏이나 색상(웜차콜) 자체는 맘에 듭니다! 적당히 얇고 후들거려서 봄가을에 잘입을 것 같아요!!",4.0,"{""사이즈"": ""큼"", ""색상"": ""같음"", ""소재"": ""같음""}","[""https://media.wconcept.co.kr/review/307421635/307421635_1778196593365.jpeg?RS=300"", ""https://media.wconcept.co.kr/review/307421635/307421635_1778196593271.jpeg?RS=300""]"
308843656,엽페,[30%쿠폰] 라인 스트라이프 티셔츠_네이비,https://www.wconcept.co.kr/Product/308843656,1,1,sy******,2026.09.13,ONE,소재가탄탄해요~~~ 간절기 딱이에용♡♡♡,5.0,"{""사이즈"": ""큼"", ""색상"": ""비슷함"", ""소재"": ""비슷함""}","[""https://media.wconcept.co.kr/review/308843656/308843656_1789264663111.jpg?RS=300""]"
308843656,엽페,[30%쿠폰] 라인 스트라이프 티셔츠_네이비,https://www.wconcept.co.kr/Product/308843656,1,2,hl******,2026.09.11,ONE,생각보다 얇지만 너무 이쁘네요 배송도 빠르고 다른색상도 살껄요,5.0,"{""사이즈"": ""큼"", ""색상"": ""같음"", ""소재"": ""같음""}","[""https://media.wconcept.co.kr/review/308843656/308843656_1789119080157.jpeg?RS=300""]"
308843656,엽페,[30%쿠폰] 라인 스트라이프 티셔츠_네이비,https://www.wconcept.co.kr/Product/308843656,1,3,wo******,2026.08.28,ONE,두께감 있어서 아직은 더울거 같고 가을에 잘 입을듯해요 사이즈는 편하긴 한데 체구가 작아서 전체적으로 큽니다 길이가 엉덩이 밑까지 오고 팔도 길어요,4.0,"{""사이즈"": ""큼"", ""색상"": ""비슷함"", ""소재"": ""비슷함""}","[""https://media.wconcept.co.kr/review/308843656/308843656_1787913183722.jpg?RS=300""]"
308843656,엽페,[30%쿠폰] 라인 스트라이프 티셔츠_네이비,https://www.wconcept.co.kr/Product/308843656,1,4,au******,2026.08.28,ONE,딱 원하는 색의 티셔츠에요 사이즈도 넉넉해서 원하는 핏으로 잘 입을거 같어요!! 할인할때 저렴하게 잘 구매햌ㅅ습니다,5.0,"{""사이즈"": ""큼"", ""색상"": ""같음"", ""소재"": ""같음""}","[""https://media.wconcept.co.kr/review/308843656/308843656_1787909767829.jpeg?RS=300""]"
308843656,엽페,[30%쿠폰] 라인 스트라이프 티셔츠_네이비,https://www.wconcept.co.kr/Product/308843656,1,5,ek******,2026.08.27,ONE,네이비와 브라운이 조화롭게 있는 스트라이프인데 너무 예뻐용...핏도 좋아요...오버해서 딱 입기 좋아요!! 그리고 몰랐는데 뒤에 예쁜 레이스라벨이 달려 있네용?? 디테일굿!!,5.0,"{""사이즈"": ""적당함"", ""색상"": ""같음"", ""소재"": ""같음""}","[""https://media.wconcept.co.kr/review/308843656/308843656_1787812857066.jpg?RS=300""]"
308843656,엽페,[30%쿠폰] 라인 스트라이프 티셔츠_네이비,https://www.wconcept.co.kr/Product/308843656,1,6,eu******,2026.08.27,ONE,엽페에서 이번에 여러개 구매했는데 다 만족인데...특히 이 스트라이프티셔츠는 대만족...오버핏인데 딱 그 원하는 오버핏 느낌입니다.. 부해보이지도 않고 오버핏인데 여리여리해보이는 오버핏?ㅎㅎ암튼 좋아요 원단도 좋고 건조기만 안돌리면 오래입을수 있을거같아요!,5.0,"{""사이즈"": ""적당함"", ""색상"": ""같음"", ""소재"": ""같음""}","[""https://media.wconcept.co.kr/review/308843656/308843656_1787806888422.jpg?RS=300""]"
304312643,리드볼트,[한정특가] 리드볼트 몬딱 캐리어 28인치,https://www.wconcept.co.kr/Product/304312643,1,1,co******,2025.11.22,BLACK,"호주 여행 가려구 샀는데 일단 너무 검정색이 예쁘게 잘 빠진거 같고 튼튼해서 다들 어디 브랜드냐고 막 물어봐요, 너무 만족합니다!",5.0,{},[]
304312643,리드볼트,[한정특가] 리드볼트 몬딱 캐리어 28인치,https://www.wconcept.co.kr/Product/304312643,1,2,od******,2025.10.03,SILVER,코르ㄷ스 26인치랑 리드볼트 28인치 입니다. 리드볼트꺼가 좀 더 중후한 실버입니다. 바퀴는 변경된 히노모토 휠로 왔어요. 전 딱히 찍혀 있거나 그런건 없는 거 같아요,5.0,{},"[""https://media.wconcept.co.kr/review/304312643/304312643_1759473644477.jpeg?RS=300""]"
304312643,리드볼트,[한정특가] 리드볼트 몬딱 캐리어 28인치,https://www.wconcept.co.kr/Product/304312643,1,3,37******,2025.08.08,BLACK,생각보다 무거운거같기도한데 크니까 가뱌운거같기도하구요 블랙예쁘네요,5.0,{},"[""https://media.wconcept.co.kr/review/304312643/304312643_1754633112888.jpeg?RS=300""]"
304312643,리드볼트,[한정특가] 리드볼트 몬딱 캐리어 28인치,https://www.wconcept.co.kr/Product/304312643,1,4,my******,2025.08.02,DARK GREY,"사이즈도 크고 튼튼해보여서 좋아요 , 여행갈때 쓰려고 샀는데 잘쓰고다닐게요!",5.0,{},"[""https://media.wconcept.co.kr/review/304312643/304312643_1754129497455.jpeg?RS=300""]"
304312643,리드볼트,[한정특가] 리드볼트 몬딱 캐리어 28인치,https://www.wconcept.co.kr/Product/304312643,1,5,sh******,2025.08.01,SILVER,이번 여행때 든든하겠네요^^,5.0,{},[]
304312643,리드볼트,[한정특가] 리드볼트 몬딱 캐리어 28인치,https://www.wconcept.co.kr/Product/304312643,1,6,sh******,2025.08.01,DARK GREY,이번 여행때 든든하겠네요^^,5.0,{},"[""https://media.wconcept.co.kr/review/304312643/304312643_1753975936364.jpeg?RS=300""]"
304312643,리드볼트,[한정특가] 리드볼트 몬딱 캐리어 28인치,https://www.wconcept.co.kr/Product/304312643,2,7,ha******,2025.07.29,DARK GREY,역시 소문대로 너무 좋네요!!!해외 여행때문에 필요해서 알아보고 있었는데 가격때문에 좀 고민했어요..근데 평이 너무 좋아서 구매했습니다.가격대가 조금 있기는 하지만 너무 맘에 듭니다.바퀴가 일단 제일 맘에 들어요.무소음에 너무 스무스하게 잘 굴러가요!! 그리고 28인치 사이즈인데 가방 자체가 무겁지 않아요!!^^잠금장치도 튼튼하고 내부도 맘에 듭니다!이번에 여행갈때 사용해보려고 기대중입니다^^ AS도 10년 동안 된다고 하니...더더욱 좋네요^^,5.0,{},"[""https://media.wconcept.co.kr/review/304312643/304312643_1753770467269.jpg?RS=300"", ""https://media.wconcept.co.kr/review/304312643/304312643_1753770467115.jpg?RS=300""]"
304312643,리드볼트,[한정특가] 리드볼트 몬딱 캐리어 28인치,https://www.wconcept.co.kr/Product/304312643,2,8,yh******,2025.07.20,DARK GREY,"28인치라 확실히 크고 수납공간이 좋습니다. 소재도 탄탄해서 금방 깨지거나 하지 않을것같아요. 기존 사용하던 캐리어가 깨져서 구매하게 된건데, 리드볼트는 튼튼하다는 느낌이 들어서 오래쓸수 있을 것 같습니다. 바퀴도 부드럽게 잘 굴러갑니다. 똑딱이형 버튼 처음 사용해보는데 지퍼형보다 좋은 것 같아요.",5.0,{},"[""https://media.wconcept.co.kr/review/304312643/304312643_1752938589444.jpg?RS=300"", ""https://media.wconcept.co.kr/review/304312643/304312643_1752938589269.jpg?RS=300""]"
304312643,리드볼트,[한정특가] 리드볼트 몬딱 캐리어 28인치,https://www.wconcept.co.kr/Product/304312643,2,9,mi******,2025.07.15,SILVER,배송 완전 빨리왔고 케리어 너무 이뻐요 ㅋㅋ 아직 사용은 전이지만 미국여행가느라고 준비했어요 튼튼하니 잘 견뎌주겠죠? ㅋㅋ 28인치라 넉넉하니 좋습니다용 ㅋㅋ,5.0,{},"[""https://media.wconcept.co.kr/review/304312643/304312643_1752588950075.jpeg?RS=300""]"
304312643,리드볼트,[한정특가] 리드볼트 몬딱 캐리어 28인치,https://www.wconcept.co.kr/Product/304312643,2,10,le******,2025.06.29,DARK GREY,신혼여행 때 사용하려고 구매했어요. 자주보던 유튜버들도 광고하고 해서 구매했고 지퍼식만 사용하고 금고형식은 처음인데 튼튼하면 좋겠네요ㅎㅎ 생각보다 무겁긴한데 그만큼 튼튼한거라 믿으려구요ㅎㅎ 신혼여행 유럽으로 가는데 안 고장나고 잘 쓰게되면 좋게ㅛ메용,5.0,{},"[""https://media.wconcept.co.kr/review/304312643/304312643_1751183926639.jpg?RS=300""]"
304312643,리드볼트,[한정특가] 리드볼트 몬딱 캐리어 28인치,https://www.wconcept.co.kr/Product/304312643,2,11,ji******,2025.06.27,SILVER,보기보다 가벼운편이에요. 디자인 예뻐요. 스크레치는 많이 날것 같아요,5.0,{},[]
304312643,리드볼트,[한정특가] 리드볼트 몬딱 캐리어 28인치,https://www.wconcept.co.kr/Product/304312643,2,12,eu******,2025.06.22,WHITE,우와 캐리어 진짜 많이 사봤는데 포장에 이렇게 진심으로 이쁘게 싸서 보내주는 곳은 첨이네요 가격도 착하고 너무 좋습니다 파손안되고 오래오래 썼으면 좋겠어요^^,5.0,{},"[""https://media.wconcept.co.kr/review/304312643/304312643_1750574672774.jpeg?RS=300"", ""https://media.wconcept.co.kr/review/304312643/304312643_1750574672698.jpeg?RS=300"", ""https://media.wconcept.co.kr/review/304312643/304312643_1750574672585.jpeg?RS=300""]"
304312643,리드볼트,[한정특가] 리드볼트 몬딱 캐리어 28인치,https://www.wconcept.co.kr/Product/304312643,3,13,dd******,2025.06.10,SILVER,캐리어를 바꿀때가 되어 고민하다가 워낙 유명하고 리뷰가 많아서 믿고 구매했습니다. 리뷰만큼 견고하네요.,5.0,{},"[""https://media.wconcept.co.kr/review/304312643/304312643_1749525904954.jpeg?RS=300""]"
304312643,리드볼트,[한정특가] 리드볼트 몬딱 캐리어 28인치,https://www.wconcept.co.kr/Product/304312643,3,14,fr******,2025.05.28,DARK GREY,20인치 구입하고 28인치까지 세트로 구입했는데 다크그레이색 완전 예뻐요. 가뿐하고 바퀴도 좋아요. 딸아이가 실버로 또 추가구입 들어가요ㅋ,5.0,{},"[""https://media.wconcept.co.kr/review/304312643/304312643_1748430005642.jpg?RS=300""]"
304312643,리드볼트,[한정특가] 리드볼트 몬딱 캐리어 28인치,https://www.wconcept.co.kr/Product/304312643,3,15,hj******,2024.09.23,LV-MONDDAK-28-DG,Tsa 잠금이라 좋아여. 한달 사용하고 난 후기는 오른쪽 잠금이 잘 안풀리고 여행할때 손잡이 부분이 흔들거리고 바퀴에서 이상한 소리가 납니다. 바퀴 굴러가는 소리가 아니라 끼익 거리는 소리라서 영 거슬리네요. 재구매는 없을 것 같습니다.,4.0,{},"[""https://media.wconcept.co.kr/review/304312643/304312643_1727070132458.jpg?RS=300"", ""https://media.wconcept.co.kr/review/304312643/304312643_1727070132363.jpg?RS=300"", ""https://media.wconcept.co.kr/review/304312643/304312643_1727070132188.jpg?RS=300""]"
304312643,리드볼트,[한정특가] 리드볼트 몬딱 캐리어 28인치,https://www.wconcept.co.kr/Product/304312643,3,16,on******,2024.08.04,LV-MONDDAK-28-DG,안에 26인치 캐리어 넣어서 보관하고 있어요 내부도 튼튼하고 역시 좋으네요 ~ 아직 끌고 나가진 않았는데 이번 여행 기대되요,5.0,{},[]
304312643,리드볼트,[한정특가] 리드볼트 몬딱 캐리어 28인치,https://www.wconcept.co.kr/Product/304312643,3,17,en******,2024.07.29,SILVER,예뻐요! 지퍼 아니라서 좋아요,5.0,{},[]
304312643,리드볼트,[한정특가] 리드볼트 몬딱 캐리어 28인치,https://www.wconcept.co.kr/Product/304312643,3,18,gy******,2024.07.28,LV-MONDDAK-28- SILVER,기존에 20인치 사서 쓰다가 너무 만족해서 28인치도 주문했는데 역시 좋네요! 디자인도 예쁘고 엄청 튼튼해보여요!!,5.0,{},"[""https://media.wconcept.co.kr/review/304312643/304312643_1722128147993.jpeg?RS=300""]"
308881009,토와브,[20%쿠폰] [단독] TOSCA TRENCH COAT_BEIGE,https://www.wconcept.co.kr/Product/308881009,1,1,ch******,2026.09.12,"BEIGE, FREE",여러분 진짜 어른 여자가 취향이라면 토와브 이 트렌치 코트 당장 사세요!!! 진짜 너무 예뻐요ㅠ,5.0,"{""사이즈"": ""적당함"", ""색상"": ""비슷함"", ""소재"": ""비슷함""}","[""https://media.wconcept.co.kr/review/308881009/308881009_1789219024721.jpeg?RS=300""]"
308881009,토와브,[20%쿠폰] [단독] TOSCA TRENCH COAT_BEIGE,https://www.wconcept.co.kr/Product/308881009,1,2,ko******,2026.09.09,"BEIGE, FREE",적당히 무겁고 멋스러워요 ~ 드레이프 넥 같은 느낌인데 예뻐요,5.0,"{""사이즈"": ""적당함"", ""색상"": ""비슷함"", ""소재"": ""비슷함""}",[]
308881009,토와브,[20%쿠폰] [단독] TOSCA TRENCH COAT_BEIGE,https://www.wconcept.co.kr/Product/308881009,1,3,dm******,2026.09.09,"BEIGE, FREE","베이지 아닌 더 밝은 색감, 긴 기장, 하이넥, 벨트를 해도 되는 트렌치코트를 찾고있었구요. 여러 옷들중에 선택했는데 모든 조건을 부합하는 옷이에요. 저는 웜에 가까운 뉴트럴톤인데 색감이 잘 어울려서 너무 좋았구요. 벨트를 풀고 입었을때에는 깃이 우아하게 펼쳐지고 그 선을따라 흐드러지듯 흘러내리는 유려한 곡선이 진짜 맘에 듭니다. 허리벨트했을때는 여성스러우면서도 어른여자의 시크한 너낌도 나요 아마 하이넥 디자인이라 그런 느낌이 드는 덧 같아요. 마감이나 소재도 좋고 두께감도 봄가을에 입기 딱 좋은것 같아요. 집앞에 나갈때도 툭 입고 주머니에 손넣고 나가도 되고 차려입을 때도 시크+단정+여성스러움이 묻어나는 트렌치입니다. 너모 잘샀오요🥰 잘 관리해서 오래오래입고싶어요",5.0,"{""사이즈"": ""적당함"", ""색상"": ""같음"", ""소재"": ""비슷함""}","[""https://media.wconcept.co.kr/review/308881009/308881009_1788916008761.jpg?RS=300"", ""https://media.wconcept.co.kr/review/308881009/308881009_1788916008622.jpg?RS=300""]"
308881009,토와브,[20%쿠폰] [단독] TOSCA TRENCH COAT_BEIGE,https://www.wconcept.co.kr/Product/308881009,1,4,su******,2026.09.08,"BEIGE, FREE",너무 분위기 있어보여요. 요즘 유행하는 딱 그런 디자인입니다.,5.0,"{""사이즈"": ""적당함"", ""색상"": ""같음"", ""소재"": ""같음""}","[""https://media.wconcept.co.kr/review/308881009/308881009_1788866324054.jpg?RS=300""]"
308881009,토와브,[20%쿠폰] [단독] TOSCA TRENCH COAT_BEIGE,https://www.wconcept.co.kr/Product/308881009,1,5,ea******,2026.08.24,"BEIGE, FREE",실물로 보고 입어보니 핏이 정말 예뻐 실물이 훨씬 ! 맘에드는 제품이에요! 촤르륵 떨어지는 롱코트라 키가 커보이는 것 같고.. 무거워 보였으나? 반전으로 정말 가벼워 손이 많이 가요..! 컬러도 오묘하게 연카키가 한방울 들어간 베이지라 고급스럽고 독보적인 트렌치에요..♥︎ 넥 부분은 어떻게 접고 피느냐에 따라 느낌이 달라서 활용하기 나름일것 같아요! 살짝 접어서 연출해도 예쁜데 저는 다 펴서 단추 잠구고 아래는 오픈해서 다니는게 제일 맘에들어용… 이번 가을 이것만 입고 다닐래요!!,5.0,"{""사이즈"": ""적당함"", ""색상"": ""같음"", ""소재"": ""같음""}","[""https://media.wconcept.co.kr/review/308902983/308902983_1787561751091.jpeg?RS=300"", ""https://media.wconcept.co.kr/review/308902983/308902983_1787561751052.jpeg?RS=300"", ""https://media.wconcept.co.kr/review/308902983/308902983_1787561750965.jpeg?RS=300""]"
308881009,토와브,[20%쿠폰] [단독] TOSCA TRENCH COAT_BEIGE,https://www.wconcept.co.kr/Product/308881009,1,6,rk******,2026.08.23,"BEIGE, FREE","제 키가 160cm인데, 이 코트는 입자마자 '이게 진짜 롱 코트의 정석이구나!' 싶었어요! 😍💖 사실 입기 전엔 너무 길어서 바닥에 끌리지 않을까 걱정했는데, 막상 입어보니 전혀 그렇지 않더라고요. 👍 키작녀들 걱정말아요~~❤️🕺 발목 위로 올라오는 기장감이라 활동하기에도 편하고, 무엇보다 길게 떨어지는 핏이 정말 예술이에요! ✨ 이 코트의 가장 큰 매력은 입었을 때 느껴져요! 입어보셔야 알아요;;;; 롱코트 특유의 시크하고 세련된 분위기가 이 코트에서는 유독 더 빛을 발하더라고요. 🥰 허리 벨트로 허리 라인을 강조해 주면 또 다른 느낌으로 연출할 수 있어서 좋았어요! 👏 소재도 부드럽고 퀄리티가 좋아서 오랫동안 입을 수 있을 것 같아요. 🙌 올가을, 겨울 아우터로 이 코트 정말 강력 추천합니다! 🔥💯❤️",5.0,"{""사이즈"": ""적당함"", ""색상"": ""같음"", ""소재"": ""같음""}","[""https://media.wconcept.co.kr/review/308902983/308902983_1787477293487.jpeg?RS=300"", ""https://media.wconcept.co.kr/review/308902983/308902983_1787477293449.jpeg?RS=300"", ""https://media.wconcept.co.kr/review/308902983/308902983_1787477293336.jpeg?RS=300""]"
308881009,토와브,[20%쿠폰] [단독] TOSCA TRENCH COAT_BEIGE,https://www.wconcept.co.kr/Product/308881009,2,7,sk******,2026.08.22,"BEIGE, FREE","완전 좋은 느낌을 주는 트렌치 발견..💛 하이넥으로 연출 가능한 트렌치를 찾고 있었는데 너무 무겁지 않고, 구김에 강하면서, 163기준 기장도 딱입니다!! 👍🏻 버튼 클로징이 약간 사선인게 진짜 맘에들고 컬러도 오묘하고 이뻐서 톤 안가리고 잘 어울릴 것 같아요 ! 올 가을 애착트렌치 확정..!!",5.0,"{""사이즈"": ""적당함"", ""색상"": ""같음"", ""소재"": ""같음""}","[""https://media.wconcept.co.kr/review/308902983/308902983_1787383993735.jpeg?RS=300"", ""https://media.wconcept.co.kr/review/308902983/308902983_1787383993644.jpeg?RS=300"", ""https://media.wconcept.co.kr/review/308902983/308902983_1787383993513.jpeg?RS=300""]"
307516703,히비스커스블룸,[30%쿠폰] Angora Half-Sleeve Knit Sweater [Gray],https://www.wconcept.co.kr/Product/307516703,1,1,01******,2026.09.12,Free,보들보들하고 촉감이 너무 좋아요 기장도 적당하고 두께감이 조금 있지만 포근하고 너무 고급스럽습니닽,5.0,"{""사이즈"": ""적당함"", ""색상"": ""같음"", ""소재"": ""같음""}",[]
307516703,히비스커스블룸,[30%쿠폰] Angora Half-Sleeve Knit Sweater [Gray],https://www.wconcept.co.kr/Product/307516703,1,2,gd******,2026.09.11,Free,"라이트 그레이 색상이라 여쿨,뮽 추천입니다. 저는 맨살에 입었을때 크게 까슬거리는 편은 아니었어요. 또 약간 앙고라 같아서 어두운 외투랑 같이 입으면 달라붙을 것 같긴 해요. 넥라인도 숙였을때 보이지않을까하는 걱정할 정도도 아닙니다! 허리 마감이 고무줄처럼 튼튼해서 신기해요.",5.0,"{""사이즈"": ""적당함"", ""색상"": ""같음"", ""소재"": ""비슷함""}","[""https://media.wconcept.co.kr/review/307516703/307516703_1789119223141.jpeg?RS=300""]"
307516703,히비스커스블룸,[30%쿠폰] Angora Half-Sleeve Knit Sweater [Gray],https://www.wconcept.co.kr/Product/307516703,1,3,hj******,2026.09.10,Free,작년에 주문했는데 품절로 강제 취소 당하고 이번에 재입고됐길래 주문했어요ㅎㅎ 넘 아쉬웠는데 다시 살 수 있어서 좋아요. 이거랑 비슷한 옷이 있는데 디자인이나 컬러가 더 취향이라 또 삽니다. 털날림은 있겠지만 앙고라가 부드러워서 좋고 레이어드해도 좋아요. 어깡으로 보여서 더 좋아요ㅋ 생각보다 도톰해서 따뜻합니다. 단독 착용은 계절감이 애매하지만 맘에 들어요. 특히 보라색 라벨이 넘 이쁘네요. 요런 건 겉에다 하면 어떨까요??ㅋㅋ 라벨 사이즈를 조절해서 넥 뒤쪽이나 옆측에 부착하면 포인트로 완전 이쁠 듯요. 요즘엔 라벨을 일부러 겉에 하잖아요ㅎㅎ,4.0,"{""사이즈"": ""큼"", ""색상"": ""같음"", ""소재"": ""같음""}","[""https://media.wconcept.co.kr/review/307516703/307516703_1789034908434.jpeg?RS=300"", ""https://media.wconcept.co.kr/review/307516703/307516703_1789034908318.jpeg?RS=300"", ""https://media.wconcept.co.kr/review/307516703/307516703_1789034908147.jpeg?RS=300""]"
307516703,히비스커스블룸,[30%쿠폰] Angora Half-Sleeve Knit Sweater [Gray],https://www.wconcept.co.kr/Product/307516703,1,4,mk******,2026.09.10,Free,여리여리하고 털도 덜 날리고 (입에 안들어감) 안에 뭐 안입어도 가능해요 완전 여성여성,5.0,"{""사이즈"": ""작음"", ""색상"": ""같음"", ""소재"": ""같음""}","[""https://media.wconcept.co.kr/review/307516703/307516703_1789031241733.jpeg?RS=300"", ""https://media.wconcept.co.kr/review/307516703/307516703_1789031241633.jpeg?RS=300""]"
307516703,히비스커스블룸,[30%쿠폰] Angora Half-Sleeve Knit Sweater [Gray],https://www.wconcept.co.kr/Product/307516703,1,5,bl******,2026.05.23,Free,소재가 정말 부드럽습니다. 그리고 후기 사진 찍으려는데 주인님이 쳐다 보길래 같이 찍었어요. 오늘 하루 즐겁게 보내셨으면 좋겠습니다. 잘 입을게요. 감사합니다!,5.0,"{""사이즈"": ""적당함"", ""색상"": ""같음"", ""소재"": ""같음""}",[]
307516703,히비스커스블룸,[30%쿠폰] Angora Half-Sleeve Knit Sweater [Gray],https://www.wconcept.co.kr/Product/307516703,1,6,lm******,2026.05.17,Free,약간 두꺼운 반팔이라 겨울에 입기 좋아요 밖은 춥고 안은 히터로 덥잖아요! 근데 이거입으면 좋더라구요 재질도 싸보이지않고 좋습니다!,5.0,"{""사이즈"": ""적당함"", ""색상"": ""비슷함"", ""소재"": ""비슷함""}",[]
307516703,히비스커스블룸,[30%쿠폰] Angora Half-Sleeve Knit Sweater [Gray],https://www.wconcept.co.kr/Product/307516703,2,7,fr******,2026.04.27,Free,보들보들하니 부드러워서 하나만 입어도 까슬한느낌은 없어요,5.0,"{""사이즈"": ""적당함"", ""색상"": ""같음"", ""소재"": ""같음""}","[""https://media.wconcept.co.kr/review/307516703/307516703_1777279461215.jpg?RS=300""]"
307516703,히비스커스블룸,[30%쿠폰] Angora Half-Sleeve Knit Sweater [Gray],https://www.wconcept.co.kr/Product/307516703,2,8,ye******,2026.04.16,Free,질도 좋고 디자인 이쁩니다 색상도 너무 맘에 들어요,5.0,"{""사이즈"": ""적당함"", ""색상"": ""같음"", ""소재"": ""같음""}","[""https://media.wconcept.co.kr/review/307516703/307516703_1776301229205.jpg?RS=300""]"
307516703,히비스커스블룸,[30%쿠폰] Angora Half-Sleeve Knit Sweater [Gray],https://www.wconcept.co.kr/Product/307516703,2,9,pk******,2026.04.06,Free,사진하고 거의 같은 색감이에요 부드럽긴 한데 검정색 옷 입을때는 털 날림이 있긴 했어요 그래도 저렴한 옷보다는 확실이 덜한듯,5.0,"{""사이즈"": ""적당함"", ""색상"": ""같음"", ""소재"": ""같음""}","[""https://media.wconcept.co.kr/review/307516703/307516703_1775481294987.jpg?RS=300""]"
307516703,히비스커스블룸,[30%쿠폰] Angora Half-Sleeve Knit Sweater [Gray],https://www.wconcept.co.kr/Product/307516703,2,10,se******,2026.04.02,Free,약간 통이 넓긴 한데 그래도 예뻐요 지금 날씨에 단독으로 입기 딱이에요,5.0,"{""사이즈"": ""적당함"", ""색상"": ""같음"", ""소재"": ""같음""}","[""https://media.wconcept.co.kr/review/307516703/307516703_1775103022150.jpeg?RS=300""]"
307516703,히비스커스블룸,[30%쿠폰] Angora Half-Sleeve Knit Sweater [Gray],https://www.wconcept.co.kr/Product/307516703,2,11,ss******,2026.04.01,Free,여행가기전 급하게 구매햇는데 너무 맘에드네요 보들보들하고 생각보다 엄청 따듯해요 ㅎㅎ 추운나라 갓을때 딱이에요 잘입고왔어요 사진도 너무 잘나오고 앞으로 평상시에도 쭉 잘 입을것 같아요,5.0,"{""사이즈"": ""적당함"", ""색상"": ""같음"", ""소재"": ""같음""}","[""https://media.wconcept.co.kr/review/307516703/307516703_1775006755760.jpeg?RS=300""]"
307516703,히비스커스블룸,[30%쿠폰] Angora Half-Sleeve Knit Sweater [Gray],https://www.wconcept.co.kr/Product/307516703,2,12,ju******,2026.03.28,Free,컬러랑 핏이 진짜 이뻐요!! 앙고란데 부들하고 안따가워서 좋아요 단점은 털이 조금 빠지는데 그래도 너무 예쁘고 고급진 느낌,5.0,"{""사이즈"": ""작음"", ""색상"": ""같음"", ""소재"": ""같음""}","[""https://media.wconcept.co.kr/review/307516703/307516703_1774643148413.jpg?RS=300""]"
307516703,히비스커스블룸,[30%쿠폰] Angora Half-Sleeve Knit Sweater [Gray],https://www.wconcept.co.kr/Product/307516703,3,13,na******,2026.03.27,Free,살짝만 더 작았다면 더 예쁠것같은... 어깨가 좀 큰느낌입니다 그래도 예뻐요,5.0,"{""사이즈"": ""큼"", ""색상"": ""같음"", ""소재"": ""같음""}",[]
307516703,히비스커스블룸,[30%쿠폰] Angora Half-Sleeve Knit Sweater [Gray],https://www.wconcept.co.kr/Product/307516703,3,14,wc******,2026.03.23,Free,반팔만 입기엔 부담스러워 블라우스에 레이어드해서 입어요. 샥이 참 밝고 예쁜데 소재가 두꺼워서 어깨가 좀 있어보이게 되는 건 어쩔 수 없는 거 같아요.,4.0,"{""사이즈"": ""적당함"", ""색상"": ""같음"", ""소재"": ""같음""}","[""https://media.wconcept.co.kr/review/307516703/307516703_1774212597595.jpeg?RS=300""]"
307516703,히비스커스블룸,[30%쿠폰] Angora Half-Sleeve Knit Sweater [Gray],https://www.wconcept.co.kr/Product/307516703,3,15,kj******,2026.03.22,Free,"사진대로 너뮤 예뻐요 그런데 받쳐 입을 바지나 치마가 없어서 아직까지 게시를 못했어요,, 맞춰 입을 걸 사야겠어요 ㅎㅎ",5.0,"{""사이즈"": ""적당함"", ""색상"": ""같음"", ""소재"": ""같음""}","[""https://media.wconcept.co.kr/review/307516703/307516703_1774162806826.jpeg?RS=300""]"
307516703,히비스커스블룸,[30%쿠폰] Angora Half-Sleeve Knit Sweater [Gray],https://www.wconcept.co.kr/Product/307516703,3,16,kh******,2026.03.16,Free,너무 오래 기다렸다가 받았는데... 솔직히 가격이 좀 비싼거 같아요... 기다리다 타 사이트에서 보세옷으로 똑같은 디자인 구매했는데 가격은 3/1인데 보세옷이 더 길이도 적당하고 편했어요.,5.0,"{""사이즈"": ""작음"", ""색상"": ""같음"", ""소재"": ""같음""}","[""https://media.wconcept.co.kr/review/307516703/307516703_1773638464347.jpeg?RS=300""]"
307516703,히비스커스블룸,[30%쿠폰] Angora Half-Sleeve Knit Sweater [Gray],https://www.wconcept.co.kr/Product/307516703,3,17,qu******,2026.03.16,Free,소재가 생각보다 두꺼워서 좋아요 실물이 더 예쁩니다,5.0,"{""사이즈"": ""작음"", ""색상"": ""같음"", ""소재"": ""같음""}","[""https://media.wconcept.co.kr/review/307516703/307516703_1773629516416.jpeg?RS=300""]"
307516703,히비스커스블룸,[30%쿠폰] Angora Half-Sleeve Knit Sweater [Gray],https://www.wconcept.co.kr/Product/307516703,3,18,qa******,2026.03.14,Free,박스가 안에 내용물 다 보이게 와서 열받아서 환불하려다가 옷은 이상없길래 그냥 두는데 왜 저렇게까지 파손되서 왓을까요 ㅡㅡ 핏이 흐르는 핏아니고 두툼하니 모양 잡혀잇어서 그게 별로긴한데 (그래서 부해버임) 색이 맘에들어 귀참ㅎ기도해서 그냥 입으랴구요,5.0,"{""사이즈"": ""작음"", ""색상"": ""같음"", ""소재"": ""비슷함""}",[]
307350064,메무아,[30%쿠폰] 스푸마토 언발 블라우스,https://www.wconcept.co.kr/Product/307350064,1,1,wc******,2026.09.13,카키_FREE,편하고 이뻐요 간절기에 입기 좋습니다. 여름에도 에어컨바람에 좋아요,5.0,"{""사이즈"": ""적당함"", ""색상"": ""같음"", ""소재"": ""같음""}","[""https://media.wconcept.co.kr/review/307350064/307350064_1789304328591.jpg?RS=300""]"
307350064,메무아,[30%쿠폰] 스푸마토 언발 블라우스,https://www.wconcept.co.kr/Product/307350064,1,2,ly******,2026.09.13,아이보리_FREE,편하고 멋스러워요 좀 비치고 얇은 타입이라 관리가 어려울거같아요,5.0,"{""사이즈"": ""큼"", ""색상"": ""비슷함"", ""소재"": ""비슷함""}","[""https://media.wconcept.co.kr/review/307350064/307350064_1789278384896.jpeg?RS=300""]"
307350064,메무아,[30%쿠폰] 스푸마토 언발 블라우스,https://www.wconcept.co.kr/Product/307350064,1,3,yu******,2026.09.13,그레이쉬블루_FREE,예뻐요 흐물거리긴해도 편해요 강의할 때 자주 입습니다 ㅎㅎ,5.0,"{""사이즈"": ""큼"", ""색상"": ""같음"", ""소재"": ""비슷함""}","[""https://media.wconcept.co.kr/review/307350064/307350064_1789269890741.jpeg?RS=300""]"
307350064,메무아,[30%쿠폰] 스푸마토 언발 블라우스,https://www.wconcept.co.kr/Product/307350064,1,4,wc******,2026.09.12,아이보리_FREE,"제품 사진과, 그리고 제가 생각한 디자인과 똑같아요. 착한 가격에 유니크한 디자인의 루즈한 화이트셔츠를 살 수 있어 좋습니다.",5.0,"{""사이즈"": ""큼"", ""색상"": ""같음"", ""소재"": ""같음""}","[""https://media.wconcept.co.kr/review/307350064/307350064_1789139579506.jpg?RS=300""]"
307350064,메무아,[30%쿠폰] 스푸마토 언발 블라우스,https://www.wconcept.co.kr/Product/307350064,1,5,fo******,2026.09.11,카키_FREE,예뻐요 리뷰가 많은 이유가 있네요. 다른색도 구입할려구요. 간절기 지금 입기 좋아요,5.0,"{""사이즈"": ""적당함"", ""색상"": ""같음"", ""소재"": ""같음""}",[]
307350064,메무아,[30%쿠폰] 스푸마토 언발 블라우스,https://www.wconcept.co.kr/Product/307350064,1,6,wc******,2026.09.11,카키_FREE,옷이 어떻게 입으라는건지 허리 잡아주는게 없어서 애매해요 ㅜㅜ,2.0,"{""사이즈"": ""큼"", ""색상"": ""같음"", ""소재"": ""비슷함""}",[]
307350064,메무아,[30%쿠폰] 스푸마토 언발 블라우스,https://www.wconcept.co.kr/Product/307350064,2,7,mi******,2026.09.11,그레이쉬블루_FREE,잘받았습니다 구김도 별로없고 색상도 맘에들어요 다른색상도 하나더 살껄ㅠㅠ,5.0,"{""사이즈"": ""적당함"", ""색상"": ""비슷함"", ""소재"": ""비슷함""}","[""https://media.wconcept.co.kr/review/307350064/307350064_1789107470420.jpg?RS=300""]"
307350064,메무아,[30%쿠폰] 스푸마토 언발 블라우스,https://www.wconcept.co.kr/Product/307350064,2,8,dm******,2026.09.10,그레이쉬블루_FREE,루즈핏인줄 알았는데 생각보다 더 큰 느낌이예요 특히 길이가 깁니다 참고!! 색상이 독특하고 이뻐서 구매했고 이런 옆단추 스타일을 좋아하는데 옷도 무난하고 이뻐요,5.0,"{""사이즈"": ""큼"", ""색상"": ""같음"", ""소재"": ""같음""}","[""https://media.wconcept.co.kr/review/307350064/307350064_1789017493098.jpg?RS=300""]"
307350064,메무아,[30%쿠폰] 스푸마토 언발 블라우스,https://www.wconcept.co.kr/Product/307350064,2,9,wc******,2026.09.10,그레이쉬블루_FREE,그레이쉬한 연블루라서 하의매치가 편할거같구요 드라이해야되는 단점이있긴한데 지금 딱 간절기 입기 괜찮아요 허리쪽 단추를잠그면 라인이 살아서 또다른맛으로 입을수있어요. 어깨라인 타고 떨어지는옷이라 어깨가 있고 허리얇은체형이 잘 어울릴 옷이네요 타이블라우스 취소하고 이거로바뀌주문했는데 잘한거같아요. 반지나 손톱 가방에 잘못걸리면 손상될 재질이라 주의가필요해요,5.0,"{""사이즈"": ""적당함"", ""색상"": ""같음"", ""소재"": ""비슷함""}","[""https://media.wconcept.co.kr/review/307350064/307350064_1789003996430.jpg?RS=300""]"
307350064,메무아,[30%쿠폰] 스푸마토 언발 블라우스,https://www.wconcept.co.kr/Product/307350064,2,10,wc******,2026.09.09,그레이쉬블루_FREE,디잔이 독특하면서도 이너로 입기 적합하여 활용도가 높은 옷인것같아요,5.0,"{""사이즈"": ""적당함"", ""색상"": ""같음"", ""소재"": ""같음""}",[]
307350064,메무아,[30%쿠폰] 스푸마토 언발 블라우스,https://www.wconcept.co.kr/Product/307350064,2,11,wc******,2026.09.09,카키_FREE,디자인이 흔치않으면서도 가벼워 이너로도 좋습니다 손자주갈아이템이네요,5.0,"{""사이즈"": ""적당함"", ""색상"": ""같음"", ""소재"": ""같음""}",[]
307350064,메무아,[30%쿠폰] 스푸마토 언발 블라우스,https://www.wconcept.co.kr/Product/307350064,2,12,wk******,2026.09.09,그레이쉬블루_FREE,"생각보다 넉넉한 오버핏이에요. 생각보다 구김이 가지 않고, 촉감이 부들부들 해요. 두 가지 방법으로 연출할 수 있는 점도 맘에 들었습니다.",5.0,"{""사이즈"": ""큼"", ""색상"": ""같음"", ""소재"": ""같음""}","[""https://media.wconcept.co.kr/review/307350064/307350064_1788950564836.jpg?RS=300""]"
307350064,메무아,[30%쿠폰] 스푸마토 언발 블라우스,https://www.wconcept.co.kr/Product/307350064,3,13,co******,2026.09.08,카키_FREE,컬러별로 구매했다는 후기가 이해됐어요~ 원단도 고급스럽고 정말 예쁜 카키예요. 겉돌지않고 차분한 카키여서 여밈방법에 따라 격식 갖춘 느낌도 들어요 ^-^,5.0,"{""사이즈"": ""적당함"", ""색상"": ""같음"", ""소재"": ""같음""}",[]
307350064,메무아,[30%쿠폰] 스푸마토 언발 블라우스,https://www.wconcept.co.kr/Product/307350064,3,14,yo******,2026.09.08,아이보리_FREE,카키색이랑 두가지 색깔 사서 가을에 번갈아 입으려고요 소재가 넘 좋아요,5.0,"{""사이즈"": ""적당함"", ""색상"": ""같음"", ""소재"": ""같음""}","[""https://media.wconcept.co.kr/review/307350064/307350064_1788848065192.jpeg?RS=300""]"
307350064,메무아,[30%쿠폰] 스푸마토 언발 블라우스,https://www.wconcept.co.kr/Product/307350064,3,15,yo******,2026.09.08,카키_FREE,소재가 넘 좋고 분위기 있어요 힌색도 사서 잘입고 있습니다,5.0,"{""사이즈"": ""적당함"", ""색상"": ""같음"", ""소재"": ""같음""}","[""https://media.wconcept.co.kr/review/307350064/307350064_1788847967571.jpeg?RS=300""]"
307350064,메무아,[30%쿠폰] 스푸마토 언발 블라우스,https://www.wconcept.co.kr/Product/307350064,3,16,kt******,2026.09.08,카키_FREE,너무 멋져요~ 다만 허리에 묶어줄 벨트나 끈이 세트면 하는 아쉬움이 있어요,5.0,"{""사이즈"": ""적당함"", ""색상"": ""같음"", ""소재"": ""같음""}","[""https://media.wconcept.co.kr/review/307350064/307350064_1788832148092.jpeg?RS=300""]"
307350064,메무아,[30%쿠폰] 스푸마토 언발 블라우스,https://www.wconcept.co.kr/Product/307350064,3,17,wc******,2026.09.07,그레이쉬블루_FREE,일단 색감이 너무 예뻐요 그리고 앞이 좀 벌어져서 옷핀으로 고정했어요~ 루즈핏으로 여리여리 느낌 딱 좋아요~,5.0,"{""사이즈"": ""적당함"", ""색상"": ""같음"", ""소재"": ""같음""}","[""https://media.wconcept.co.kr/review/307350064/307350064_1788783471133.jpeg?RS=300"", ""https://media.wconcept.co.kr/review/307350064/307350064_1788783471021.jpeg?RS=300""]"
307350064,메무아,[30%쿠폰] 스푸마토 언발 블라우스,https://www.wconcept.co.kr/Product/307350064,3,18,so******,2026.09.07,카키_FREE,정말 구매하고 제일 만족한 제품이에요~ 모든 옷과 잘어울리고 진짜!! 넘 이뻐요~,5.0,"{""사이즈"": ""적당함"", ""색상"": ""같음"", ""소재"": ""같음""}",[]
307602139,히비스커스블룸,[30%쿠폰] Jenny Jaquard Flared Skirt [Black],https://www.wconcept.co.kr/Product/307602139,1,1,ie******,2026.09.02,Long S,왜이제서야 구입했는지^^ 인기상품인거 받아보고 알았어요 라인이 풍성히지만 허리복부쪽도 잡아주고 정말 사랑스러운 스커트예요 가을겨울에 잘입을거같아요^^,5.0,"{""사이즈"": ""적당함"", ""색상"": ""같음"", ""소재"": ""같음""}","[""https://media.wconcept.co.kr/review/307602139/307602139_1788298248291.jpg?RS=300""]"
307602139,히비스커스블룸,[30%쿠폰] Jenny Jaquard Flared Skirt [Black],https://www.wconcept.co.kr/Product/307602139,1,2,ju******,2026.05.16,Long S,고급스러운 패턴과 핏이 눈에 아른거려 살까말까 살까말까 백만번 고민하다 세일때 질렀던 아이템! 제 키에는 핏이 어정쩡해서 꼭 힐을 신어야 하지만 그럼에도 불구하고 예쁘고 유니크하게 입을 수 있는 스커트라 만족합니당✌🏻,5.0,"{""사이즈"": ""큼"", ""색상"": ""같음"", ""소재"": ""같음""}","[""https://media.wconcept.co.kr/review/307602139/307602139_1778894050829.jpeg?RS=300""]"
307602139,히비스커스블룸,[30%쿠폰] Jenny Jaquard Flared Skirt [Black],https://www.wconcept.co.kr/Product/307602139,1,3,na******,2026.04.13,Long S,원단이 탄탄해서 모양을 잘 잡아주고 풍성해서 예뻐요. 근데 힙이 좀 있는 경우라 핏이 모델처럼 나오지는 않네요. 한사이즈 키울까하다 허리 얇은 편이라 이대로 입어요!,5.0,"{""사이즈"": ""적당함"", ""색상"": ""같음"", ""소재"": ""같음""}","[""https://media.wconcept.co.kr/review/307602139/307602139_1776045719179.jpeg?RS=300""]"
307602139,히비스커스블룸,[30%쿠폰] Jenny Jaquard Flared Skirt [Black],https://www.wconcept.co.kr/Product/307602139,1,4,tm******,2026.04.09,Long S,정말 너무너무 예뻐요! 공주님 스타일입니다:),5.0,"{""사이즈"": ""적당함"", ""색상"": ""같음"", ""소재"": ""같음""}",[]
307602139,히비스커스블룸,[30%쿠폰] Jenny Jaquard Flared Skirt [Black],https://www.wconcept.co.kr/Product/307602139,1,5,he******,2026.04.06,Long S,근래에 입은 치마 중에 제일 잘 입고 있어요 아직까진 날씨가 추워서 톡톡하니 좋아요 길이감도 딱 적당해서 사진도 너무 예쁘게 잘 나오고 고급스러워 보이네요🖤,5.0,"{""사이즈"": ""적당함"", ""색상"": ""같음"", ""소재"": ""같음""}","[""https://media.wconcept.co.kr/review/307602139/307602139_1775484030555.jpeg?RS=300""]"
307602139,히비스커스블룸,[30%쿠폰] Jenny Jaquard Flared Skirt [Black],https://www.wconcept.co.kr/Product/307602139,1,6,fo******,2026.03.29,Long S,약간 디자인 특성상 다리가 길어 보이진 않은 거 같아요. 그래도 볼륨 감이 있는 스커트는 많지 않아 잘 입었습니다. 하루 만에 올이 나가버려서 그건 좀 속상하네요.,5.0,"{""사이즈"": ""큼"", ""색상"": ""비슷함"", ""소재"": ""비슷함""}",[]
307602139,히비스커스블룸,[30%쿠폰] Jenny Jaquard Flared Skirt [Black],https://www.wconcept.co.kr/Product/307602139,2,7,wc******,2026.03.26,Midi S,150기준 미디치마 기장딱좋습니당 ㅋ 고급져보이고 휘뚤마뚤 경조사때도입기좋고 라인이 에이로떨어져서 풍성해버여용,5.0,"{""사이즈"": ""적당함"", ""색상"": ""비슷함"", ""소재"": ""비슷함""}","[""https://media.wconcept.co.kr/review/307602139/307602139_1774503468986.jpeg?RS=300""]"
307602139,히비스커스블룸,[30%쿠폰] Jenny Jaquard Flared Skirt [Black],https://www.wconcept.co.kr/Product/307602139,2,8,wc******,2026.03.24,Long M,봄이나 늦가을 초겨울까지는 잘 입을수 있을것 같에요. 마감처리도 좋고 소재도 고급스럽고 착용감도 아주 좋습니다.,5.0,"{""사이즈"": ""적당함"", ""색상"": ""같음"", ""소재"": ""같음""}",[]
307602139,히비스커스블룸,[30%쿠폰] Jenny Jaquard Flared Skirt [Black],https://www.wconcept.co.kr/Product/307602139,2,9,uu******,2026.03.24,Long S,풍성함과 도톰함은 괜찮아요. 그러나 고급스러운 느낌은 아니어요. 그냥 편하게 입기에는 괜찮아요.,5.0,"{""사이즈"": ""적당함"", ""색상"": ""같음"", ""소재"": ""같음""}","[""https://media.wconcept.co.kr/review/307602139/307602139_1774336510736.jpeg?RS=300""]"
307602139,히비스커스블룸,[30%쿠폰] Jenny Jaquard Flared Skirt [Black],https://www.wconcept.co.kr/Product/307602139,2,10,wi******,2026.03.22,Long M,볼륨감 있는 치마예요 도톰하니 겨울에 잘 입었어요~,5.0,"{""사이즈"": ""적당함"", ""색상"": ""같음"", ""소재"": ""같음""}","[""https://media.wconcept.co.kr/review/307602139/307602139_1774177709066.jpg?RS=300""]"
307602139,히비스커스블룸,[30%쿠폰] Jenny Jaquard Flared Skirt [Black],https://www.wconcept.co.kr/Product/307602139,2,11,ji******,2026.03.18,Midi M,"펑퍼짐해보였는데, 입으니 괜찮아요 가디건과 세트로 구매했어오",5.0,"{""사이즈"": ""적당함"", ""색상"": ""비슷함"", ""소재"": ""비슷함""}",[]
307602139,히비스커스블룸,[30%쿠폰] Jenny Jaquard Flared Skirt [Black],https://www.wconcept.co.kr/Product/307602139,2,12,ee******,2026.03.15,Long S,겨울에는 오히려 치마 찾게 되는데(안에 더 입게 되니) 이 치마가 귀여워보여서 질렀습니다. 실제로도 귀엽고 두께도 도톰해서 잘 입고 있어요.,5.0,"{""사이즈"": ""적당함"", ""색상"": ""같음"", ""소재"": ""같음""}",[]
307602139,히비스커스블룸,[30%쿠폰] Jenny Jaquard Flared Skirt [Black],https://www.wconcept.co.kr/Product/307602139,3,13,mi******,2026.03.13,Long M,코디 그대로 주문했어요. 치마 따뜻하고 이뻐요 좋아요,5.0,"{""사이즈"": ""적당함"", ""색상"": ""같음"", ""소재"": ""같음""}","[""https://media.wconcept.co.kr/review/307602139/307602139_1773409966732.jpeg?RS=300""]"
307602139,히비스커스블룸,[30%쿠폰] Jenny Jaquard Flared Skirt [Black],https://www.wconcept.co.kr/Product/307602139,3,14,dl******,2026.03.08,Long M,하객 룩으로 입을려고 구입했는데 평소에도 잘입고 다녀요 가디건이나 후드 티에도 어울리고 과하지않아요. 애착템이 되었네요,5.0,"{""사이즈"": ""적당함"", ""색상"": ""같음"", ""소재"": ""같음""}",[]
307602139,히비스커스블룸,[30%쿠폰] Jenny Jaquard Flared Skirt [Black],https://www.wconcept.co.kr/Product/307602139,3,15,yo******,2026.03.08,Long S,"허리 라인에 길게 박음질 되어 있어 그 아래쪽으로 치마가 풍성하게 퍼져 너무 예뻐요. ㅎㅎ 오랜만에 입어보는 공주님 치마라 기분이가 좋네요~ 결혼식이나 행사 등 옷을 갖춰 입어야 할 자리에 입기 좋고, 검정색이라 상의에 셔츠, 가디건, 자켓 등 무엇이든 어떤 색깔이든 무난하게 어울립니다. 자가드 원단이라 슬쩍 슬쩍 보이는 무늬가 있어 고급스러움이 있고 소재가 톡톡하니 한 겨울에 입기에도 괜찮았습니다 :) 다만, 저도 나름 할인 중일 때 구매했는데, 구매 이후 며칠 있다가 설 행사로 가격이 3만원 정도나 더 내려가서 마이 마이 아쉬웠네요..ㅠㅠ 그리고 다른 많은 분들의 후기와 마찬가지로 디자인으로 인해 허리가 많이 작은 편입니다. 착용감이 편한 옷은 아니에요. 예쁜만큼 큰 불편함도 감수해야 할 옷이나, 뭐니뭐니해도 제 허리가 가장 큰 문제게쬬..ㅎㅎ 전 결혼식 갈 때입으면 식사 후 돌아오는 길부터 마이 힘들더라고요..ㅋㅋㅋㅋㅋ 예쁘게 입고 싶다면, 다이어트를 유발하게 되는 옷이랍니다!! ㅎㅎ",4.0,"{""사이즈"": ""작음"", ""색상"": ""같음"", ""소재"": ""비슷함""}","[""https://media.wconcept.co.kr/review/307602139/307602139_1772909214418.jpg?RS=300""]"
307602139,히비스커스블룸,[30%쿠폰] Jenny Jaquard Flared Skirt [Black],https://www.wconcept.co.kr/Product/307602139,3,16,dn******,2026.03.05,Long M,진~~~~~짜 예뻐요!!,5.0,"{""사이즈"": ""적당함"", ""색상"": ""같음"", ""소재"": ""같음""}",[]
307602139,히비스커스블룸,[30%쿠폰] Jenny Jaquard Flared Skirt [Black],https://www.wconcept.co.kr/Product/307602139,3,17,hy******,2026.03.04,Long S,우아해보여요 이뻐요,5.0,"{""사이즈"": ""적당함"", ""색상"": ""같음"", ""소재"": ""같음""}",[]
307602139,히비스커스블룸,[30%쿠폰] Jenny Jaquard Flared Skirt [Black],https://www.wconcept.co.kr/Product/307602139,3,18,dl******,2026.03.04,Long S,여성스럽고 재질 좋습니다~,5.0,"{""사이즈"": ""적당함"", ""색상"": ""같음"", ""소재"": ""같음""}",[]
308909143,스퍼,[20%쿠폰] [단독][주문폭주 블랙색상 09월 18일 출고] Split Bow Ribbon Banding Flat -WA9003 (3color),https://www.wconcept.co.kr/Product/308909143,1,1,cs******,2026.09.13,플럼_235,예뻐요 ㅠ 근데 새신발이라 뒤꿈치가 까져서 길은 좀 들여야 할 것 같아요!! 퀄리티나 내구성은 만족임다 💙,5.0,"{""사이즈"": ""적당함"", ""색상"": ""같음"", ""발볼"": ""적당함""}","[""https://media.wconcept.co.kr/review/308909143/308909143_1789300430811.jpeg?RS=300""]"
308909143,스퍼,[20%쿠폰] [단독][주문폭주 블랙색상 09월 18일 출고] Split Bow Ribbon Banding Flat -WA9003 (3color),https://www.wconcept.co.kr/Product/308909143,1,2,wc******,2026.09.13,플럼_245,요즘 타비 디자인이 예뻐 보여서 찾아보다가 색깔이 마음에 들어서 구매했어요! 가을 코디에 포인트 주기 좋은 컬러라 여기저기 잘 신을 것 같아요 🤎 평소 240~245 사이즈 신는데 245 사이즈 하니까 딱 맞아요!,5.0,"{""사이즈"": ""적당함"", ""색상"": ""같음"", ""발볼"": ""적당함""}","[""https://media.wconcept.co.kr/review/308909143/308909143_1789298928863.jpeg?RS=300""]"
308909143,스퍼,[20%쿠폰] [단독][주문폭주 블랙색상 09월 18일 출고] Split Bow Ribbon Banding Flat -WA9003 (3color),https://www.wconcept.co.kr/Product/308909143,1,3,ji******,2026.09.12,블랙_240,플랫중에 착화감이 상당히 편한 신발 같아요 발 볼도 좀 있고 발등도 높은편인데 편합니다 리본 근처가 발등에 좀 닿아서 밴드 붙이긴 했는데 가죽 부드럽고 푹신하고 디자인도 귀엽고 편한 플랫으로 추천해요!!,5.0,"{""사이즈"": ""적당함"", ""색상"": ""같음"", ""발볼"": ""넓음""}",[]
308909143,스퍼,[20%쿠폰] [단독][주문폭주 블랙색상 09월 18일 출고] Split Bow Ribbon Banding Flat -WA9003 (3color),https://www.wconcept.co.kr/Product/308909143,1,4,sh******,2026.09.07,블랙_240,"별 다섯개 신발입니다. 너무 만족스러움. 일본 여행 가서 하루 2만 보씩 걸었는데 발 하나도 안 아팠고 착화감도 진짜 편함. 1cm 정도의 낮은 굽이 은근한 킥이라 더 예쁘고, 가성비까지 좋아서 완전 추천ㅠㅠ 사세요 무조건",5.0,"{""사이즈"": ""적당함"", ""색상"": ""같음"", ""발볼"": ""적당함""}","[""https://media.wconcept.co.kr/review/308933346/308933346_1788748433800.jpeg?RS=300"", ""https://media.wconcept.co.kr/review/308933346/308933346_1788748433746.jpeg?RS=300"", ""https://media.wconcept.co.kr/review/308933346/308933346_1788748433617.jpeg?RS=300""]"
308909143,스퍼,[20%쿠폰] [단독][주문폭주 블랙색상 09월 18일 출고] Split Bow Ribbon Banding Flat -WA9003 (3color),https://www.wconcept.co.kr/Product/308909143,1,5,ty******,2026.09.07,레드_250,제가 발볼이 왕발볼이라.. 솔직히 기대반 두려움반으로 기다려서 신어봤는데 너무너무 이쁘고 편해요 ㅜㅜ 제가 보통 245신는데 반사이즈 업했거든요 그랬더니 살짝??널널한 느낌? 제가 진짜진짜 왕 발볼이여서 솔직히 신어보고 불편하면 반품할 생각으로 샀는데 대충격... 타비라서 엄청 불편할줄 알았는데 신발자체가 편해서 그런가 너무너무 잘 신고다녔어요. 평생 안고 갈 신발입니다. 안 살 이유가 엄서요 ㅜㅜ... 레드 색상 너무 이쁜데 지금 블랙도 살까말까 고민중..,5.0,"{""사이즈"": ""적당함"", ""색상"": ""비슷함"", ""발볼"": ""적당함""}","[""https://media.wconcept.co.kr/review/308909143/308909143_1788745199583.jpg?RS=300""]"
308909143,스퍼,[20%쿠폰] [단독][주문폭주 블랙색상 09월 18일 출고] Split Bow Ribbon Banding Flat -WA9003 (3color),https://www.wconcept.co.kr/Product/308909143,1,6,by******,2026.09.06,플럼_240,"평소 운동화 235 신는데, 플랫이나 구두는 240 신어서 240 주문했더니 잘 맞았어요. 맨발에 신어도 될 정도로 쿠션감 덕분에 발이 너무 편해요! 오래 신어도 발 까짐 하나도 없고 뛸 수 있을 정도로 편합니다 ㅎㅎ 컬러도 다크한 버건디라 마음에 들어요. 리본 타비는 흔하지 않은데 디테일이 만족스럽습니다!",5.0,"{""사이즈"": ""적당함"", ""색상"": ""같음"", ""발볼"": ""적당함""}","[""https://media.wconcept.co.kr/review/308933346/308933346_1788701727275.jpeg?RS=300"", ""https://media.wconcept.co.kr/review/308933346/308933346_1788701727222.jpeg?RS=300"", ""https://media.wconcept.co.kr/review/308933346/308933346_1788701727109.jpeg?RS=300""]"
308909143,스퍼,[20%쿠폰] [단독][주문폭주 블랙색상 09월 18일 출고] Split Bow Ribbon Banding Flat -WA9003 (3color),https://www.wconcept.co.kr/Product/308909143,2,7,bk******,2026.09.06,레드_250,"쨍한 레드 컬러 니트는 조금 부담스럽고, 심플한 룩에 레드 컬러로 포인트를 주고 싶어 구매했습니다! 실제로 신어보니 컬러가 생각보다 과하지 않아서 데일리로 활용하기에도 너무 좋은 것 같아요. 특히 이번 가을에는 카키 + 레드 조합으로 꼭 입어보고 싶었어요. 앞코가 둥글고 발을 감싸주는 디자인이라 신었을 때 발을 폭 감싸안아주는 느낌이 들고, 착화감도 편안한 편입니다. 평소 240 사이즈를 신는데, 양말과 함께 여유 있게 신으려고 250 사이즈를 선택했어요. 양말과 함께 신었을 때도 생각보다 넉넉해서 편하게 잘 맞았습니다. 여유 있는 착화를 선호하신다면 5~10mm 업 추천드립니다! 무엇보다 심플한 룩에 신었을 때 레드 컬러와 리본 디테일이 포인트가 되어주는 게 가장 마음에 들었어요. 가을에는 데님이나 카키, 차분한 컬러의 팬츠와 매치하면 정말 예쁘네요.",5.0,"{""사이즈"": ""적당함"", ""색상"": ""같음"", ""발볼"": ""적당함""}","[""https://media.wconcept.co.kr/review/308933346/308933346_1788662312399.jpeg?RS=300"", ""https://media.wconcept.co.kr/review/308933346/308933346_1788662312341.jpeg?RS=300"", ""https://media.wconcept.co.kr/review/308933346/308933346_1788662312215.jpeg?RS=300""]"
308909143,스퍼,[20%쿠폰] [단독][주문폭주 블랙색상 09월 18일 출고] Split Bow Ribbon Banding Flat -WA9003 (3color),https://www.wconcept.co.kr/Product/308909143,2,8,ba******,2026.09.04,플럼_230,요즘 타비 유행이라서 사봤어요. 올해 플럼색상도 유행이라서 플럼색상으로 샀는데 너무 귀여워요.... 타비 약간 쪼리 같을까봐 불편할줄 알았는데 하나도 안 불편하고 오히려 편해요. 족발 같은게 귀엽습니다....! 발볼 엄청 넓고 발등 높은데 딱 적당해요. 근데 딱 맞게 시는거 싫으신 분들은 반치수업하는거 추천합니다.(발볼 넓은 사람에 한해서),5.0,"{""사이즈"": ""적당함"", ""색상"": ""같음"", ""발볼"": ""적당함""}","[""https://media.wconcept.co.kr/review/308909143/308909143_1788512887884.jpg?RS=300""]"
308909143,스퍼,[20%쿠폰] [단독][주문폭주 블랙색상 09월 18일 출고] Split Bow Ribbon Banding Flat -WA9003 (3color),https://www.wconcept.co.kr/Product/308909143,2,9,my******,2026.09.03,레드_230,가죽이 굉장히 부드럽네요 색상은 쨍한빨강이 아니고 발렌빨강색이라 해야하나 빠른배송 감사합니다,5.0,"{""사이즈"": ""적당함"", ""색상"": ""비슷함"", ""발볼"": ""적당함""}","[""https://media.wconcept.co.kr/review/308909143/308909143_1788419719208.jpg?RS=300"", ""https://media.wconcept.co.kr/review/308909143/308909143_1788419719048.jpg?RS=300""]"
308909143,스퍼,[20%쿠폰] [단독][주문폭주 블랙색상 09월 18일 출고] Split Bow Ribbon Banding Flat -WA9003 (3color),https://www.wconcept.co.kr/Product/308909143,2,10,ch******,2026.09.02,레드_230,"너무너무너무 예쁩니다. 레드 컬러 신발이라 부담스러울 줄 알았는데 전혀 아니에요! 포인트 주기 딱 좋고, 다가오는 가을에 신기에도 좋을 것 같습니다. 무엇보다 앞코에 달린 리본이 너무 귀여워요ㅜㅜ 타비에 완전히 빠졌습니다. 🥹❤️",5.0,"{""사이즈"": ""적당함"", ""색상"": ""같음"", ""발볼"": ""적당함""}","[""https://media.wconcept.co.kr/review/308933346/308933346_1788317359515.jpg?RS=300"", ""https://media.wconcept.co.kr/review/308933346/308933346_1788317359444.jpg?RS=300"", ""https://media.wconcept.co.kr/review/308933346/308933346_1788317359317.jpg?RS=300""]"
308909143,스퍼,[20%쿠폰] [단독][주문폭주 블랙색상 09월 18일 출고] Split Bow Ribbon Banding Flat -WA9003 (3color),https://www.wconcept.co.kr/Product/308909143,2,11,lk******,2026.09.02,블랙_240,유행이 조금 지난감이 있어 고민했는데 기엽네요 마감도 깔끔하고 광택도 적당하고 빨강색이 사고싶었으나 무닌하게 블랙으로 주문했어요 착화감도 좋은데 제 엄지발가락이 큰건지 왼똑엄지발가락이 쫌아프네요,5.0,"{""사이즈"": ""적당함"", ""색상"": ""같음"", ""발볼"": ""적당함""}","[""https://media.wconcept.co.kr/review/308909143/308909143_1788305590784.jpeg?RS=300""]"
308909143,스퍼,[20%쿠폰] [단독][주문폭주 블랙색상 09월 18일 출고] Split Bow Ribbon Banding Flat -WA9003 (3color),https://www.wconcept.co.kr/Product/308909143,2,12,ls******,2026.08.30,플럼_235,나 진짜 자부할 수 있어요.. 올해 젤 잘 산 신발이라고ㅠ 스퍼 일냈다 .. 타비 여러개 가지고 있는데 진짜 젤 편하고 가죽 너무 유연해요.. 거기에 배송도 빠르다니 진짜 왜 안 사 ..? 신고 다니면 친구들이 다 어디꺼냐고 물어봅니다ㅜㅋㅋ 그럴만한게 플럼 색감이 진짜 가을이랑 딱 잘 어울려요 맨날 신을래 .. 🍇,5.0,"{""사이즈"": ""적당함"", ""색상"": ""같음"", ""발볼"": ""적당함""}","[""https://media.wconcept.co.kr/review/308933346/308933346_1788101430136.jpeg?RS=300"", ""https://media.wconcept.co.kr/review/308933346/308933346_1788101430020.jpeg?RS=300""]"
308909143,스퍼,[20%쿠폰] [단독][주문폭주 블랙색상 09월 18일 출고] Split Bow Ribbon Banding Flat -WA9003 (3color),https://www.wconcept.co.kr/Product/308909143,3,13,sa******,2026.08.29,블랙_230,일단 실물이 너무너무 귀여워요ㅠ 가죽결도 고급스럽구 리본 포인트가 맘에 들어요. 정사이즈했을때 딱 맞았구 착화감이 진짜 편해요.. 어떤 룩에도 은은하게 포인트 되어서 손이 자주 가요!! 가을에 휘뚜루마뚜루 신을 예정입니당 다른 컬러도 쟁이러 갈게욥!,5.0,"{""사이즈"": ""적당함"", ""색상"": ""같음"", ""발볼"": ""적당함""}","[""https://media.wconcept.co.kr/review/308933346/308933346_1787987032321.jpeg?RS=300"", ""https://media.wconcept.co.kr/review/308933346/308933346_1787987032225.jpeg?RS=300"", ""https://media.wconcept.co.kr/review/308933346/308933346_1787987032119.jpeg?RS=300""]"
308234857,틸아이다이,[단 하루!] High-neck leather point work jacket [TISP05JK06]_Black,https://www.wconcept.co.kr/Product/308234857,1,1,vn******,2026.06.22,BLACK_FREE,상세사이즈보고샀지만 오버핏으로도 소화하기가 힘들어요 키크신분들은 잘어울리실거같네요,3.0,"{""사이즈"": ""큼"", ""색상"": ""같음"", ""소재"": ""같음""}","[""https://media.wconcept.co.kr/review/308234857/308234857_1782137756708.jpeg?RS=300""]"
308234857,틸아이다이,[단 하루!] High-neck leather point work jacket [TISP05JK06]_Black,https://www.wconcept.co.kr/Product/308234857,1,2,qd******,2026.05.12,BLACK_FREE,너무이뻐요!!환절기에 진짜 유용하게 입엇습니당 가을에 또 꺼내야져,5.0,"{""사이즈"": ""적당함"", ""색상"": ""같음"", ""소재"": ""같음""}",[]
308234857,틸아이다이,[단 하루!] High-neck leather point work jacket [TISP05JK06]_Black,https://www.wconcept.co.kr/Product/308234857,1,3,ry******,2026.05.05,BLACK_FREE,소매 가죽 디테일이 진짜 예쁘고 사이즈 낭낭해서 편해요! 생각보다 배송 늦어서 몇 번 못 입었는데 가을에 많이 입어야겠어요,5.0,"{""사이즈"": ""큼"", ""색상"": ""비슷함"", ""소재"": ""비슷함""}","[""https://media.wconcept.co.kr/review/308234857/308234857_1777962093074.jpg?RS=300""]"
308234857,틸아이다이,[단 하루!] High-neck leather point work jacket [TISP05JK06]_Black,https://www.wconcept.co.kr/Product/308234857,1,4,co******,2026.04.27,BLACK_FREE,적당히 넉넉하고 예뻐요 시크한 느낌 나면서도 소매라인 가죽이 포인트 되네요,5.0,"{""사이즈"": ""적당함"", ""색상"": ""같음"", ""소재"": ""같음""}","[""https://media.wconcept.co.kr/review/308234857/308234857_1777267574450.jpeg?RS=300""]"
308234857,틸아이다이,[단 하루!] High-neck leather point work jacket [TISP05JK06]_Black,https://www.wconcept.co.kr/Product/308234857,1,5,hy******,2026.04.25,BLACK_FREE,날씨가 더워져서 고민하다 구매 했는데 디자인이 맘에 듭니다 아침 저녁으론 괜찮지만 가을에 입으려고합니다,5.0,"{""사이즈"": ""적당함"", ""색상"": ""같음"", ""소재"": ""같음""}","[""https://media.wconcept.co.kr/review/308234857/308234857_1777097981970.jpg?RS=300""]"
308234857,틸아이다이,[단 하루!] High-neck leather point work jacket [TISP05JK06]_Black,https://www.wconcept.co.kr/Product/308234857,1,6,kd******,2026.04.23,BLACK_FREE,오래 기다려서 받았는데 요즘 다시 날씨가 쌀쌀해져서 잘 입고 다니고 있습니다!!,5.0,"{""사이즈"": ""적당함"", ""색상"": ""같음"", ""소재"": ""같음""}","[""https://media.wconcept.co.kr/review/308234857/308234857_1776902322038.jpeg?RS=300""]"
308234857,틸아이다이,[단 하루!] High-neck leather point work jacket [TISP05JK06]_Black,https://www.wconcept.co.kr/Product/308234857,2,7,ch******,2026.04.15,BLACK_FREE,고민하다 이뻐서 주문했는데 탄탄해요 정말 사길 잘한것 같아요 꽤 오래 기다리다 받은거라 한참 입기도 전에 날이ㅜ더워져서 가을에 다시 꺼내 입을려고 합니다 마감이 정말 깔끔하고 이쁩니다 이뻐요 추천합니다,5.0,"{""사이즈"": ""적당함"", ""색상"": ""같음"", ""소재"": ""같음""}","[""https://media.wconcept.co.kr/review/308234857/308234857_1776228411282.jpeg?RS=300"", ""https://media.wconcept.co.kr/review/308234857/308234857_1776228411159.jpeg?RS=300""]"
308234857,틸아이다이,[단 하루!] High-neck leather point work jacket [TISP05JK06]_Black,https://www.wconcept.co.kr/Product/308234857,2,8,yu******,2026.04.11,BLACK_FREE,하이넥이랑 소매 레더 포인트때문에 구매했는데 어디에나 코디 가능하고 예쁩니다,5.0,"{""사이즈"": ""적당함"", ""색상"": ""같음"", ""소재"": ""같음""}",[]
308234857,틸아이다이,[단 하루!] High-neck leather point work jacket [TISP05JK06]_Black,https://www.wconcept.co.kr/Product/308234857,2,9,yy******,2026.04.10,BLACK_FREE,생각했던거랑 비슷하고 가볍게 툭 걸치기 좋아요,5.0,"{""사이즈"": ""적당함"", ""색상"": ""같음"", ""소재"": ""같음""}","[""https://media.wconcept.co.kr/review/308234857/308234857_1775831149864.jpg?RS=300""]"
308234857,틸아이다이,[단 하루!] High-neck leather point work jacket [TISP05JK06]_Black,https://www.wconcept.co.kr/Product/308234857,2,10,ps******,2026.04.10,BLACK_FREE,너무너무 예뻐요!!! 캐주얼하게 걸쳐도 예쁘고 또 레더 포인트가 있어서 너무 편한 느낌은 안나서 여기 저기 입기 좋아요!,5.0,"{""사이즈"": ""큼"", ""색상"": ""같음"", ""소재"": ""같음""}","[""https://media.wconcept.co.kr/review/308234857/308234857_1775776161788.jpeg?RS=300""]"
308234857,틸아이다이,[단 하루!] High-neck leather point work jacket [TISP05JK06]_Black,https://www.wconcept.co.kr/Product/308234857,2,11,bl******,2026.04.08,BLACK_FREE,오버사이즈로 편하고 기장감도 알맞고 스트링 조절하면 두가지 스타일로 입을수 있어 좋네요 소매가죽 디테일이 멋스럽고 포인트가 되네요,5.0,"{""사이즈"": ""적당함"", ""색상"": ""같음"", ""소재"": ""같음""}",[]
308234857,틸아이다이,[단 하루!] High-neck leather point work jacket [TISP05JK06]_Black,https://www.wconcept.co.kr/Product/308234857,2,12,yo******,2026.04.07,BLACK_FREE,"가볍고 착용감이 편해서 부담 없이 입기 좋고, 다양한 코디에 매치하기 쉬운 자켓이에요. 휘뚜루마뚜루 활용하기 좋아서 데일리템으로 추천합니다!",5.0,"{""사이즈"": ""적당함"", ""색상"": ""같음"", ""소재"": ""같음""}","[""https://media.wconcept.co.kr/review/308234857/308234857_1775526772867.jpg?RS=300""]"
308234857,틸아이다이,[단 하루!] High-neck leather point work jacket [TISP05JK06]_Black,https://www.wconcept.co.kr/Product/308234857,3,13,ji******,2026.04.07,BLACK_FREE,예쁜 워크 자켓이 필요했는데 요 제품 넘 맘에 들어요!! 밑단부분 스트링도 있고 가죽포인트도 소매 끝에 있어서 옷이 단조로워 보이지 않고 좋아요~~ 먼지도 잘 안 붙고 블랙이라 옷 맞춰입기도 좋습니당,5.0,"{""사이즈"": ""적당함"", ""색상"": ""같음"", ""소재"": ""같음""}","[""https://media.wconcept.co.kr/review/308234857/308234857_1775488604414.jpg?RS=300""]"
308234857,틸아이다이,[단 하루!] High-neck leather point work jacket [TISP05JK06]_Black,https://www.wconcept.co.kr/Product/308234857,3,14,db******,2026.04.04,BLACK_FREE,배송이 한 달 넘게 걸렸어요 라이브 때 할인해서 구매했는데 타 플랫폼에선 더 저렴하게 팔더라고요. 취소하고 거기서 구매하고싶었는데 그러면 여름에 받을까봐 그냥 뒀네요^^ 옷은 정말 맘에 드는데 판매 방식을 좀 바꿔야할 것 같아요 예약배송을 하려면 겨울부터 판매했어야 하지 않았나 싶네요.,4.0,"{""사이즈"": ""큼"", ""색상"": ""비슷함"", ""소재"": ""비슷함""}","[""https://media.wconcept.co.kr/review/308234857/308234857_1775296255903.jpeg?RS=300""]"
308234857,틸아이다이,[단 하루!] High-neck leather point work jacket [TISP05JK06]_Black,https://www.wconcept.co.kr/Product/308234857,3,15,go******,2026.04.01,BLACK_FREE,오래기다렸는데 넘 이쁘네요,5.0,"{""사이즈"": ""적당함"", ""색상"": ""같음"", ""소재"": ""같음""}",[]
308234857,틸아이다이,[단 하루!] High-neck leather point work jacket [TISP05JK06]_Black,https://www.wconcept.co.kr/Product/308234857,3,16,wc******,2026.03.30,BLACK_FREE,배송기간동안 날씨가 점점 따뜻해져서 취소할까 몇번이나 고민하다 받았네요~ 면이 생각보다 얇습니다. 그래서 오히려 다행인가 싶기도 한데 가을에 입기엔 추울거 같아요. 옷 디자인은 너무 맘에 들어요. 가죽부분들도 유연하고 싸구려 가죽으로 보이진않아요~ 혹시나 시간지나면 가죽부분이 갈라지거나 가루로 떨어지진 않겠죠?(옛날 싼 가죽들 벗겨지는 그런... ㅎㅎ) 옷 디자인은 이쁜데 사실 라이브때 가격 아니면 비싸다고 느껴질거 같아요,4.0,"{""사이즈"": ""적당함"", ""색상"": ""같음"", ""소재"": ""같음""}","[""https://media.wconcept.co.kr/review/308234857/308234857_1774835755947.jpg?RS=300""]"
308234857,틸아이다이,[단 하루!] High-neck leather point work jacket [TISP05JK06]_Black,https://www.wconcept.co.kr/Product/308234857,3,17,dh******,2026.03.29,BLACK_FREE,오~래 기다려서 받았는데. 옷은 생각만큼 예뻐요. 근데 소매부분 박음질에 하자가 있었어요. 이렇게 잘못박아져서 풀릴거같아요ㅠ 교환신청 고민하다가 .. 그럼 또 얼마나 기다려야하나 싶어서 그냥 수선해서 입으려구요. ㅠ 아~ 옷은 예쁜데 배송기간이나 박음질 불량상품이 와서 너무나 아쉬운 구매였습니다.,3.0,"{""사이즈"": ""적당함"", ""색상"": ""같음"", ""소재"": ""같음""}",[]
308234857,틸아이다이,[단 하루!] High-neck leather point work jacket [TISP05JK06]_Black,https://www.wconcept.co.kr/Product/308234857,3,18,ro******,2026.03.29,BLACK_FREE,약간 오버핏으로 깔끔하고 이쁘게 입을 수 있어요 가격대비 고급스러워 보여요,5.0,"{""사이즈"": ""적당함"", ""색상"": ""같음"", ""소재"": ""같음""}",[]
308352021,앤하츠,[단독] French Muse Artwork Sweatshirt_OATMEAL,https://www.wconcept.co.kr/Product/308352021,1,1,so******,2026.09.13,M,배송도 빠르고 사진그대로 맘에들어요.좋아요,5.0,"{""사이즈"": ""적당함"", ""색상"": ""같음"", ""소재"": ""같음""}","[""https://media.wconcept.co.kr/review/308352021/308352021_1789271201955.jpg?RS=300""]"
308352021,앤하츠,[단독] French Muse Artwork Sweatshirt_OATMEAL,https://www.wconcept.co.kr/Product/308352021,1,2,km******,2026.09.11,S,"허리 살짝 밑에 오고, 프린트가 맘에 들어서 구입했어요.",5.0,"{""사이즈"": ""적당함"", ""색상"": ""같음"", ""소재"": ""같음""}","[""https://media.wconcept.co.kr/review/308352021/308352021_1789089310142.jpg?RS=300""]"
308352021,앤하츠,[단독] French Muse Artwork Sweatshirt_OATMEAL,https://www.wconcept.co.kr/Product/308352021,1,3,19******,2026.09.10,M,데님이랑 찰떡이라 날이 선선해지는 지금 잘 입을것 같아요. 밝은색 이라 어디든 받쳐입기 좋고 편합니다.,5.0,"{""사이즈"": ""큼"", ""색상"": ""같음"", ""소재"": ""같음""}","[""https://media.wconcept.co.kr/review/308352021/308352021_1788996474480.jpg?RS=300""]"
308352021,앤하츠,[단독] French Muse Artwork Sweatshirt_OATMEAL,https://www.wconcept.co.kr/Product/308352021,1,4,ma******,2026.09.09,L,상의가 조금 작게 나왔네요 체격이 있어서 L사이즈로 주문했는데 생각보다 작은느낌이 들어서 살짝 아쉬워요,5.0,"{""사이즈"": ""작음"", ""색상"": ""같음"", ""소재"": ""같음""}","[""https://media.wconcept.co.kr/review/308352021/308352021_1788941382228.jpg?RS=300""]"
308352021,앤하츠,[단독] French Muse Artwork Sweatshirt_OATMEAL,https://www.wconcept.co.kr/Product/308352021,1,5,zs******,2026.09.06,M,프린트 마음에 들어 반팔 구입 후 맨투맨까지 구입 했네요. 적당한 두께감도 좋고 잘 입을 거 같아요,5.0,"{""사이즈"": ""적당함"", ""색상"": ""비슷함"", ""소재"": ""비슷함""}","[""https://media.wconcept.co.kr/review/308352021/308352021_1788702102960.jpg?RS=300""]"
308352021,앤하츠,[단독] French Muse Artwork Sweatshirt_OATMEAL,https://www.wconcept.co.kr/Product/308352021,1,6,Ka******,2026.08.28,M,사이즈 딱 맞고 괜칞아요. 사진으로 보는거랑 같은거 같고요,4.0,"{""사이즈"": ""적당함"", ""색상"": ""같음"", ""소재"": ""비슷함""}","[""https://media.wconcept.co.kr/review/308352021/308352021_1787880171096.jpeg?RS=300""]"
308352021,앤하츠,[단독] French Muse Artwork Sweatshirt_OATMEAL,https://www.wconcept.co.kr/Product/308352021,2,7,qw******,2026.08.26,M,여유있게 예쁘게 잘 맞아요!!! 맨투맨은 정핏이면 안예쁜데 M 사이즈하니 팔길이도 낭낭해서 딱 좋네요 한겨울까지 이너입고도 잘 입겠어요^^,5.0,"{""사이즈"": ""적당함"", ""색상"": ""같음"", ""소재"": ""같음""}","[""https://media.wconcept.co.kr/review/308352021/308352021_1787731648068.jpg?RS=300""]"
308352021,앤하츠,[단독] French Muse Artwork Sweatshirt_OATMEAL,https://www.wconcept.co.kr/Product/308352021,2,8,bi******,2026.08.25,S,귀여워용 실밥밖음처리조금거슬렸는데가위질하고그냥입어요,5.0,"{""사이즈"": ""적당함"", ""색상"": ""같음"", ""소재"": ""같음""}","[""https://media.wconcept.co.kr/review/308352021/308352021_1787616136333.jpg?RS=300""]"
308352021,앤하츠,[단독] French Muse Artwork Sweatshirt_OATMEAL,https://www.wconcept.co.kr/Product/308352021,2,9,mh******,2026.08.24,S,약간 살짝 큰데 그래도 핏 다 이뻐요^^ 굳굳👍ㅎㅎ,5.0,"{""사이즈"": ""큼"", ""색상"": ""같음"", ""소재"": ""같음""}",[]
308352021,앤하츠,[단독] French Muse Artwork Sweatshirt_OATMEAL,https://www.wconcept.co.kr/Product/308352021,2,10,jj******,2026.08.23,M,도톰한재질에 색감도 이쁘고 여기저기 꾸안꾸로 입기좋아요,5.0,"{""사이즈"": ""적당함"", ""색상"": ""같음"", ""소재"": ""같음""}","[""https://media.wconcept.co.kr/review/308352021/308352021_1787475933920.jpg?RS=300""]"
308352021,앤하츠,[단독] French Muse Artwork Sweatshirt_OATMEAL,https://www.wconcept.co.kr/Product/308352021,2,11,fu******,2026.08.23,M,위시리스트에 있던 틴데 세일하길래 샀어요. 그레이도 예쁜데 역시 오트밀이 더 좋을 것 같아 골랐어요. 작다는 평이 많아서 미디움샀는데 잘한 것 같네요. 세탁하면 좀 줄어드니 크게 사는게 맞는듯 합니다.,5.0,"{""사이즈"": ""작음"", ""색상"": ""같음"", ""소재"": ""같음""}","[""https://media.wconcept.co.kr/review/308352021/308352021_1787473640973.jpg?RS=300""]"
308352021,앤하츠,[단독] French Muse Artwork Sweatshirt_OATMEAL,https://www.wconcept.co.kr/Product/308352021,2,12,to******,2026.08.22,M,키가 큰 편인데 길이감 짧지 않고 적당합니다. 너무 오버핏이 아니면서도 여유있고 편해요. 두께감도 적당한편,5.0,"{""사이즈"": ""적당함"", ""색상"": ""같음"", ""소재"": ""같음""}","[""https://media.wconcept.co.kr/review/308352021/308352021_1787361183460.jpg?RS=300""]"
308352021,앤하츠,[단독] French Muse Artwork Sweatshirt_OATMEAL,https://www.wconcept.co.kr/Product/308352021,3,13,ro******,2026.08.19,M,프린팅이 이뻐서 샀어요~ 기본 맨투맨에 오트밀색상이 어디든 잘어울려서 잘입을듯해요^^,5.0,"{""사이즈"": ""적당함"", ""색상"": ""같음"", ""소재"": ""같음""}","[""https://media.wconcept.co.kr/review/308352021/308352021_1787098857294.jpg?RS=300""]"
308352021,앤하츠,[단독] French Muse Artwork Sweatshirt_OATMEAL,https://www.wconcept.co.kr/Product/308352021,3,14,lo******,2026.08.07,M,너무 맘에 드는데 허리 시보리가 넘 짱짱해요. 전 자연스럽게 흘러내리는걸 좋아라해서ㅠ,5.0,"{""사이즈"": ""적당함"", ""색상"": ""같음"", ""소재"": ""같음""}","[""https://media.wconcept.co.kr/review/308352021/308352021_1786104367599.jpg?RS=300""]"
308352021,앤하츠,[단독] French Muse Artwork Sweatshirt_OATMEAL,https://www.wconcept.co.kr/Product/308352021,3,15,me******,2026.08.02,M,좋아요ㅎ 여름반바지에 포인트 되고 딱 좋음요ㅎㅎ,5.0,"{""사이즈"": ""적당함"", ""색상"": ""같음"", ""소재"": ""같음""}",[]
308352021,앤하츠,[단독] French Muse Artwork Sweatshirt_OATMEAL,https://www.wconcept.co.kr/Product/308352021,3,16,al******,2026.08.01,M,배송 정말 빠릅니다 그림이 너무 유니크해요 가을에 잘입을거 같아요,5.0,"{""사이즈"": ""적당함"", ""색상"": ""같음"", ""소재"": ""비슷함""}","[""https://media.wconcept.co.kr/review/308352021/308352021_1785560552705.jpg?RS=300""]"
308352021,앤하츠,[단독] French Muse Artwork Sweatshirt_OATMEAL,https://www.wconcept.co.kr/Product/308352021,3,17,da******,2026.07.29,S,소재 부드럽고 고급스럽네요 컬러도 마음에 듭니다!,5.0,"{""사이즈"": ""적당함"", ""색상"": ""같음"", ""소재"": ""같음""}","[""https://media.wconcept.co.kr/review/308352021/308352021_1785315643267.jpg?RS=300""]"
308352021,앤하츠,[단독] French Muse Artwork Sweatshirt_OATMEAL,https://www.wconcept.co.kr/Product/308352021,3,18,dd******,2026.07.25,M,생각보다 넉넉합니다 맨투맨은 정핏이면 안이쁜데 만족합니다,5.0,"{""사이즈"": ""적당함"", ""색상"": ""비슷함"", ""소재"": ""비슷함""}",[]
308390752,아디다스,[KI3583] TOKYO W,https://www.wconcept.co.kr/Product/308390752,1,1,rh******,2026.09.13,230,가젤보다 도쿄가 더 슬림하고 푹신해요.정사이드 좋네요,5.0,"{""사이즈"": ""적당함"", ""색상"": ""같음"", ""발볼"": ""적당함""}","[""https://media.wconcept.co.kr/review/308390752/308390752_1789298819941.jpg?RS=300""]"
308390752,아디다스,[KI3583] TOKYO W,https://www.wconcept.co.kr/Product/308390752,1,2,xo******,2026.09.13,230,화면과거의 같습니다 색은 차분하고 괜찮아요 가을에 신기좋아보여요 밑창은 좀 불편한것같아요,5.0,"{""사이즈"": ""적당함"", ""색상"": ""같음"", ""발볼"": ""적당함""}","[""https://media.wconcept.co.kr/review/308390752/308390752_1789296990721.jpg?RS=300""]"
308390752,아디다스,[KI3583] TOKYO W,https://www.wconcept.co.kr/Product/308390752,1,3,rl******,2026.09.13,230,"베이지색이 신고싶었는데 눈에들어와서 바로 겟!!도쿄만 올블랙,브라운,베이지까지 3개예요~",5.0,"{""사이즈"": ""적당함"", ""색상"": ""같음"", ""발볼"": ""적당함""}","[""https://media.wconcept.co.kr/review/308390752/308390752_1789247269896.jpeg?RS=300""]"
308390752,아디다스,[KI3583] TOKYO W,https://www.wconcept.co.kr/Product/308390752,1,4,qh******,2026.09.12,245,짙은 베이지 색이고 발도 작아보이고 예뻐요! 사이즈는 반사이즈 다운했어요,5.0,"{""사이즈"": ""적당함"", ""색상"": ""같음"", ""발볼"": ""적당함""}","[""https://media.wconcept.co.kr/review/308390752/308390752_1789213960360.jpg?RS=300""]"
308390752,아디다스,[KI3583] TOKYO W,https://www.wconcept.co.kr/Product/308390752,1,5,j6******,2026.09.08,235,평소 240 발볼넓은데 후기보니 한사이즈 작게 추천하여 238 구매마니 딱좋네요!!,5.0,"{""사이즈"": ""적당함"", ""색상"": ""같음"", ""발볼"": ""적당함""}","[""https://media.wconcept.co.kr/review/308390752/308390752_1788862198208.jpeg?RS=300""]"
308390752,아디다스,[KI3583] TOKYO W,https://www.wconcept.co.kr/Product/308390752,1,6,pr******,2026.09.03,220,평소 230사이즈 아디다스는 간신히 220 신는데 다른 모델보다 엄청 크지는 않아요 색도 좀더톤다운된 베이지라 가을세 어울려요,5.0,"{""사이즈"": ""적당함"", ""색상"": ""비슷함"", ""발볼"": ""적당함""}",[]
308390752,아디다스,[KI3583] TOKYO W,https://www.wconcept.co.kr/Product/308390752,2,7,1e******,2026.08.26,240,장바구니에 담아두다 가을에 신고파서 급주문. 아디다스는 아디다스죠 다른거 또사고싶다,5.0,"{""사이즈"": ""적당함"", ""색상"": ""같음"", ""발볼"": ""적당함""}","[""https://media.wconcept.co.kr/review/308390752/308390752_1787672080173.jpeg?RS=300""]"
308390752,아디다스,[KI3583] TOKYO W,https://www.wconcept.co.kr/Product/308390752,2,8,lo******,2026.08.25,230,"기본 칼라에 기본 아이다스 아이템이라 꾸안꾸로 아무때나 편하게 신고 다닐 수 있어 좋네요. 착화감도 좋고, 가을에 진짜 많이 신을거 같음",5.0,"{""사이즈"": ""적당함"", ""색상"": ""같음"", ""발볼"": ""적당함""}",[]
308390752,아디다스,[KI3583] TOKYO W,https://www.wconcept.co.kr/Product/308390752,2,9,tn******,2026.08.24,245,너무너무이쁘고 워낙 신방 자체가 얄상해서 발도 얄상해보여요! 245 작을까봐 노심초사했지만 완전 넉넉하구 편해요,5.0,"{""사이즈"": ""적당함"", ""색상"": ""같음"", ""발볼"": ""적당함""}","[""https://media.wconcept.co.kr/review/308390752/308390752_1787528939957.jpeg?RS=300""]"
308390752,아디다스,[KI3583] TOKYO W,https://www.wconcept.co.kr/Product/308390752,2,10,wc******,2026.08.20,250,5번째 도쿄입니다 제발과 제일 잘 어울려요.블루 블랙 그레이 그린 다음 베이지 구매쌨고 소재다른 도쿄 블랙앤 화이트도 함께 구매했네요,5.0,"{""사이즈"": ""적당함"", ""색상"": ""같음"", ""발볼"": ""적당함""}","[""https://media.wconcept.co.kr/review/308390752/308390752_1787219127300.jpg?RS=300""]"
308390752,아디다스,[KI3583] TOKYO W,https://www.wconcept.co.kr/Product/308390752,2,11,ja******,2026.08.20,250,250샀다가 교환했어요. 마른발인데 245가 맞네요 다른 운동화는 250인데,5.0,"{""사이즈"": ""작음"", ""색상"": ""비슷함"", ""발볼"": ""좁음""}",[]
308390752,아디다스,[KI3583] TOKYO W,https://www.wconcept.co.kr/Product/308390752,2,12,sk******,2026.07.23,255,채도가 낮은 베이지컬러에요 사진보다는 어두워요,5.0,"{""사이즈"": ""적당함"", ""색상"": ""같음"", ""발볼"": ""적당함""}","[""https://media.wconcept.co.kr/review/308390752/308390752_1784794271964.jpeg?RS=300""]"
308390752,아디다스,[KI3583] TOKYO W,https://www.wconcept.co.kr/Product/308390752,3,13,wc******,2026.06.27,225,화면보다 색상이 연하고 너무 예쁜 베이지색상이에요! 도쿄 블랙있는데 색이 완전 달라서 같은거라도 또 질러버렸어요 원래 발사이즈는 230이고(보통발볼) 브랜드 운동화는(뉴발.나이키 등) 대체로 크게나와서 225신는데 여유있게 신고있어요(아식스나 오니츠카타이거는 정사이즈로 나오는편이라230신음) 크게나온건 220도신고(뉴발740.반스어센틱 등) 도쿄도 넉넉하게나와서 전체적으로 여유있습니당,5.0,"{""사이즈"": ""큼"", ""색상"": ""비슷함"", ""발볼"": ""적당함""}","[""https://media.wconcept.co.kr/review/308390752/308390752_1782491068981.jpg?RS=300""]"
308390752,아디다스,[KI3583] TOKYO W,https://www.wconcept.co.kr/Product/308390752,3,14,wc******,2026.06.19,250,ㅎㅎ맘에들어해여.딸님신으건데요. 이뿌네여.잘신을께요,5.0,"{""사이즈"": ""적당함"", ""색상"": ""같음"", ""발볼"": ""적당함""}","[""https://media.wconcept.co.kr/review/308390752/308390752_1781872907852.jpg?RS=300""]"
308390752,아디다스,[KI3583] TOKYO W,https://www.wconcept.co.kr/Product/308390752,3,15,xv******,2026.05.31,245,사이즈 큽니다. 바닥이 얇아 처음엔 좀 이상했는데 걸어보니 괜찮아요,4.0,"{""사이즈"": ""큼"", ""색상"": ""비슷함"", ""발볼"": ""적당함""}",[]
308390752,아디다스,[KI3583] TOKYO W,https://www.wconcept.co.kr/Product/308390752,3,16,ch******,2026.03.25,230,칼발에 발등낮은 딱 230인데 넘나 잘맞고 일단 컬러가 정말 제 스타일이에여ㅠㅠ넘 귀여워요.. 채도 낮은 베이지인데 고급그자체 블랙도 있는데 또다른 맛이네요 때잘탈것같아 조심히신어야겠어용,5.0,"{""사이즈"": ""적당함"", ""색상"": ""같음"", ""발볼"": ""적당함""}","[""https://media.wconcept.co.kr/review/308390752/308390752_1774416452636.jpg?RS=300"", ""https://media.wconcept.co.kr/review/308390752/308390752_1774416452539.jpg?RS=300""]"
308886884,틸아이다이,[단 하루!] BRUSHED ZIP UP MTM [TIFA04LT03]_Melange,https://www.wconcept.co.kr/Product/308886884,1,1,kk******,2026.08.21,MELANGE_FREE,기모라 지금 입을 수 없지만… 가을때 되면 교복템 될거같아요! 원단 질 너무 도톰하고 기모도 폭삭폭삭해요!! 어두운컬로도 하나 사고싶은데 없어서 아쉬워요,5.0,"{""사이즈"": ""적당함"", ""색상"": ""비슷함"", ""소재"": ""비슷함""}","[""https://media.wconcept.co.kr/review/308886884/308886884_1787295247779.jpeg?RS=300"", ""https://media.wconcept.co.kr/review/308886884/308886884_1787295247658.jpeg?RS=300""]"
307349815,프론트로우,[앵콜 세일] Suede Bomber Jacket_3 color,https://www.wconcept.co.kr/Product/307349815,1,1,wc******,2026.09.01,"GREYISH BLUE, S",와 되게 박시해요 근데 너무 예뻐요 확실히 쿨톤이 입으니까 얼굴톤이 밝아지는 것 같아요,5.0,"{""사이즈"": ""큼"", ""색상"": ""같음"", ""소재"": ""같음""}","[""https://media.wconcept.co.kr/review/307349815/307349815_1788263823413.jpg?RS=300"", ""https://media.wconcept.co.kr/review/307349815/307349815_1788263823315.jpg?RS=300""]"
307349815,프론트로우,[앵콜 세일] Suede Bomber Jacket_3 color,https://www.wconcept.co.kr/Product/307349815,1,2,wo******,2026.08.25,"BROWN, S",키 170cm S사이즈 사도 약간 여유있네요 색상은 실물이 더 진하고 붉은기 없는 딥한 브라운이라 마음에 들어요,5.0,"{""사이즈"": ""적당함"", ""색상"": ""같음"", ""소재"": ""같음""}","[""https://media.wconcept.co.kr/review/307349815/307349815_1787647743228.jpeg?RS=300""]"
307349815,프론트로우,[앵콜 세일] Suede Bomber Jacket_3 color,https://www.wconcept.co.kr/Product/307349815,1,3,eh******,2026.07.24,"GREYISH BLUE, S",작년 가을에 브라운 컬러 구매 후 너무 잘 입었어서 그레이쉬 블루도 아른거렸는데 마침 세일할 때 겟했어요ㅎㅎㅎ 올 가을에도 즐겨 입을게요^^*,5.0,"{""사이즈"": ""큼"", ""색상"": ""같음"", ""소재"": ""같음""}","[""https://media.wconcept.co.kr/review/307349815/307349815_1784901465061.jpg?RS=300"", ""https://media.wconcept.co.kr/review/307349815/307349815_1784901464941.jpg?RS=300""]"
307349815,프론트로우,[앵콜 세일] Suede Bomber Jacket_3 color,https://www.wconcept.co.kr/Product/307349815,1,4,su******,2026.07.20,"BROWN, L",사이즈가 큰 편이라 무난하게 걸치기 적당한 아우터 같아요,5.0,"{""사이즈"": ""큼"", ""색상"": ""비슷함"", ""소재"": ""비슷함""}","[""https://media.wconcept.co.kr/review/307349815/307349815_1784551170096.jpeg?RS=300"", ""https://media.wconcept.co.kr/review/307349815/307349815_1784551169982.jpeg?RS=300""]"
307349815,프론트로우,[앵콜 세일] Suede Bomber Jacket_3 color,https://www.wconcept.co.kr/Product/307349815,1,5,ei******,2026.07.11,"BROWN, M",이거 예뻐요ㅋㅋ 소재가 관리하기 귀찮아서 망설였는데 입어보고 만족. 포장도 기분좋게 깔끔하게 되어서 오고 색깔도 예쁘고!,5.0,"{""사이즈"": ""적당함"", ""색상"": ""같음"", ""소재"": ""같음""}","[""https://media.wconcept.co.kr/review/307349815/307349815_1783775120750.jpg?RS=300""]"
307349815,프론트로우,[앵콜 세일] Suede Bomber Jacket_3 color,https://www.wconcept.co.kr/Product/307349815,1,6,je******,2026.07.04,"IVORY, S",생각보댜 더 넘 예뻐요!! 제가 곧 겨울나라로 갈 예정이라 한여름이지만 구매했습니다. 키가 작고 조금 마른편임에도 불구하고 핏이 넉넉하니 넘 예뻐요. 물론 저에게 소매는 깁니다ㅠ 한번 접어서 입으면 될 것 같아요,5.0,"{""사이즈"": ""적당함"", ""색상"": ""같음"", ""소재"": ""같음""}","[""https://media.wconcept.co.kr/review/307349815/307349815_1783174316556.jpg?RS=300"", ""https://media.wconcept.co.kr/review/307349815/307349815_1783174316449.jpg?RS=300""]"
307349815,프론트로우,[앵콜 세일] Suede Bomber Jacket_3 color,https://www.wconcept.co.kr/Product/307349815,2,7,aj******,2026.06.12,"GREYISH BLUE, L",브라운 색상 구매해사 뽕뽑게 입다가 세일가에 그레이도 구매했어요!! 그레이 스웨이드는 흔치 않아서 더 이쁘네용~~,5.0,"{""사이즈"": ""적당함"", ""색상"": ""같음"", ""소재"": ""같음""}","[""https://media.wconcept.co.kr/review/307349815/307349815_1781269135343.jpeg?RS=300""]"
307349815,프론트로우,[앵콜 세일] Suede Bomber Jacket_3 color,https://www.wconcept.co.kr/Product/307349815,2,8,wc******,2026.06.11,"GREYISH BLUE, S",찾기 힘든 쿨톤 브라운 옷이라 더 마음에 들어요.,5.0,"{""사이즈"": ""적당함"", ""색상"": ""비슷함"", ""소재"": ""비슷함""}",[]
307349815,프론트로우,[앵콜 세일] Suede Bomber Jacket_3 color,https://www.wconcept.co.kr/Product/307349815,2,9,wc******,2026.06.03,"BROWN, M",가을에 사고 싶었다가 고민만 하고 시간지났는데 세일하길래 미리 주문했어요 넉넉하게 입고 싶어 m사이즈 했는데 적당하게 오버핏이 되서 좋아요 색상 디자인 모두 이쁘네요,5.0,"{""사이즈"": ""큼"", ""색상"": ""같음"", ""소재"": ""같음""}","[""https://media.wconcept.co.kr/review/307349815/307349815_1780485080278.jpg?RS=300""]"
307349815,프론트로우,[앵콜 세일] Suede Bomber Jacket_3 color,https://www.wconcept.co.kr/Product/307349815,2,10,wc******,2026.05.23,"GREYISH BLUE, S",색상 너무 유니크해서 소장가치 너무 있어요! 더워져서 못입지만 다시 가을되면 입을거에요!,5.0,"{""사이즈"": ""적당함"", ""색상"": ""같음"", ""소재"": ""같음""}",[]
307349815,프론트로우,[앵콜 세일] Suede Bomber Jacket_3 color,https://www.wconcept.co.kr/Product/307349815,2,11,bi******,2026.05.20,"BROWN, S",너무고급지고이뻐요~ 잘입있어요~. 화이트하의랑입으면 굿,5.0,"{""사이즈"": ""적당함"", ""색상"": ""비슷함"", ""소재"": ""비슷함""}",[]
307349815,프론트로우,[앵콜 세일] Suede Bomber Jacket_3 color,https://www.wconcept.co.kr/Product/307349815,2,12,gp******,2026.05.19,"GREYISH BLUE, M","촉감 부드럽고 고급스러워요. 핏도 자연스럽게 떨어져서 데일리로 입기 좋고, 간절기에 가볍게 걸치기 딱 좋네용",5.0,"{""사이즈"": ""적당함"", ""색상"": ""같음"", ""소재"": ""같음""}",[]
307349815,프론트로우,[앵콜 세일] Suede Bomber Jacket_3 color,https://www.wconcept.co.kr/Product/307349815,3,13,ze******,2026.05.11,"BROWN, S",에스사이즈도 충분히 넉넉하고 커요 딱 원하던 핏이에요 고민 많이 하다가 샀는데 색이 오묘하게 이쁘고 질도 조아요 지하철에 입은 사람 많더라구요ㅋㅋㅋㅋㅋㅋ 은근 코디하기쉬워요 가을에 또 열심히 입고다니려구용ㅎㅎ,5.0,"{""사이즈"": ""큼"", ""색상"": ""비슷함"", ""소재"": ""같음""}",[]
307349815,프론트로우,[앵콜 세일] Suede Bomber Jacket_3 color,https://www.wconcept.co.kr/Product/307349815,3,14,kb******,2026.05.06,"BROWN, S",부들부들하고 아무때나 걸치기 너무 좋아요!! 가을에도 잘 입고 다닐 것 같아요 색도 맘에 듭니당ㅇ,5.0,"{""사이즈"": ""적당함"", ""색상"": ""같음"", ""소재"": ""같음""}","[""https://media.wconcept.co.kr/review/307349815/307349815_1778075377800.jpeg?RS=300""]"
307349815,프론트로우,[앵콜 세일] Suede Bomber Jacket_3 color,https://www.wconcept.co.kr/Product/307349815,3,15,pr******,2026.05.03,"BROWN, M",잘 입고 다니는 중이예요ㅎㅎ,5.0,"{""사이즈"": ""적당함"", ""색상"": ""같음"", ""소재"": ""같음""}","[""https://media.wconcept.co.kr/review/307349815/307349815_1777819008120.jpg?RS=300""]"
307349815,프론트로우,[앵콜 세일] Suede Bomber Jacket_3 color,https://www.wconcept.co.kr/Product/307349815,3,16,jm******,2026.04.28,"BROWN, S",브라운색 안어울릴까봐 긴가민가했는데 잘 산듯요. 생각보다 코디해서 입기 편해요.,5.0,"{""사이즈"": ""적당함"", ""색상"": ""같음"", ""소재"": ""같음""}",[]
307349815,프론트로우,[앵콜 세일] Suede Bomber Jacket_3 color,https://www.wconcept.co.kr/Product/307349815,3,17,wc******,2026.04.27,"GREYISH BLUE, M",옷은예쁜데 뭔가 쿨톤이입어야 할듯합니다.,5.0,"{""사이즈"": ""적당함"", ""색상"": ""비슷함"", ""소재"": ""같음""}","[""https://media.wconcept.co.kr/review/307349815/307349815_1777289419024.jpg?RS=300""]"
307349815,프론트로우,[앵콜 세일] Suede Bomber Jacket_3 color,https://www.wconcept.co.kr/Product/307349815,3,18,wc******,2026.04.19,"GREYISH BLUE, S",너무너무 잘 입는 교복템이니다^^,5.0,"{""사이즈"": ""적당함"", ""색상"": ""같음"", ""소재"": ""같음""}",[]
308234748,틸아이다이,[단 하루!] Scarf tie detail blouse [TISP05BL03]_Ivory,https://www.wconcept.co.kr/Product/308234748,1,1,tn******,2026.09.05,IVORY_FREE,격식있는 자리에 단정하게 입기 좋을것 같아요!,5.0,"{""사이즈"": ""적당함"", ""색상"": ""같음"", ""소재"": ""같음""}","[""https://media.wconcept.co.kr/review/308234748/308234748_1788617199578.jpeg?RS=300""]"
308234748,틸아이다이,[단 하루!] Scarf tie detail blouse [TISP05BL03]_Ivory,https://www.wconcept.co.kr/Product/308234748,1,2,on******,2026.07.12,IVORY_FREE,배송이 빠르니 좋아요 사진과 비슷하고 예쁘네요,3.0,"{""사이즈"": ""적당함"", ""색상"": ""비슷함"", ""소재"": ""비슷함""}","[""https://media.wconcept.co.kr/review/308234748/308234748_1783808230650.jpg?RS=300""]"
308234748,틸아이다이,[단 하루!] Scarf tie detail blouse [TISP05BL03]_Ivory,https://www.wconcept.co.kr/Product/308234748,1,3,bl******,2026.07.07,IVORY_FREE,결혼식장 갈때 입었는데 정말 맘에 듭니다~신경써서 외출해야할때 무척 잘어울리는 옷이네요,5.0,"{""사이즈"": ""적당함"", ""색상"": ""같음"", ""소재"": ""같음""}",[]
308234748,틸아이다이,[단 하루!] Scarf tie detail blouse [TISP05BL03]_Ivory,https://www.wconcept.co.kr/Product/308234748,1,4,ah******,2026.06.25,IVORY_FREE,톤다운된 화이트라서 데일리로도 괜찮은 것 같아요,5.0,"{""사이즈"": ""적당함"", ""색상"": ""비슷함"", ""소재"": ""비슷함""}","[""https://media.wconcept.co.kr/review/308234748/308234748_1782348458653.jpeg?RS=300""]"
308234748,틸아이다이,[단 하루!] Scarf tie detail blouse [TISP05BL03]_Ivory,https://www.wconcept.co.kr/Product/308234748,1,5,wc******,2026.06.24,IVORY_FREE,이뻐요 결혼식 가려고 샀는데 너무 이쁘네요 청바지에 입어도 이쁘고 원피스에도 잘 어울리네요 넣입하기에는 조금 짧은거같긴해요,5.0,"{""사이즈"": ""적당함"", ""색상"": ""같음"", ""소재"": ""같음""}","[""https://media.wconcept.co.kr/review/308234748/308234748_1782271351139.jpg?RS=300""]"
308234748,틸아이다이,[단 하루!] Scarf tie detail blouse [TISP05BL03]_Ivory,https://www.wconcept.co.kr/Product/308234748,1,6,dl******,2026.06.21,IVORY_FREE,생각보다 목부분이 좀 올라와서 목이 짧은 저한텐 조금 답답하게 느껴지더라구요.. 그점 빼고는 다 좋았어요 !,4.0,"{""사이즈"": ""적당함"", ""색상"": ""같음"", ""소재"": ""같음""}","[""https://media.wconcept.co.kr/review/308234748/308234748_1782030546642.jpeg?RS=300""]"
308234748,틸아이다이,[단 하루!] Scarf tie detail blouse [TISP05BL03]_Ivory,https://www.wconcept.co.kr/Product/308234748,2,7,4f******,2026.06.14,IVORY_FREE,단정하게입기 좋은 블라우스입니다! 세일할때 싸게사서 좋았어요,5.0,"{""사이즈"": ""적당함"", ""색상"": ""같음"", ""소재"": ""같음""}","[""https://media.wconcept.co.kr/review/308234748/308234748_1781428140731.jpeg?RS=300""]"
308234748,틸아이다이,[단 하루!] Scarf tie detail blouse [TISP05BL03]_Ivory,https://www.wconcept.co.kr/Product/308234748,2,8,ho******,2026.06.12,IVORY_FREE,진ㅁ자 너무 이쁘네요 봄에 진짜 잘 입엇고 배송도 빨라서 바로 입엇고 주름이 잘 안지는 소재고 스팀다리미로 쭉하면 끝이에요,5.0,"{""사이즈"": ""적당함"", ""색상"": ""같음"", ""소재"": ""같음""}",[]
308234748,틸아이다이,[단 하루!] Scarf tie detail blouse [TISP05BL03]_Ivory,https://www.wconcept.co.kr/Product/308234748,2,9,wc******,2026.06.10,IVORY_FREE,하늘하늘 여성스러워 꾸미고 싶을때 입으면 좋아요 너무 얇지도 않아 비침에도 좀 자유롭네요,5.0,"{""사이즈"": ""적당함"", ""색상"": ""같음"", ""소재"": ""같음""}","[""https://media.wconcept.co.kr/review/308234748/308234748_1781059222933.jpg?RS=300""]"
308234748,틸아이다이,[단 하루!] Scarf tie detail blouse [TISP05BL03]_Ivory,https://www.wconcept.co.kr/Product/308234748,2,10,fl******,2026.06.10,IVORY_FREE,"흠...역시 패션의 완성은 얼굴^^은은한 윤기가 돌아서 고급스럽고 소재도 부드러우면서 사각거리고 시원한 느낌. 색상도 딱 예쁜 화사한 크림컬러. 단, 넥라인 복불복입니다. 전 처음 받은게 상태가 너무 안 좋아서 교환 요청했지만 원래 그런거라고 거절 당함. 그래서 반품하고 재주문 ㅠ피눈물...",5.0,"{""사이즈"": ""적당함"", ""색상"": ""같음"", ""소재"": ""같음""}","[""https://media.wconcept.co.kr/review/308234748/308234748_1781054082858.jpg?RS=300""]"
308234748,틸아이다이,[단 하루!] Scarf tie detail blouse [TISP05BL03]_Ivory,https://www.wconcept.co.kr/Product/308234748,2,11,yh******,2026.06.01,IVORY_FREE,단독으로 입어도 예쁘고 레이어드해도 예뻐요 리본이 포인트로 여성스러운 룩이 연출되요. 다만 비침은 꽤있어요,5.0,"{""사이즈"": ""적당함"", ""색상"": ""같음"", ""소재"": ""같음""}",[]
308234748,틸아이다이,[단 하루!] Scarf tie detail blouse [TISP05BL03]_Ivory,https://www.wconcept.co.kr/Product/308234748,2,12,eu******,2026.05.31,IVORY_FREE,사진보다 더이쁘네요^^ 여름에 팔살짝 걷어서 입어도 될듯해요^^,5.0,"{""사이즈"": ""적당함"", ""색상"": ""비슷함"", ""소재"": ""비슷함""}","[""https://media.wconcept.co.kr/review/308234748/308234748_1780232513893.jpg?RS=300""]"
308234748,틸아이다이,[단 하루!] Scarf tie detail blouse [TISP05BL03]_Ivory,https://www.wconcept.co.kr/Product/308234748,3,13,bo******,2026.05.29,IVORY_FREE,깔끔하면서 포인트가 되고 예뻐요! 목 부분에 단추채우고 한번 묶어주기만 하면 되니깐 편합니다! 깔끔 단정 세련을 갖춘 옷이예요! 캐주얼이든 정장이든 다 잘 어울립니다,5.0,"{""사이즈"": ""적당함"", ""색상"": ""같음"", ""소재"": ""같음""}",[]
308234748,틸아이다이,[단 하루!] Scarf tie detail blouse [TISP05BL03]_Ivory,https://www.wconcept.co.kr/Product/308234748,3,14,dn******,2026.05.23,IVORY_FREE,배송도 빠르고 원단도 부드러워요! 만족합니다!,5.0,"{""사이즈"": ""큼"", ""색상"": ""비슷함"", ""소재"": ""비슷함""}",[]
308234748,틸아이다이,[단 하루!] Scarf tie detail blouse [TISP05BL03]_Ivory,https://www.wconcept.co.kr/Product/308234748,3,15,ny******,2026.05.15,IVORY_FREE,구매 후 첫 개시하려고 하는데 오른쪽 소매에 단추가 아예 없는걸 판매하셨네요. 검수를 안하시는건지 단추가 떨어진게 아니라 아예 작업이 안되었던 옷인거 같네요. 해당 상품 교환해주세요. 사진 첨부합니다.,5.0,"{""사이즈"": ""큼"", ""색상"": ""같음"", ""소재"": ""비슷함""}",[]
308234748,틸아이다이,[단 하루!] Scarf tie detail blouse [TISP05BL03]_Ivory,https://www.wconcept.co.kr/Product/308234748,3,16,ju******,2026.05.12,IVORY_FREE,소재 유연한 소재구요 핏도 예쁘긴 한데.. 타이부분이 모델처럼 예쁘게 매듭이 안지어져요 ㅜ,5.0,"{""사이즈"": ""적당함"", ""색상"": ""같음"", ""소재"": ""같음""}","[""https://media.wconcept.co.kr/review/308234748/308234748_1778588786466.jpg?RS=300""]"
308234748,틸아이다이,[단 하루!] Scarf tie detail blouse [TISP05BL03]_Ivory,https://www.wconcept.co.kr/Product/308234748,3,17,bl******,2026.05.11,IVORY_FREE,옷 자체는 예쁩니다 부드러워요,5.0,"{""사이즈"": ""적당함"", ""색상"": ""같음"", ""소재"": ""같음""}","[""https://media.wconcept.co.kr/review/308234748/308234748_1778507037079.jpeg?RS=300""]"
308234748,틸아이다이,[단 하루!] Scarf tie detail blouse [TISP05BL03]_Ivory,https://www.wconcept.co.kr/Product/308234748,3,18,hy******,2026.05.10,IVORY_FREE,"옷걸이 마저 감성포인트 ㅎㅎ 페미닌한 무드 블라우스 하나쯤 갖고 싶어서 구매함 데이트, 하객룩에 좋을거 같고 얇은 소재임",5.0,"{""사이즈"": ""적당함"", ""색상"": ""같음"", ""소재"": ""같음""}","[""https://media.wconcept.co.kr/review/308234748/308234748_1778406351365.jpeg?RS=300"", ""https://media.wconcept.co.kr/review/308234748/308234748_1778406351266.jpeg?RS=300""]"
308920225,하우투러브미,[30%쿠폰] 로웬 드레이프 랩 블라우스[brown],https://www.wconcept.co.kr/Product/308920225,1,1,w-******,2026.09.12,BROWN_FREE,이런 디자인이 안어울리는 체형임에도 불구하고 너무 예뻐서 구매해봤는데 저한테도 찰떡이에요! 쿨톤에게도 잘어울리는 브라운이에요 노란 브라운이 아니여서 더더더 좋았어요! 입자마자 가을가을해집니다,5.0,"{""사이즈"": ""적당함"", ""색상"": ""같음"", ""소재"": ""같음""}",[]
308912907,마스 언 에브릴,BASIC LOGO KNIT CARDIGAN_GRAPE,https://www.wconcept.co.kr/Product/308912907,1,1,rn******,2026.09.11,"GRAPE, FREE",첫구매하였어요 색상이며 모며 마음들어요 이번가을 예쁘게입을게요,5.0,"{""사이즈"": ""적당함"", ""색상"": ""같음"", ""소재"": ""같음""}",[]
308912907,마스 언 에브릴,BASIC LOGO KNIT CARDIGAN_GRAPE,https://www.wconcept.co.kr/Product/308912907,1,2,lu******,2026.09.11,"GRAPE, FREE",가디건은 많은데 색이 예뻐서 샀어요. 화면과 같은 색인데 저한테는 좀 큰편입니다. 부드러워요,5.0,"{""사이즈"": ""큼"", ""색상"": ""같음"", ""소재"": ""같음""}","[""https://media.wconcept.co.kr/review/308912907/308912907_1789131000225.jpg?RS=300""]"
308912907,마스 언 에브릴,BASIC LOGO KNIT CARDIGAN_GRAPE,https://www.wconcept.co.kr/Product/308912907,1,3,li******,2026.09.11,"GRAPE, FREE",꽤 두꺼운 니트네요. 탄탄하고 두꺼워요. 색상이 예뻐요,5.0,"{""사이즈"": ""적당함"", ""색상"": ""비슷함"", ""소재"": ""비슷함""}","[""https://media.wconcept.co.kr/review/308912907/308912907_1789108403202.jpg?RS=300""]"
308912907,마스 언 에브릴,BASIC LOGO KNIT CARDIGAN_GRAPE,https://www.wconcept.co.kr/Product/308912907,1,4,il******,2026.09.10,"GRAPE, FREE",좀 더 자주색? 와인색?인 줄 알고 주문했는데 생각보다 보라색이라 좀 당황했지만(이미 보라색 가디건이 있어서^^;) 역시 하늘 아래 같은 보라는 없는 법~,5.0,"{""사이즈"": ""적당함"", ""색상"": ""비슷함"", ""소재"": ""같음""}","[""https://media.wconcept.co.kr/review/308912907/308912907_1789046638951.jpg?RS=300""]"
308912907,마스 언 에브릴,BASIC LOGO KNIT CARDIGAN_GRAPE,https://www.wconcept.co.kr/Product/308912907,1,5,ae******,2026.09.09,"GRAPE, FREE",품이 생각보다 큰데 색감이 너므 고급지고 예뻐용!!!,5.0,"{""사이즈"": ""큼"", ""색상"": ""같음"", ""소재"": ""비슷함""}",[]
308912907,마스 언 에브릴,BASIC LOGO KNIT CARDIGAN_GRAPE,https://www.wconcept.co.kr/Product/308912907,1,6,lh******,2026.09.08,"GRAPE, FREE",사랑스러운 퍼플컬러에 소재도 얇은듯 포근하네요 사진이 좀 밝게 나왔는데 고급진 퍼플이에요 베이지도 겟할까봐요 ㅎ,5.0,"{""사이즈"": ""적당함"", ""색상"": ""같음"", ""소재"": ""같음""}","[""https://media.wconcept.co.kr/review/308912907/308912907_1788861662886.jpg?RS=300""]"
308912907,마스 언 에브릴,BASIC LOGO KNIT CARDIGAN_GRAPE,https://www.wconcept.co.kr/Product/308912907,2,7,wc******,2026.09.06,"GRAPE, FREE",딱 제가 찾던 예쁜 포도주 컬러에요 !! 허리에 클로버 로고가 자수로 새겨져있어서 더 맘에 드네용 ㅎㅎ 소재가 부드럽구 두께감도 적당해서 오래 입을 것 같아요 ㅠㅠ,5.0,"{""사이즈"": ""적당함"", ""색상"": ""같음"", ""소재"": ""같음""}","[""https://media.wconcept.co.kr/review/308912907/308912907_1788691280781.jpeg?RS=300"", ""https://media.wconcept.co.kr/review/308912907/308912907_1788691280645.jpeg?RS=300""]"
308912907,마스 언 에브릴,BASIC LOGO KNIT CARDIGAN_GRAPE,https://www.wconcept.co.kr/Product/308912907,2,8,kk******,2026.09.04,"GRAPE, FREE",색상이 너무 마음에 들어요 부드러운소재에 가을에 잘 입을것같아요,5.0,"{""사이즈"": ""적당함"", ""색상"": ""같음"", ""소재"": ""같음""}","[""https://media.wconcept.co.kr/review/308912907/308912907_1788509164298.jpg?RS=300""]"
308912907,마스 언 에브릴,BASIC LOGO KNIT CARDIGAN_GRAPE,https://www.wconcept.co.kr/Product/308912907,2,9,sc******,2026.08.28,"GRAPE, FREE",퍼플이 유행인대 쿨톤인 저는 잘못입으면 이상해서 여러가지 색상주문해서 다 실패하고 겨우 건졋네요 색상이 모든걸 이기네요,5.0,"{""사이즈"": ""적당함"", ""색상"": ""같음"", ""소재"": ""같음""}","[""https://media.wconcept.co.kr/review/308912907/308912907_1787876290148.jpeg?RS=300""]"
308912907,마스 언 에브릴,BASIC LOGO KNIT CARDIGAN_GRAPE,https://www.wconcept.co.kr/Product/308912907,2,10,wc******,2026.08.26,"GRAPE, FREE",두깨감있고 부드러워요. 컬러감이 너무 예뻐요.😍,5.0,"{""사이즈"": ""적당함"", ""색상"": ""같음"", ""소재"": ""같음""}",[]
307449779,우이,[20%쿠폰] 베르 스판 부츠컷 슬랙스 딥베이지 OU1744,https://www.wconcept.co.kr/Product/307449779,1,1,no******,2026.09.13,M,"큰일났어요. 제게 꼭 맞는 바지맛집 드디어 찾았어요. 한국브랜드 기장 짧아서 늘 애먹었는데, 오마이갓 우이 사랑해요 테이러링 미쳣네여. 고급져요 아주 맘에 들어요.",5.0,"{""사이즈"": ""적당함"", ""색상"": ""같음"", ""소재"": ""같음""}","[""https://media.wconcept.co.kr/review/307449779/307449779_1789294519098.jpg?RS=300""]"
307449779,우이,[20%쿠폰] 베르 스판 부츠컷 슬랙스 딥베이지 OU1744,https://www.wconcept.co.kr/Product/307449779,1,2,wc******,2026.09.12,M,우이 여름용 슬랙스 잘 입어서 한번 주문해봤는데 라인 예쁘고 색 고급집니다 스판끼 조금 있어서 편해요!,5.0,"{""사이즈"": ""적당함"", ""색상"": ""같음"", ""소재"": ""같음""}",[]
307449779,우이,[20%쿠폰] 베르 스판 부츠컷 슬랙스 딥베이지 OU1744,https://www.wconcept.co.kr/Product/307449779,1,3,ri******,2026.09.12,M,소재가 탄탄하고 핏이 딱 떨어지는게 너무 고급스러워요 두께도 있어서 추워져도 잘 입을것 같아요 그냥 이 바지는 무조건 사세요,5.0,"{""사이즈"": ""적당함"", ""색상"": ""같음"", ""소재"": ""같음""}","[""https://media.wconcept.co.kr/review/307449779/307449779_1789150045319.jpeg?RS=300""]"
307449779,우이,[20%쿠폰] 베르 스판 부츠컷 슬랙스 딥베이지 OU1744,https://www.wconcept.co.kr/Product/307449779,1,4,bb******,2026.08.08,S,길이가 살짝 길어서 수정했어요 맘에 듭니다 가을에 입어야죠,5.0,"{""사이즈"": ""적당함"", ""색상"": ""같음"", ""소재"": ""같음""}","[""https://media.wconcept.co.kr/review/307449779/307449779_1786187525523.jpg?RS=300""]"
307449779,우이,[20%쿠폰] 베르 스판 부츠컷 슬랙스 딥베이지 OU1744,https://www.wconcept.co.kr/Product/307449779,1,5,su******,2026.08.04,M,편안하게 잘맞아서 좋아요 컬러도 토프컬러? 같은데 제가 가을웜이라 차분한 컬러가 잘받는데 절개선 라인과 부츠컷이라 라인이 잘사는것 같습니다. 길이도 적당히 길고좋네요.,5.0,"{""사이즈"": ""적당함"", ""색상"": ""같음"", ""소재"": ""같음""}","[""https://media.wconcept.co.kr/review/307449779/307449779_1785802135583.jpg?RS=300""]"
307449779,우이,[20%쿠폰] 베르 스판 부츠컷 슬랙스 딥베이지 OU1744,https://www.wconcept.co.kr/Product/307449779,1,6,lo******,2026.07.15,M,생각보다 도톰합니다. 여름엔 못입어오. 추운 날에 괜찮을 것 같아요,5.0,"{""사이즈"": ""적당함"", ""색상"": ""같음"", ""소재"": ""같음""}","[""https://media.wconcept.co.kr/review/307449779/307449779_1784076455530.jpeg?RS=300""]"
307449779,우이,[20%쿠폰] 베르 스판 부츠컷 슬랙스 딥베이지 OU1744,https://www.wconcept.co.kr/Product/307449779,2,7,ch******,2026.06.26,S,길이가 진짜 긴데 뒷 포켓이 예뻐요 허리땜에 고민하다가 품음,5.0,"{""사이즈"": ""큼"", ""색상"": ""같음"", ""소재"": ""같음""}","[""https://media.wconcept.co.kr/review/307449779/307449779_1782485892350.jpeg?RS=300""]"
307449779,우이,[20%쿠폰] 베르 스판 부츠컷 슬랙스 딥베이지 OU1744,https://www.wconcept.co.kr/Product/307449779,2,8,jo******,2026.06.08,M,슬랙스 핏이 이쁩니다 촤르르 떨어지고 봄가을에 입기 좋은 두께입니다,5.0,"{""사이즈"": ""큼"", ""색상"": ""같음"", ""소재"": ""같음""}","[""https://media.wconcept.co.kr/review/307449779/307449779_1780874074626.jpg?RS=300""]"
307449779,우이,[20%쿠폰] 베르 스판 부츠컷 슬랙스 딥베이지 OU1744,https://www.wconcept.co.kr/Product/307449779,2,9,wc******,2026.06.07,M,키 160cm 라서 저한테 조금 길지만 핏 이뻐요 .구두 신고 입으면 괜찮아요,5.0,"{""사이즈"": ""적당함"", ""색상"": ""같음"", ""소재"": ""같음""}","[""https://media.wconcept.co.kr/review/307449779/307449779_1780822807312.jpeg?RS=300"", ""https://media.wconcept.co.kr/review/307449779/307449779_1780822807172.jpeg?RS=300""]"
307449779,우이,[20%쿠폰] 베르 스판 부츠컷 슬랙스 딥베이지 OU1744,https://www.wconcept.co.kr/Product/307449779,2,10,wc******,2026.05.31,S,소재 좋고 핏 좋어요 ㅋㅋㅋ 옷정말 ㅋㅋㅋ 괜찮아요,5.0,"{""사이즈"": ""적당함"", ""색상"": ""비슷함"", ""소재"": ""비슷함""}",[]
307449779,우이,[20%쿠폰] 베르 스판 부츠컷 슬랙스 딥베이지 OU1744,https://www.wconcept.co.kr/Product/307449779,2,11,be******,2026.05.29,M,가볍고 편안한데 핏이 너무 예뻐요- 우이에서만 바지가 최소 세번째입니다.,5.0,"{""사이즈"": ""적당함"", ""색상"": ""같음"", ""소재"": ""같음""}","[""https://media.wconcept.co.kr/review/307449779/307449779_1780019665674.jpeg?RS=300""]"
307449779,우이,[20%쿠폰] 베르 스판 부츠컷 슬랙스 딥베이지 OU1744,https://www.wconcept.co.kr/Product/307449779,2,12,ji******,2026.05.17,S,기장이 좀 길지만 핏이 예뻐서 다리가 진짜 길어보여요 소재가 두껍지 않아 초여름까지도 잘 입을수 있을것 같아요,5.0,"{""사이즈"": ""적당함"", ""색상"": ""같음"", ""소재"": ""같음""}",[]
307449779,우이,[20%쿠폰] 베르 스판 부츠컷 슬랙스 딥베이지 OU1744,https://www.wconcept.co.kr/Product/307449779,3,13,ni******,2026.05.16,M,우이 슬랙스는 처음인데 핏이 예쁘고 색상도 예뻐요,5.0,"{""사이즈"": ""적당함"", ""색상"": ""같음"", ""소재"": ""같음""}","[""https://media.wconcept.co.kr/review/307449779/307449779_1778900472064.jpg?RS=300""]"
307449779,우이,[20%쿠폰] 베르 스판 부츠컷 슬랙스 딥베이지 OU1744,https://www.wconcept.co.kr/Product/307449779,3,14,ho******,2026.05.05,S,"160센치 기준, 5센치 정도는 줄여서 입어야했어요! 소재랑 색감은 마음에 들고 고급스러워보입니다! 딥베이지 컬러 슬랙스로 추천해요!! (사진은 좀 더 어둡게 나왔어요)",5.0,"{""사이즈"": ""적당함"", ""색상"": ""비슷함"", ""소재"": ""같음""}","[""https://media.wconcept.co.kr/review/307449779/307449779_1777978936768.jpeg?RS=300""]"
307449779,우이,[20%쿠폰] 베르 스판 부츠컷 슬랙스 딥베이지 OU1744,https://www.wconcept.co.kr/Product/307449779,3,15,ga******,2026.05.01,S,데일리 출퇴근용으로 좋아요. 길이는 살짝 긴편이라 수선햇어요.,5.0,"{""사이즈"": ""적당함"", ""색상"": ""같음"", ""소재"": ""같음""}","[""https://media.wconcept.co.kr/review/307449779/307449779_1777562822633.jpg?RS=300""]"
307449779,우이,[20%쿠폰] 베르 스판 부츠컷 슬랙스 딥베이지 OU1744,https://www.wconcept.co.kr/Product/307449779,3,16,wc******,2026.04.14,M,진짜 미쳤음 재질도 너무 좋고 이효리 김민희같은 최고의하이웨스트 바지 넘.맘에 들어서 여기서 많이 살려구요,5.0,"{""사이즈"": ""적당함"", ""색상"": ""같음"", ""소재"": ""같음""}",[]
307449779,우이,[20%쿠폰] 베르 스판 부츠컷 슬랙스 딥베이지 OU1744,https://www.wconcept.co.kr/Product/307449779,3,17,na******,2026.04.11,S,모델핏은 색이 더 짙어보이는데... 받아보니 더 옅어요 ㅠㅠ 모델핏 색상처럼 좀 더 짙은걸 원했는데 ㅠㅠ 그래도 우리 슬랙스 핏이 예뻐서 밑단 줄이려 맡겨놨습니다.,5.0,"{""사이즈"": ""적당함"", ""색상"": ""비슷함"", ""소재"": ""비슷함""}","[""https://media.wconcept.co.kr/review/307449779/307449779_1775906620527.jpg?RS=300""]"
307449779,우이,[20%쿠폰] 베르 스판 부츠컷 슬랙스 딥베이지 OU1744,https://www.wconcept.co.kr/Product/307449779,3,18,rn******,2026.04.08,M,개인적으로 디테일을 정말 많이 보는 편에이요. 이 바지를 구매로 우이에서는 두번째 구매인데 옷에 대한 애정이 남다른게 느껴지는 바지에요. 이 바지로 인해 우이에서 사야할 바지들이 늘어났네요 ㅎㅎ 좋은 바지 만들어주셔서 감사해요,5.0,"{""사이즈"": ""적당함"", ""색상"": ""같음"", ""소재"": ""같음""}","[""https://media.wconcept.co.kr/review/307449779/307449779_1775607678958.jpeg?RS=300""]"
307388241,라메레이,[20%쿠폰] [사이즈 추가]Sheer Layered Tie Dress[LMBFCO25DR803]-Black,https://www.wconcept.co.kr/Product/307388241,1,1,wl******,2026.06.29,S,사진처럼 고대로 입니다!! 가격이 있어서 고민 많았는데 고민할 필요가 없었어요 ㅎㅎㅎ,5.0,"{""사이즈"": ""적당함"", ""색상"": ""같음"", ""소재"": ""같음""}","[""https://media.wconcept.co.kr/review/307388241/307388241_1782714440178.jpeg?RS=300""]"
307388241,라메레이,[20%쿠폰] [사이즈 추가]Sheer Layered Tie Dress[LMBFCO25DR803]-Black,https://www.wconcept.co.kr/Product/307388241,1,2,ro******,2026.06.08,M,최근 산 옷 중 제일 맘에 들어요 고급스럽고 무난하면서 예쁩니다,5.0,"{""사이즈"": ""적당함"", ""색상"": ""같음"", ""소재"": ""같음""}","[""https://media.wconcept.co.kr/review/307388241/307388241_1780903057032.jpg?RS=300""]"
307388241,라메레이,[20%쿠폰] [사이즈 추가]Sheer Layered Tie Dress[LMBFCO25DR803]-Black,https://www.wconcept.co.kr/Product/307388241,1,3,dm******,2026.06.01,L,윗부분 지퍼가 살짝 퍽퍽해서 옆에 누구 없으면 힘들어요 옷은 이쁩니다,5.0,"{""사이즈"": ""적당함"", ""색상"": ""같음"", ""소재"": ""같음""}","[""https://media.wconcept.co.kr/review/307388241/307388241_1780299194851.jpeg?RS=300""]"
307388241,라메레이,[20%쿠폰] [사이즈 추가]Sheer Layered Tie Dress[LMBFCO25DR803]-Black,https://www.wconcept.co.kr/Product/307388241,1,4,bo******,2026.06.01,M,지퍼가 안내려간다고 해서 걱정햇는데 생각보다는 나쁘지 않아요 시스루 부분이 좀 따가워요ㅠ,5.0,"{""사이즈"": ""적당함"", ""색상"": ""같음"", ""소재"": ""같음""}","[""https://media.wconcept.co.kr/review/307388241/307388241_1780283263257.jpeg?RS=300""]"
307388241,라메레이,[20%쿠폰] [사이즈 추가]Sheer Layered Tie Dress[LMBFCO25DR803]-Black,https://www.wconcept.co.kr/Product/307388241,1,5,yu******,2026.05.17,M,하객룩으로 딱입니다 살짝 타이트하긴 합니다 제 키에 살짝 긴거 같았는데 요즘 다 길게 입는다니 그냥 입으려고요,5.0,"{""사이즈"": ""적당함"", ""색상"": ""비슷함"", ""소재"": ""비슷함""}","[""https://media.wconcept.co.kr/review/307388241/307388241_1779016160455.jpg?RS=300""]"
307388241,라메레이,[20%쿠폰] [사이즈 추가]Sheer Layered Tie Dress[LMBFCO25DR803]-Black,https://www.wconcept.co.kr/Product/307388241,1,6,ar******,2026.05.16,M,격식자리에서도 평상시에도 부담없이 입을수있을거같아요,5.0,"{""사이즈"": ""적당함"", ""색상"": ""같음"", ""소재"": ""같음""}","[""https://media.wconcept.co.kr/review/307388241/307388241_1778936502521.jpeg?RS=300""]"
307388241,라메레이,[20%쿠폰] [사이즈 추가]Sheer Layered Tie Dress[LMBFCO25DR803]-Black,https://www.wconcept.co.kr/Product/307388241,2,7,wc******,2026.05.05,S,결혼식 등에 입으면 좋은 룩! 디테일 좋음,5.0,"{""사이즈"": ""큼"", ""색상"": ""비슷함"", ""소재"": ""같음""}",[]
307388241,라메레이,[20%쿠폰] [사이즈 추가]Sheer Layered Tie Dress[LMBFCO25DR803]-Black,https://www.wconcept.co.kr/Product/307388241,2,8,wc******,2026.05.03,S,"하객룩으로 샀는데 배송 빠르고, 재질도 좋고 이뻐요 ㅠㅠㅠㅠ 완전 맘에 들어요",5.0,"{""사이즈"": ""적당함"", ""색상"": ""같음"", ""소재"": ""같음""}","[""https://media.wconcept.co.kr/review/307388241/307388241_1777734718371.jpeg?RS=300""]"
307388241,라메레이,[20%쿠폰] [사이즈 추가]Sheer Layered Tie Dress[LMBFCO25DR803]-Black,https://www.wconcept.co.kr/Product/307388241,2,9,wc******,2026.05.01,M,배송 빨랏구요 사진이랑 똑같구요 존예 그 자체입니다!!! 비싼값해요!!! 블랙이지만 심심하지 않고 고급져요. 하객룩으로만 입기 좀 아까울 것 같아요 지퍼가 부드럽진 않아도 어찌어찌 하면 올라갑니다.,5.0,"{""사이즈"": ""적당함"", ""색상"": ""같음"", ""소재"": ""같음""}",[]
307388241,라메레이,[20%쿠폰] [사이즈 추가]Sheer Layered Tie Dress[LMBFCO25DR803]-Black,https://www.wconcept.co.kr/Product/307388241,2,10,my******,2026.04.29,M,단정한게 결혼식에도 직장룩으로도 다 괜찮아요. 다른 색상도 만들어 주세용~^^,5.0,"{""사이즈"": ""적당함"", ""색상"": ""같음"", ""소재"": ""같음""}",[]
307388241,라메레이,[20%쿠폰] [사이즈 추가]Sheer Layered Tie Dress[LMBFCO25DR803]-Black,https://www.wconcept.co.kr/Product/307388241,2,11,ky******,2026.04.28,L,"저는 158에 60인 키작 통통녀인데, L사이즈 시켰는데도 저에게 정말 꽉 맞더라구요. 밥 먹으면 배가 볼록볼록 튀어나올 정도였어요(옷이 탄성이 있어서 숨이 안쉬어지거나 하지 않고 오히려 볼록볼록 튀어나오는 느낌이였어요) 사이즈가 작은 것 말고는 정말 너무너무 예쁜 옷이예요. 보는 사람들 마다 너무 예쁘다고 해줬답니다. 길이는 조금 길어서 저는 수선해 입었습니다.",5.0,"{""사이즈"": ""작음"", ""색상"": ""같음"", ""소재"": ""같음""}","[""https://media.wconcept.co.kr/review/307388241/307388241_1777377304776.jpeg?RS=300""]"
307388241,라메레이,[20%쿠폰] [사이즈 추가]Sheer Layered Tie Dress[LMBFCO25DR803]-Black,https://www.wconcept.co.kr/Product/307388241,2,12,lk******,2026.04.21,M,"결혼식 때문에 급하게 주문했는데 넘 만족해서 후기올려요! 163cm / 54~55kg으로 사이즈 선택이 정말 애매한 몸이라 S와 M 사이에서 고민이 많았는데, M 사이즈로 선택하길 잘한 것 같아요. 전체적으로 살짝 여유 있으면서도 핏이 예쁘게 잡혀서 편안함과 핏을 모두 챙길 수 있었어요. S를 선택했다면 더 딱 맞는 느낌으로 좀 더 이쁘게 입을 수 있었겠지만, 조금은 불편했을 것 같아요ㅠㅁㅎㅎㅎ 기장은 163 기준으로 약간 긴 편이에요!!! 또 후기를 보면서 지퍼 부분이 걱정됐는데, 저는 부드럽게 잘 올라가고 내려가서 혼자 입고 벗기에도 전혀 불편함이 없었어요. 뽑기 운이 좋았던 걸까요? ㅎㅎㅎ 급하게 구매한 옷인데 기대 이상으로 만족스러워서 앞으로도 자주 손이 갈 것 같아요 🤍",5.0,"{""사이즈"": ""적당함"", ""색상"": ""같음"", ""소재"": ""같음""}","[""https://media.wconcept.co.kr/review/307388241/307388241_1776749279102.jpeg?RS=300""]"
307388241,라메레이,[20%쿠폰] [사이즈 추가]Sheer Layered Tie Dress[LMBFCO25DR803]-Black,https://www.wconcept.co.kr/Product/307388241,3,13,fl******,2026.04.15,S,하객룩으로 구매했는데 잘입었어요 길이도 적당하고 소매부분 시스루도 반짝거리는 원단으로 되어있어서 고급스러워 보이네요 소매 부분 실마감이 덜 정리되어있긴했지만 가위로 살짝 정리하고 입었어요 사이즈 계속 고민하다가 S했는데 흉통이랑 배부분이 딱 맞아서 M했어도 편하게 잘입었을거같긴해요,5.0,"{""사이즈"": ""적당함"", ""색상"": ""같음"", ""소재"": ""같음""}","[""https://media.wconcept.co.kr/review/307388241/307388241_1776253865504.jpeg?RS=300""]"
307388241,라메레이,[20%쿠폰] [사이즈 추가]Sheer Layered Tie Dress[LMBFCO25DR803]-Black,https://www.wconcept.co.kr/Product/307388241,3,14,vi******,2026.04.11,M,살이쪄서 M사이즈 타이트할까 걱정했는데 적당히 여유 있게 핏됩니다. 상의 부분이 맨살에 조금 까끌해요. 양쪽 어깨에 살짝 볼륨이 있는데 바로 착용했을때 한 쪽은 눌려있어서 하루 옷걸이에 걸어놓고 봐야할거 같아요. 길이는 발목까지 오는건 아닌데 생각보다 길어요. 한여름 아니곤 기념일에 잘 입을 것 같아요.,5.0,"{""사이즈"": ""적당함"", ""색상"": ""같음"", ""소재"": ""같음""}","[""https://media.wconcept.co.kr/review/307388241/307388241_1775884569666.jpeg?RS=300""]"
307388241,라메레이,[20%쿠폰] [사이즈 추가]Sheer Layered Tie Dress[LMBFCO25DR803]-Black,https://www.wconcept.co.kr/Product/307388241,3,15,03******,2026.04.07,S,여성여성하고 고급지고 너무 이쁘네요. 잘 입을께요,5.0,"{""사이즈"": ""적당함"", ""색상"": ""같음"", ""소재"": ""같음""}",[]
307388241,라메레이,[20%쿠폰] [사이즈 추가]Sheer Layered Tie Dress[LMBFCO25DR803]-Black,https://www.wconcept.co.kr/Product/307388241,3,16,sj******,2026.03.26,S,넘넘 이뻐요! 유행없이 무난하게 행사있을때 잘입어질거같아요! 잘입을께요!,5.0,"{""사이즈"": ""적당함"", ""색상"": ""비슷함"", ""소재"": ""비슷함""}",[]
307388241,라메레이,[20%쿠폰] [사이즈 추가]Sheer Layered Tie Dress[LMBFCO25DR803]-Black,https://www.wconcept.co.kr/Product/307388241,3,17,zo******,2026.03.25,M,키작녀는 많이 길어요~ 배나오면 표나요 ㅎ 원단이나 디자인은 탄탄하고 예쁩니다,5.0,"{""사이즈"": ""적당함"", ""색상"": ""같음"", ""소재"": ""같음""}",[]
307388241,라메레이,[20%쿠폰] [사이즈 추가]Sheer Layered Tie Dress[LMBFCO25DR803]-Black,https://www.wconcept.co.kr/Product/307388241,3,18,wc******,2026.03.24,S,적당히 타이트해서 몸매가 좋아보이고 이뻐요! 목에 두르는 건 하루만에 잃어버렸네요ㅠ 따로 구입하고 싶은데 방법은 없겠죠..?,5.0,"{""사이즈"": ""적당함"", ""색상"": ""같음"", ""소재"": ""같음""}","[""https://media.wconcept.co.kr/review/307388241/307388241_1774316272619.jpeg?RS=300""]"
305712923,어나우트,[20%쿠폰] [령은 PICK] CLASSIC MAC TRENCH COAT BEIGE,https://www.wconcept.co.kr/Product/305712923,1,1,do******,2026.09.12,"BEIGE, 001",봄부터 보던건데 이제야 받아봤어요 후기가 좋던데 이유가 있었어요 깔끔하고 캐주얼이나 출근룩 다 가능이고 무엇보다 오래입을수 있을거같아요 소재도 좋아하는 바스락한 질감이예요 얼른 부지런히 입고 또 봄에도 잘입어질거 같아요,5.0,"{""사이즈"": ""적당함"", ""색상"": ""같음"", ""소재"": ""같음""}","[""https://media.wconcept.co.kr/review/305712923/305712923_1789195202928.jpeg?RS=300""]"
305712923,어나우트,[20%쿠폰] [령은 PICK] CLASSIC MAC TRENCH COAT BEIGE,https://www.wconcept.co.kr/Product/305712923,1,2,vo******,2026.06.01,"BEIGE, 001",밝은 색상의 트렌치가 사고싶어서 서칭하다가 구매했는데 엄청 마음에 들어요!,5.0,"{""사이즈"": ""적당함"", ""색상"": ""같음"", ""소재"": ""같음""}","[""https://media.wconcept.co.kr/review/305712923/305712923_1780325132447.jpeg?RS=300""]"
305712923,어나우트,[20%쿠폰] [령은 PICK] CLASSIC MAC TRENCH COAT BEIGE,https://www.wconcept.co.kr/Product/305712923,1,3,zh******,2026.05.05,"BEIGE, 001",요즘 산 옷중 제일 맘에 듭니다 어깨가 좁아서 오버핏이 웬만하면 안어울리는데 예쁘게 잘 맞고 코지가 싑고 편해요 넘 이쁩니다,5.0,"{""사이즈"": ""적당함"", ""색상"": ""같음"", ""소재"": ""같음""}",[]
305712923,어나우트,[20%쿠폰] [령은 PICK] CLASSIC MAC TRENCH COAT BEIGE,https://www.wconcept.co.kr/Product/305712923,1,4,hy******,2026.04.26,"BEIGE, 001",작년에도 구매하고 싶었는데 못했다가 재입고 알림 오는 것도 몇번 놓치고 겨우 구매했어요. 겉면 재질은 면 느낌이긴 한데 약간 서걱거리는 느낌도 나요. 부자재도 깔끔해서 너무 잘 산 것 같아요! 더 일찍 살걸 그랬어요. 색상은 사진보다 조금 더 노란 느낌이고 어깨가 있어서 그런지 살짝 오버핏이에요.,5.0,"{""사이즈"": ""적당함"", ""색상"": ""같음"", ""소재"": ""비슷함""}","[""https://media.wconcept.co.kr/review/305712923/305712923_1777212248901.jpg?RS=300"", ""https://media.wconcept.co.kr/review/305712923/305712923_1777211755351.jpg?RS=300""]"
305712923,어나우트,[20%쿠폰] [령은 PICK] CLASSIC MAC TRENCH COAT BEIGE,https://www.wconcept.co.kr/Product/305712923,1,5,ow******,2026.04.23,"BEIGE, 001",딱 찾던 스타일ㅎㅎㅎ 55사이즈 적당히 루즈하게 잘 맞아요.,5.0,"{""사이즈"": ""적당함"", ""색상"": ""같음"", ""소재"": ""같음""}","[""https://media.wconcept.co.kr/review/305712923/305712923_1776949466320.jpg?RS=300""]"
305712923,어나우트,[20%쿠폰] [령은 PICK] CLASSIC MAC TRENCH COAT BEIGE,https://www.wconcept.co.kr/Product/305712923,1,6,da******,2026.04.22,"BEIGE, 001",이제 더워져서 살까말까 고민만 하다가 며칠이라도 입으려고 구입했어요. 리뷰가 많은 이유가 있네요. 탄탄한 소재에 마감 깔끔해요.,5.0,"{""사이즈"": ""적당함"", ""색상"": ""같음"", ""소재"": ""같음""}","[""https://media.wconcept.co.kr/review/305712923/305712923_1776821803574.jpg?RS=300""]"
305712923,어나우트,[20%쿠폰] [령은 PICK] CLASSIC MAC TRENCH COAT BEIGE,https://www.wconcept.co.kr/Product/305712923,2,7,ii******,2026.04.19,"BEIGE, 001","트렌치 코트 여러벌 입어봤는데, 꼭 마음에 드는건 없었는데 이번에 찾아서 만족스러워요~ 이제 안찾아도 될거같아요 ㅋㅋ",5.0,"{""사이즈"": ""적당함"", ""색상"": ""같음"", ""소재"": ""같음""}","[""https://media.wconcept.co.kr/review/305712923/305712923_1776566532838.jpg?RS=300""]"
305712923,어나우트,[20%쿠폰] [령은 PICK] CLASSIC MAC TRENCH COAT BEIGE,https://www.wconcept.co.kr/Product/305712923,2,8,gc******,2026.04.13,"BEIGE, 001","사실 원하는 소재는 아니지만, 디자인이 심플하고,리뷰가 좋아서 구매 했어요 색상도 이쁘고, 길이가 길어서 맘에 들어요 살짝 바스락거리는 느낌도 좋네요 키작고, 왜소해서 박시 하지만, 나릉 괜찮아요~^^",5.0,"{""사이즈"": ""큼"", ""색상"": ""같음"", ""소재"": ""같음""}","[""https://media.wconcept.co.kr/review/305712923/305712923_1776061559070.jpg?RS=300"", ""https://media.wconcept.co.kr/review/305712923/305712923_1776061559037.jpg?RS=300"", ""https://media.wconcept.co.kr/review/305712923/305712923_1776061558951.jpg?RS=300""]"
305712923,어나우트,[20%쿠폰] [령은 PICK] CLASSIC MAC TRENCH COAT BEIGE,https://www.wconcept.co.kr/Product/305712923,2,9,ql******,2026.04.12,"BEIGE, 001",리뷰가 다 좋은데 가격대가 좀 있다보니 고민했었는데 ㅎㅎ 그냥 하루라도 빨리 사서 많이 입어줘야 할 것 같아요! 구김도 잘 안 가고 소재가 적당히 빳빳하니 좋아요! 오래오래 잘 입을 것 같습니다 쿨톤도 입을 수 있는 예쁜 뮤트 색감은 덤!,5.0,"{""사이즈"": ""적당함"", ""색상"": ""같음"", ""소재"": ""같음""}","[""https://media.wconcept.co.kr/review/305712923/305712923_1775948225585.jpeg?RS=300""]"
305712923,어나우트,[20%쿠폰] [령은 PICK] CLASSIC MAC TRENCH COAT BEIGE,https://www.wconcept.co.kr/Product/305712923,2,10,du******,2026.03.30,"BEIGE, 001",기장도 딱 원하던 길이감이라 좋았고 가볍게 걸치고 다니기 좋으네요~ 핏도 이쁘구 데일리 외투로 맘에 들어용 : ),5.0,"{""사이즈"": ""적당함"", ""색상"": ""같음"", ""소재"": ""같음""}","[""https://media.wconcept.co.kr/review/305712923/305712923_1774833808830.jpeg?RS=300""]"
305712923,어나우트,[20%쿠폰] [령은 PICK] CLASSIC MAC TRENCH COAT BEIGE,https://www.wconcept.co.kr/Product/305712923,2,11,tj******,2026.03.28,"BEIGE, 002",간절기에 입기 좋은 거 같아요 특별한 디자인은 아닌데 적당한 오버핏이라 그런지 넘 예쁘네요,5.0,"{""사이즈"": ""적당함"", ""색상"": ""비슷함"", ""소재"": ""비슷함""}",[]
305712923,어나우트,[20%쿠폰] [령은 PICK] CLASSIC MAC TRENCH COAT BEIGE,https://www.wconcept.co.kr/Product/305712923,2,12,wc******,2026.03.17,"BEIGE, 002",대박 이쁘네요… 엄청 고민하다가 후기 좋길래 샀더니 최고입다 ㅎㅎㅎㅎ 너무 편하고 매일 입고 나가야겠어용 !! 이쁜옷입니다,5.0,"{""사이즈"": ""적당함"", ""색상"": ""같음"", ""소재"": ""같음""}","[""https://media.wconcept.co.kr/review/305712923/305712923_1773732031039.jpeg?RS=300""]"
305712923,어나우트,[20%쿠폰] [령은 PICK] CLASSIC MAC TRENCH COAT BEIGE,https://www.wconcept.co.kr/Product/305712923,3,13,fr******,2026.03.15,"BEIGE, 001",최근 외출 할 때 입을 아우터를 찾다가 디자인이 마음에 들어서 구입을 했어요 직접 받아보니 정말 퀄리티가 훌륭해서 만족스러웠어요 원단도 탄탄하고 핏은 정말 인생핏이라고 부를 만큼 이뻐서 데일리로 자주 입고 다닐 것 같아요,5.0,"{""사이즈"": ""적당함"", ""색상"": ""같음"", ""소재"": ""같음""}","[""https://media.wconcept.co.kr/review/305712923/305712923_1773570769173.jpg?RS=300""]"
305712923,어나우트,[20%쿠폰] [령은 PICK] CLASSIC MAC TRENCH COAT BEIGE,https://www.wconcept.co.kr/Product/305712923,3,14,su******,2026.03.13,"BEIGE, 001",클래식한 스타일의 트렌치 코트를 사려고 고민 많이 하다가 구매했는데 정말 만족해요. 노란끼 없는 색도 맘에 들고 소재 마감 모두 좋네요.,5.0,"{""사이즈"": ""적당함"", ""색상"": ""같음"", ""소재"": ""같음""}","[""https://media.wconcept.co.kr/review/305712923/305712923_1773398937498.jpeg?RS=300""]"
305712923,어나우트,[20%쿠폰] [령은 PICK] CLASSIC MAC TRENCH COAT BEIGE,https://www.wconcept.co.kr/Product/305712923,3,15,lo******,2026.03.13,"BEIGE, 001",진짜 완전 클래식 디자인이라 유행탈걱정없을것 같구요 은은한 베이지 색감이 너무 마음에 들어요 피부톤 상관없이 다 잘어울릴듯요 저는 까무잡잡한편이구요 ㅎ 기장이 긴편이고 핏이 여유있어서 체형커버해줘서 날씬해보이는것 같네요 소매 걷어서 입엇을때도 또 예쁘네요 핏도 예쁘고 너무너무 마음에 듬,5.0,"{""사이즈"": ""적당함"", ""색상"": ""같음"", ""소재"": ""같음""}",[]
305712923,어나우트,[20%쿠폰] [령은 PICK] CLASSIC MAC TRENCH COAT BEIGE,https://www.wconcept.co.kr/Product/305712923,3,16,dd******,2026.03.13,"BEIGE, 002",무난하게 오래 입으려고 샀는데 너무 맘에들어요! 핏도 예쁘고 어디에 코디해도 다 잘어울려서 오래 예쁘게 잘 입을거같아요 !,5.0,"{""사이즈"": ""적당함"", ""색상"": ""같음"", ""소재"": ""같음""}",[]
305712923,어나우트,[20%쿠폰] [령은 PICK] CLASSIC MAC TRENCH COAT BEIGE,https://www.wconcept.co.kr/Product/305712923,3,17,wc******,2026.03.12,"BEIGE, 002",핏이 너무 예뻐요! 키가 작은 편이라 걱정했는데 늘씬해보여서 너무 만족스럽ㅋㅋ 소재가 가벼우면서 구김이 잘 안가서 매일 손이 갈 것 같아요. 날이 따뜻해져서 후딱 입고 나가고 싶어요,5.0,"{""사이즈"": ""적당함"", ""색상"": ""같음"", ""소재"": ""같음""}","[""https://media.wconcept.co.kr/review/305712923/305712923_1773316324079.jpg?RS=300""]"
305712923,어나우트,[20%쿠폰] [령은 PICK] CLASSIC MAC TRENCH COAT BEIGE,https://www.wconcept.co.kr/Product/305712923,3,18,do******,2026.03.10,"BEIGE, 001",하프살까 롱살까 엄청 고민했는데 너무 잘샀어요 제키에 오버핏으로 잘맞아요 소매는 걷어올려입어도 예쁘고 클래식해서 정말 맘에들어요 베스트인 이유가 있네요,5.0,"{""사이즈"": ""큼"", ""색상"": ""비슷함"", ""소재"": ""비슷함""}","[""https://media.wconcept.co.kr/review/305712923/305712923_1773144698595.jpeg?RS=300""]"
308835751,무니드,[단 하루!30%쿠폰] POISE COLLAR TOP - BLACK,https://www.wconcept.co.kr/Product/308835751,1,1,ju******,2026.09.10,BLACK O.S,여행 때문에 구매한건데 배송도 빨랐고 너무너무 이뻐용 ㅎㅎㅎ 세탁기로 돌려도 변형없고 좋습니당 다른색도 사고싶네요!!,5.0,"{""사이즈"": ""적당함"", ""색상"": ""같음"", ""소재"": ""같음""}","[""https://media.wconcept.co.kr/review/308835751/308835751_1789008448450.jpeg?RS=300""]"
308835751,무니드,[단 하루!30%쿠폰] POISE COLLAR TOP - BLACK,https://www.wconcept.co.kr/Product/308835751,1,2,wc******,2026.09.10,BLACK O.S,"티셔츠 치고 비싼 가격이라 생각했는데, 재질이 좋아요. 탄력도 있고 오래 입을꺼같아요♡",5.0,"{""사이즈"": ""적당함"", ""색상"": ""같음"", ""소재"": ""같음""}",[]
308835751,무니드,[단 하루!30%쿠폰] POISE COLLAR TOP - BLACK,https://www.wconcept.co.kr/Product/308835751,1,3,wc******,2026.09.09,BLACK O.S,살까말까 너무 고민했는데 빨리 구매할껄 그랬어요 ㅠ 받아보니 너무 좋아요!,5.0,"{""사이즈"": ""큼"", ""색상"": ""비슷함"", ""소재"": ""비슷함""}","[""https://media.wconcept.co.kr/review/308835751/308835751_1788952357023.jpg?RS=300""]"
308835751,무니드,[단 하루!30%쿠폰] POISE COLLAR TOP - BLACK,https://www.wconcept.co.kr/Product/308835751,1,4,so******,2026.09.08,BLACK O.S,옷이 부드럽고 사이즈도 좋아요. 지금 날씨에 입기 좋을거 같아요,5.0,"{""사이즈"": ""적당함"", ""색상"": ""같음"", ""소재"": ""같음""}","[""https://media.wconcept.co.kr/review/308835751/308835751_1788841632347.jpg?RS=300""]"
308835751,무니드,[단 하루!30%쿠폰] POISE COLLAR TOP - BLACK,https://www.wconcept.co.kr/Product/308835751,1,5,gj******,2026.09.07,BLACK O.S,블랙 차콜 고민했는데 블랙하길 잘한거같아요 나시.목폴라 맞춰입어도되니 좋아요,4.0,"{""사이즈"": ""적당함"", ""색상"": ""같음"", ""소재"": ""같음""}","[""https://media.wconcept.co.kr/review/308835751/308835751_1788755876393.jpeg?RS=300""]"
308835751,무니드,[단 하루!30%쿠폰] POISE COLLAR TOP - BLACK,https://www.wconcept.co.kr/Product/308835751,1,6,tj******,2026.09.05,BLACK O.S,스커트에도 바지에도 반바지에도 다 잘 입을수 있을거 같아요 아주 유용한 아이템 입니다 ^^,5.0,"{""사이즈"": ""적당함"", ""색상"": ""같음"", ""소재"": ""같음""}",[]
308835751,무니드,[단 하루!30%쿠폰] POISE COLLAR TOP - BLACK,https://www.wconcept.co.kr/Product/308835751,2,7,hj******,2026.09.04,BLACK O.S,스타일은 완전 기본 스타일이에요 소재는 부드러워요,5.0,"{""사이즈"": ""적당함"", ""색상"": ""같음"", ""소재"": ""같음""}",[]
308835751,무니드,[단 하루!30%쿠폰] POISE COLLAR TOP - BLACK,https://www.wconcept.co.kr/Product/308835751,2,8,ra******,2026.09.03,BLACK O.S,소재가 보들보들하고 이너에 따라 다양하게 잘 입을것 같아요,5.0,"{""사이즈"": ""적당함"", ""색상"": ""같음"", ""소재"": ""같음""}","[""https://media.wconcept.co.kr/review/308835751/308835751_1788433194174.jpg?RS=300""]"
308835751,무니드,[단 하루!30%쿠폰] POISE COLLAR TOP - BLACK,https://www.wconcept.co.kr/Product/308835751,2,9,sm******,2026.09.01,BLACK O.S,늦여름과 가을에 멋스럽게 입을 것 같네요. 만족합니다. 특히 소재의 촉감이 좋아요. 디자인도 만족스러워요. 배송도 빠르고 정확하게 해 주셨어요.,5.0,"{""사이즈"": ""적당함"", ""색상"": ""같음"", ""소재"": ""같음""}","[""https://media.wconcept.co.kr/review/308835751/308835751_1788263637408.jpeg?RS=300""]"
308835751,무니드,[단 하루!30%쿠폰] POISE COLLAR TOP - BLACK,https://www.wconcept.co.kr/Product/308835751,2,10,la******,2026.09.01,BLACK O.S,옷 부들부들하고 편하게 입을 수 있어요. 코디된 레이스탑과 같이 코디하니 멋스럽네요. 빨리 더위가 지나가서 입고 싶어요.,5.0,"{""사이즈"": ""적당함"", ""색상"": ""같음"", ""소재"": ""같음""}",[]
308835751,무니드,[단 하루!30%쿠폰] POISE COLLAR TOP - BLACK,https://www.wconcept.co.kr/Product/308835751,2,11,wj******,2026.08.29,BLACK O.S,예뻐요 편하게 입고다니기에도 좋고 깔끔해요 바지든 치마든 다 잘 어울리는 핏이에요,5.0,"{""사이즈"": ""큼"", ""색상"": ""같음"", ""소재"": ""같음""}","[""https://media.wconcept.co.kr/review/308835751/308835751_1787996032225.jpeg?RS=300""]"
308835751,무니드,[단 하루!30%쿠폰] POISE COLLAR TOP - BLACK,https://www.wconcept.co.kr/Product/308835751,2,12,kh******,2026.08.27,BLACK O.S,약~간 가오리 느낌이네요 ㅎㅎ 밑단 때문에 캐쥬얼 한듯 아닌듯 애매해서 기대보다는 별로인가 싶은데 입었을때 착용감이 부드럽고 편하고 너무 좋아서 구매확정합니다!,5.0,"{""사이즈"": ""적당함"", ""색상"": ""같음"", ""소재"": ""같음""}","[""https://media.wconcept.co.kr/review/308835751/308835751_1787837091712.jpeg?RS=300""]"
308961491,루시다,[20%쿠폰] 밀리터리 필드 워크 자켓 - 카키,https://www.wconcept.co.kr/Product/308961491,1,1,kk******,2026.09.13,카키_Free,"카키 컬러가 자연스럽고 빈티지한 느낌이라 평소 캐주얼하게 입기 좋았어요. 밀리터리 자켓 특유의 분위기가 있지만 너무 투박해 보이지 않고, 기본 티셔츠에 데님만 매치해도 코디가 쉽게 완성되더라고요. 포켓 디테일도 많아서 밋밋하지 않고 가볍게 걸쳤을 때 은근히 포인트가 됩니다. 편하게 입으면서도 스타일은 챙기고 싶을 때 손이 갈 것 같아요.",5.0,"{""사이즈"": ""적당함"", ""색상"": ""같음"", ""소재"": ""같음""}",[]
308961491,루시다,[20%쿠폰] 밀리터리 필드 워크 자켓 - 카키,https://www.wconcept.co.kr/Product/308961491,1,2,Ka******,2026.09.12,카키_Free,카라 배색에 포켓 라인이 깔끔하게 잡혀 있어서 기본 이너 위에 툭 걸치기만 해도 센스 있어 보여요 어깨 라인이 부하지 않게 떨어지는 루즈핏이라 와이드 슬랙스나 데님에 매치하기 딱 좋음,5.0,"{""사이즈"": ""적당함"", ""색상"": ""같음"", ""소재"": ""같음""}",[]
308961491,루시다,[20%쿠폰] 밀리터리 필드 워크 자켓 - 카키,https://www.wconcept.co.kr/Product/308961491,1,3,rl******,2026.09.11,카키_Free,가을이 안 올줄 알았는데 성큼 다가온 가을이라 이런 자켓을 입을 시즌이라 구매했는데 허리 스트랩도 있고 카라배색이 포인트라 뭔가 클래식하면서도 세련된 느낌으로 입을 수 있어서 좋네요 ㅎㅎ 살짝 세미오버핏이라 더 멋스러운 것 같습니당 ㅎㅎ,5.0,"{""사이즈"": ""적당함"", ""색상"": ""같음"", ""소재"": ""같음""}",[]
308961491,루시다,[20%쿠폰] 밀리터리 필드 워크 자켓 - 카키,https://www.wconcept.co.kr/Product/308961491,1,4,wc******,2026.09.11,카키_Free,카키 색상이 차분하면서도 밀리터리 느낌이 있어서 멋스럽네요 워크 자켓의 캐주얼한 디자인이라 청바지나 면바지와 매치하기 좋고 가볍게 걸쳐 입기 편해요~ Free 사이즈라 여유 있게 입을 수 있어서 데일리 아우터로 좋아요~,5.0,"{""사이즈"": ""적당함"", ""색상"": ""같음"", ""소재"": ""같음""}",[]
303894889,틸아이다이,[단 하루!] Stripe soft touch T-shirt_Ivory,https://www.wconcept.co.kr/Product/303894889,1,1,hj******,2026.09.11,IVORY_FREE,면이라 착용감이 좋고 덥지도않고 지금 계절에 딱인거 같아요!!! 기본템 하나정도는 필요한거 같아요!,5.0,"{""사이즈"": ""적당함"", ""색상"": ""같음"", ""소재"": ""비슷함""}","[""https://media.wconcept.co.kr/review/303894889/303894889_1789131338350.jpeg?RS=300""]"
303894889,틸아이다이,[단 하루!] Stripe soft touch T-shirt_Ivory,https://www.wconcept.co.kr/Product/303894889,1,2,mo******,2026.08.28,IVORY_FREE,저번에 사고 좋아서 세일 할때 하나 더 쟁여놓을라고 샀어요. 같은 디자인은 많은데 뭔가 미세하게 다른 디자인으로 받쳐입기 좋아요.,5.0,"{""사이즈"": ""적당함"", ""색상"": ""같음"", ""소재"": ""같음""}",[]
303894889,틸아이다이,[단 하루!] Stripe soft touch T-shirt_Ivory,https://www.wconcept.co.kr/Product/303894889,1,3,gp******,2026.06.30,IVORY_FREE,"봄, 가을에 입기 좋고 무난하게 입기 편해요~~",5.0,"{""사이즈"": ""적당함"", ""색상"": ""같음"", ""소재"": ""같음""}",[]
303894889,틸아이다이,[단 하루!] Stripe soft touch T-shirt_Ivory,https://www.wconcept.co.kr/Product/303894889,1,4,ak******,2026.06.22,IVORY_FREE,상품 잘 받았습니다. 간절기에 좋을 것 같아요.,5.0,"{""사이즈"": ""적당함"", ""색상"": ""같음"", ""소재"": ""같음""}",[]
303894889,틸아이다이,[단 하루!] Stripe soft touch T-shirt_Ivory,https://www.wconcept.co.kr/Product/303894889,1,5,bl******,2026.06.12,IVORY_FREE,평소에 편하게 입을려고 샀는데 무난하니 괜찮아요 ㅎㅎ 소재도 괜찮습니다!,5.0,"{""사이즈"": ""적당함"", ""색상"": ""같음"", ""소재"": ""비슷함""}","[""https://media.wconcept.co.kr/review/303894889/303894889_1781244090178.jpeg?RS=300""]"
303894889,틸아이다이,[단 하루!] Stripe soft touch T-shirt_Ivory,https://www.wconcept.co.kr/Product/303894889,1,6,wc******,2026.06.10,IVORY_FREE,어깨 있으신분 웜톤이신분 다 사세요 옷 너무 이쁩니다 ㅎㅎ,5.0,"{""사이즈"": ""적당함"", ""색상"": ""같음"", ""소재"": ""같음""}","[""https://media.wconcept.co.kr/review/303894889/303894889_1781088392987.jpg?RS=300""]"
303894889,틸아이다이,[단 하루!] Stripe soft touch T-shirt_Ivory,https://www.wconcept.co.kr/Product/303894889,2,7,wc******,2026.06.05,IVORY_FREE,"기본에 충실한 디자인의 간절기 티셔츠입니다. 기장, 두께 다 적당해서 좋아요.",5.0,"{""사이즈"": ""적당함"", ""색상"": ""같음"", ""소재"": ""같음""}",[]
303894889,틸아이다이,[단 하루!] Stripe soft touch T-shirt_Ivory,https://www.wconcept.co.kr/Product/303894889,2,8,02******,2026.05.25,IVORY_FREE,기본이라 아무옷에나 잘 어울립니다. 휘뚜루마뚜루 잘 입어져요.,5.0,"{""사이즈"": ""적당함"", ""색상"": ""같음"", ""소재"": ""같음""}","[""https://media.wconcept.co.kr/review/303894889/303894889_1779699454911.jpg?RS=300""]"
303894889,틸아이다이,[단 하루!] Stripe soft touch T-shirt_Ivory,https://www.wconcept.co.kr/Product/303894889,2,9,wc******,2026.05.16,IVORY_FREE,봄에 샀는데 잘입고 있다가 리뷰를 늦게 올립니다. 낙낙한 사이즈에 소재가 괭장히 부드러워서 살에 닿는 느낌이 좋아요. 무난한 스트라이프라 어떤 아우터에도 두루두루 찰떡입니다!,5.0,"{""사이즈"": ""적당함"", ""색상"": ""같음"", ""소재"": ""비슷함""}",[]
303894889,틸아이다이,[단 하루!] Stripe soft touch T-shirt_Ivory,https://www.wconcept.co.kr/Product/303894889,2,10,bo******,2026.05.08,IVORY_FREE,소재도 두껍지 않아 요즘 같이 일교차 심한 날에 좋아요,5.0,"{""사이즈"": ""적당함"", ""색상"": ""같음"", ""소재"": ""같음""}","[""https://media.wconcept.co.kr/review/303894889/303894889_1778243409090.jpeg?RS=300""]"
303894889,틸아이다이,[단 하루!] Stripe soft touch T-shirt_Ivory,https://www.wconcept.co.kr/Product/303894889,2,11,fi******,2026.04.28,IVORY_FREE,이뻐요 빋아보니 더 조이요 ^^*,5.0,"{""사이즈"": ""적당함"", ""색상"": ""같음"", ""소재"": ""같음""}",[]
303894889,틸아이다이,[단 하루!] Stripe soft touch T-shirt_Ivory,https://www.wconcept.co.kr/Product/303894889,2,12,da******,2026.04.27,IVORY_FREE,스트라이프의 깔끔함과 캐쥬얼함이 잘 드러나는 것 같아요. 화이트 계열 팬츠와 잘 어울리네요. 소재도 좋고 편해요.,5.0,"{""사이즈"": ""적당함"", ""색상"": ""비슷함"", ""소재"": ""비슷함""}","[""https://media.wconcept.co.kr/review/303894889/303894889_1777287966221.jpg?RS=300""]"
303894889,틸아이다이,[단 하루!] Stripe soft touch T-shirt_Ivory,https://www.wconcept.co.kr/Product/303894889,3,13,im******,2026.04.26,IVORY_FREE,재질도 좋고 색도 맘에 들어요. 제 키에 넉넉하게 잘 맞아서 자주 입을 것 같습니다.,5.0,"{""사이즈"": ""적당함"", ""색상"": ""같음"", ""소재"": ""같음""}","[""https://media.wconcept.co.kr/review/303894889/303894889_1777163441477.jpg?RS=300""]"
303894889,틸아이다이,[단 하루!] Stripe soft touch T-shirt_Ivory,https://www.wconcept.co.kr/Product/303894889,3,14,ev******,2026.04.25,IVORY_FREE,"첨에 받았을땐 예뻣는데 세탁후에 생각보다 옷이 많이 뻣뻣해서 입었을때 핏이 달라졌어요, 좀 아쉽네요",2.0,"{""사이즈"": ""큼"", ""색상"": ""비슷함"", ""소재"": ""다름""}",[]
303894889,틸아이다이,[단 하루!] Stripe soft touch T-shirt_Ivory,https://www.wconcept.co.kr/Product/303894889,3,15,js******,2026.04.23,IVORY_FREE,편하게 입기 좋아요,5.0,"{""사이즈"": ""적당함"", ""색상"": ""같음"", ""소재"": ""같음""}",[]
303894889,틸아이다이,[단 하루!] Stripe soft touch T-shirt_Ivory,https://www.wconcept.co.kr/Product/303894889,3,16,yi******,2026.04.18,IVORY_FREE,편하게 잘입고다니고 있어요..,5.0,"{""사이즈"": ""적당함"", ""색상"": ""같음"", ""소재"": ""같음""}","[""https://media.wconcept.co.kr/review/303894889/303894889_1776481258752.jpg?RS=300""]"
303894889,틸아이다이,[단 하루!] Stripe soft touch T-shirt_Ivory,https://www.wconcept.co.kr/Product/303894889,3,17,se******,2026.04.16,IVORY_FREE,청바지랑 잘 어울려요. 할인해서 저렴하게 구매했습니다.,5.0,"{""사이즈"": ""적당함"", ""색상"": ""같음"", ""소재"": ""같음""}","[""https://media.wconcept.co.kr/review/303894889/303894889_1776339931416.jpg?RS=300""]"
303894889,틸아이다이,[단 하루!] Stripe soft touch T-shirt_Ivory,https://www.wconcept.co.kr/Product/303894889,3,18,wj******,2026.04.12,IVORY_FREE,마음에 들어요~~~,5.0,"{""사이즈"": ""적당함"", ""색상"": ""같음"", ""소재"": ""같음""}",[]
301630734,플로움,Classic Diana Dress(2color),https://www.wconcept.co.kr/Product/301630734,1,1,wc******,2022.11.01,"Black, XS","와.. 진짜 마음에 들어요 후기가 너무 좋고 콜라병 몸매 만들어준다고 해서 샀는데 기대 이상이에요ㅠㅠ 162 47에 허리가 얇고 상체에 살이 없는 체형이라 허리 잡아주는 원피스가 잘 어울리는 편인데 샀던 원피스들 중에 역대급 마음에 드네요 원단도 두껍지 않은 트위드 원단이라 무겁지 않고 예쁘게 핏 되는 원피스에요 사진 다 무보정이고 반짝이는 원사가 들어갔는데 너무 화려하지도 않고 촌스러운 느낌이 아니라 정말 트렌디해 보여요 3,4번째사진은 벨트 안하고 찍은건데 벨트 없이도 라인을 잡아줘서 너무 이쁘네요 31일 예약배송이어서 다음날인 오늘 오후에 바로 받았어요 소매 단추 여분 1개 동봉되어 있었습니당 브라끈은 어깨 끝쪽에 위치해 주면 딱히 불편함도 없고 안보여요! 그리고 안에 속치마가 따로 놀지 않고 치마에 붙어있어서 좋았어요 넥 라인도 너무 고급지고 전체적으로 너무 마음에드는 원피스에요ㅜㅜ 결혼식 가서 입으려고 샀는데 중요한 자리에도 잘 입을 것 같네요ㅎㅎ 잘 입겠습니당",5.0,"{""사이즈"": ""적당함"", ""색상"": ""같음"", ""소재"": ""같음""}","[""https://media.wconcept.co.kr/review/301630734/RP221102000931_5HEH.jpeg?RS=300"", ""https://media.wconcept.co.kr/review/301630734/RP221101235920_MIY3.jpeg?RS=300"", ""https://media.wconcept.co.kr/review/301630734/RP221101235919_4DO1.jpeg?RS=300"", ""https://media.wconcept.co.kr/review/301630734/RP221101235919_ETZU.jpeg?RS=300""]"
301630734,플로움,Classic Diana Dress(2color),https://www.wconcept.co.kr/Product/301630734,1,2,en******,2026.09.07,"Black, M","동생결혼식 행사로 구매했는데 어찌나 고민되던지... 사이즈 S도 완전 꼭 맞긴했을듯한데 텐션감있는 소재가 아니라 움직이기 편한 활동성에 중점두고 사이즈업했어요. 배, 허리,엉덩이부분 여유감있게 살짝 낙낙하니 편히 앉아서 밥먹을 수 있을것 같아요. 넥라인이 확실히 여성스럽고 원피스 라인자체가 늘씬하게 만들어주는감이 있네요. 결혼식, 행사시 자주입게 될것 같아요. 단아하고 단정의 끝판왕 원피스인듯해요",5.0,"{""사이즈"": ""적당함"", ""색상"": ""같음"", ""소재"": ""같음""}","[""https://media.wconcept.co.kr/review/301630734/301630734_1788746036751.jpg?RS=300"", ""https://media.wconcept.co.kr/review/301630734/301630734_1788746036646.jpg?RS=300""]"
301630734,플로움,Classic Diana Dress(2color),https://www.wconcept.co.kr/Product/301630734,1,3,se******,2026.09.02,"Black, XS",살짝 펄 들어가서 예쁘네요. 아주 좋습니다. 굳,5.0,"{""사이즈"": ""작음"", ""색상"": ""비슷함"", ""소재"": ""비슷함""}",[]
301630734,플로움,Classic Diana Dress(2color),https://www.wconcept.co.kr/Product/301630734,1,4,ny******,2026.08.19,"Black, S",오 생각보다 엄청 이쁘네요 소재가 고급스럽고 그런것보다 딱보기에 라인이 진짜잘빠졌어요 관리잘해서 오래입고싶네요 일단 포장부터가 보관하기좋게 와서 아주맘에들어요 세탁소에서 갓 받은 옷같음,5.0,"{""사이즈"": ""적당함"", ""색상"": ""같음"", ""소재"": ""비슷함""}","[""https://media.wconcept.co.kr/review/301630734/301630734_1787098094631.jpg?RS=300"", ""https://media.wconcept.co.kr/review/301630734/301630734_1787098094530.jpg?RS=300""]"
301630734,플로움,Classic Diana Dress(2color),https://www.wconcept.co.kr/Product/301630734,1,5,wc******,2026.08.04,"Ivory, L",결혼식 피로연때 입었는데 다들 너무 이쁘다고 누가봐도 신부라고 이쁘다는말 많이 들었어요ㅎㅎ 배송이 늦게올까봐 주문 전에 미리 문의 넣었는데 답변주신대로 당일배송 해주셔서 날짜 잘 맞춰입었습니다! 신행가서도 분위기 있는 장소갈때 입으니 너무 이뻤어요 옷도 편하고 소매나 넥라인이 깝깝하지 않아서 좋았어요 피로연드레스 중에 일상에서도 입을 수 있는 옷 고르시는분께 적극 추천이요 168에 무릎딱 덮는 기장입니다,5.0,"{""사이즈"": ""적당함"", ""색상"": ""같음"", ""소재"": ""같음""}","[""https://media.wconcept.co.kr/review/301630734/301630734_1785812408141.jpeg?RS=300""]"
301630734,플로움,Classic Diana Dress(2color),https://www.wconcept.co.kr/Product/301630734,1,6,wc******,2026.07.08,"Black, M",잘 맞고 예뻐요!! 공식적인 자리 있을 때 입고 나가면 딱일 거 같아요,5.0,"{""사이즈"": ""적당함"", ""색상"": ""같음"", ""소재"": ""같음""}",[]
301630734,플로움,Classic Diana Dress(2color),https://www.wconcept.co.kr/Product/301630734,2,7,su******,2026.05.31,"Black, M",편하고 여유롭게 입으려고 사이즈업해서 구입했어요 딱맞는 옷은 서있을땐 이뻐도 앉은자세에선 불편할때가 많아서요. 역시 예상대로 편하게 잘입을수있을것 같아요 옷이뻐요,5.0,"{""사이즈"": ""적당함"", ""색상"": ""같음"", ""소재"": ""같음""}",[]
301630734,플로움,Classic Diana Dress(2color),https://www.wconcept.co.kr/Product/301630734,2,8,wi******,2026.05.25,"Ivory, S",입으면 날씬해보이고 예뻐요 생화이트는 아니고 따뜻한 화이트에요,5.0,"{""사이즈"": ""적당함"", ""색상"": ""같음"", ""소재"": ""같음""}","[""https://media.wconcept.co.kr/review/301630734/301630734_1779676443770.jpg?RS=300""]"
301630734,플로움,Classic Diana Dress(2color),https://www.wconcept.co.kr/Product/301630734,2,9,ja******,2026.05.15,"Black, XS",후기보고 고민고민하다 구매했는데 구매하길 잘했어요 근데 여름에 입긴 더울듯,5.0,"{""사이즈"": ""적당함"", ""색상"": ""같음"", ""소재"": ""같음""}","[""https://media.wconcept.co.kr/review/301630734/301630734_1778807212484.jpg?RS=300""]"
301630734,플로움,Classic Diana Dress(2color),https://www.wconcept.co.kr/Product/301630734,2,10,hj******,2026.05.14,"Black, S",친구 결혼식 가려고 사서 입었는데 단아하고 분위기 있어요! 친구들이 예쁘다고 말해줘서 기분 좋았어요 움직일 때 신경쓰이거나 불편한 느낌 아니고! 밥 먹을 때 배 부분도 신경 안 써도 될만큼 편했어요 추천합니당 💗,5.0,"{""사이즈"": ""적당함"", ""색상"": ""같음"", ""소재"": ""같음""}","[""https://media.wconcept.co.kr/review/301630734/301630734_1778745530254.jpeg?RS=300""]"
301630734,플로움,Classic Diana Dress(2color),https://www.wconcept.co.kr/Product/301630734,2,11,da******,2026.05.05,"Black, S",하객룩으로 이쁘게 잘 입었습니다 재질도 고급져보이고 좋네요:),5.0,"{""사이즈"": ""적당함"", ""색상"": ""같음"", ""소재"": ""같음""}","[""https://media.wconcept.co.kr/review/301630734/301630734_1777982888431.jpeg?RS=300""]"
301630734,플로움,Classic Diana Dress(2color),https://www.wconcept.co.kr/Product/301630734,2,12,dl******,2026.05.02,"Ivory, XS",소재가 생각보다 얇긴 했는데 그래서 지금 날씨에 잘 맞았어요!! 날씬해보여요 ㅎㅎ 줄여서 입었어요 ㅎㅎ,5.0,"{""사이즈"": ""적당함"", ""색상"": ""같음"", ""소재"": ""비슷함""}","[""https://media.wconcept.co.kr/review/301630734/301630734_1777725811462.jpeg?RS=300""]"
301630734,플로움,Classic Diana Dress(2color),https://www.wconcept.co.kr/Product/301630734,3,13,ra******,2026.04.27,"Black, S",모임이나 행사 결혼식등 특별한 날 입으면 매우 좋을듯함 베이지가 맘에 들었으나 다양하게 입을수 있는 블랙 선택 구매 매우 잘한것 같음 .매우 만족 행사장 입고 갔더니 친구들이 너무 예쁘다고 주인공 됨 .특히 맞춘 옷처럼 허리라인 완전 굿 베이지도 사고 싶은 마음 생각중임 .세일할때나 ~ 아주 매우 만족 적극 추천함,5.0,"{""사이즈"": ""적당함"", ""색상"": ""같음"", ""소재"": ""같음""}",[]
301630734,플로움,Classic Diana Dress(2color),https://www.wconcept.co.kr/Product/301630734,3,14,wc******,2026.04.21,"Black, S",동생결혼식때 입고 주목 받앗어요 예쁩니다,5.0,"{""사이즈"": ""적당함"", ""색상"": ""같음"", ""소재"": ""같음""}","[""https://media.wconcept.co.kr/review/301630734/301630734_1776771813388.jpg?RS=300""]"
301630734,플로움,Classic Diana Dress(2color),https://www.wconcept.co.kr/Product/301630734,3,15,wc******,2026.04.21,"Ivory, XS",출근룩으로 검정색 사서 입었는데 만족도가 매우 높아서 아이보리도 구매했어요. 흉통 좁고 허리 가늘고 골반은 있는 편이에요. 보통 55사이즈 사면 허리 줄이고 품 줄이느라 수선비 들여야하는데 플로운 44사이즈가 저한테는 너무 잘 맞아요. 고급스런 느낌의 정장인데 몸매까지 돋보이게 해준답니다. 강추합니다.,5.0,"{""사이즈"": ""적당함"", ""색상"": ""같음"", ""소재"": ""같음""}","[""https://media.wconcept.co.kr/review/301630734/301630734_1776765710036.jpg?RS=300""]"
301630734,플로움,Classic Diana Dress(2color),https://www.wconcept.co.kr/Product/301630734,3,16,wc******,2026.04.15,"Black, M",옷 핏이 생각했던 그대로예요 몸매가 좋지않은데도 라인이 예쁘게 들어가있고 입으면 실루엣이 정말로 괜찮습니다. 옷은 진짜 이뻐요,5.0,"{""사이즈"": ""적당함"", ""색상"": ""같음"", ""소재"": ""같음""}",[]
301630734,플로움,Classic Diana Dress(2color),https://www.wconcept.co.kr/Product/301630734,3,17,wc******,2026.04.15,"Black, S",XS 사려다 S 구매했는데 약간 여유있어요 길이는 수선하려다 그냥 입으려고요! 가격 값 하는거같아요 고급스러워서 마음에 들어요~,5.0,"{""사이즈"": ""적당함"", ""색상"": ""같음"", ""소재"": ""같음""}","[""https://media.wconcept.co.kr/review/301630734/301630734_1776245344016.jpeg?RS=300""]"
301630734,플로움,Classic Diana Dress(2color),https://www.wconcept.co.kr/Product/301630734,3,18,wc******,2026.04.15,"Black, XS","흉통 작고, 허리둘레는 60-62cm됩니다! s랑 고민하다가 xs주문했는데 핏되게 예뻐요. 보관도 깔끔하게 가능하니 좋아요",5.0,"{""사이즈"": ""적당함"", ""색상"": ""같음"", ""소재"": ""같음""}","[""https://media.wconcept.co.kr/review/301630734/301630734_1776229649281.jpg?RS=300""]"
300964307,비에이유 바이 브라이드앤유,[11차]ODETTE Square neck Three-quarter Sleeve H-line midi dress (Black/Off white),https://www.wconcept.co.kr/Product/300964307,1,1,lh******,2022.11.16,"1, BLACK","결혼식이나 행사 있을 때 입을만한 블랙 원피스 하나 사고 싶어서 여기 저기 안본 브랜드가 없는 거 같아요! 그 중에서 브라이드앤유가 제일 여성스러운 느낌을 잘 살리는 거 같아서 구매했는데 워낙 인기상품이라 그런지 배송은 꽤나 오래 걸렸어요! 도착하자마자 입어봤는데 (키 170, 54kg 마른 체형) 웬만한 55사이즈 원피스는 약간 여유있는 정핏인데 브라이드앤유는 진짜 타이트하긴해요. 엉덩이라인이랑 허리 배 라인 그대로 노출되는 핏이라 좀 여유있었으면 좋겠어서 한사이즈 업할까 엄청 고민했으나 그러면 또 이런 예쁜 핏이 안날 거 같아서 그냥 1사이즈 입기로 했어요! 핏은 완전 예뻐요. 다만 다른 후기에도 적힌 거처럼 스퀘어넥이 깊어서 브라끈이 잘 보여요. 그래서 브라탑입거나 해야될 거 같고, 가슴부분도 많이 파여있어서 허리 숙이거나 할 때 조심해야 될 거 같아요! 그 외 원단도 탄탄하고 입었을 때 진짜 고급져요. 원피스 포장되어 온 것도 꼼꼼하고 정성스레 온 거 같아서 기분 좋았어요! 다만 이 원피스 입은 날에 밥을 적게 먹어야할 거 같습니다^^! ,,",5.0,"{""사이즈"": ""작음"", ""색상"": ""같음"", ""소재"": ""같음""}","[""https://media.wconcept.co.kr/review/300964307/RP221116102204_C6QW.jpeg?RS=300"", ""https://media.wconcept.co.kr/review/300964307/RP221116102203_4XOO.jpeg?RS=300"", ""https://media.wconcept.co.kr/review/300964307/RP221116102203_DCT7.jpeg?RS=300""]"
300964307,비에이유 바이 브라이드앤유,[11차]ODETTE Square neck Three-quarter Sleeve H-line midi dress (Black/Off white),https://www.wconcept.co.kr/Product/300964307,1,2,wc******,2026.09.13,"1, BLACK","가족 행사를 앞두고 구매했어요, 먼저 가족들 반응 많이 좋았어요^^ 옷이 너무 고급지다면서 칭찬해주시더라구요~ 일단 저의 스펙은 팔다리가 길긴한데 162~3, 50~2 정도하는 평범한 스펙이에요. 리뷰 많이 읽었는데 옷이 작다, 0사이즈는 몸매가 이뻐보인다 등 다양한 의견이 있어서 고민했는데 전 1을 선택했구요 딱 부담스럽지 않고 입는 본인도 불편함 없이 입을 수 있었어요! 다만 H라인 스커트가 다 그렇듯 아랫배는 조심해야할 것 같아요~ 리뷰 잘 안쓰는데 저 같은 스펙이신분들한테 도움이 되었음 하는 마음에 적어봅니다 ㅎㅎ사진은 옷 받고 신나서 바로 찍은거라 옷의 장점이 잘 안보이네요^^;; 실물 15배는 더 이쁩니다~ 사장님! 저 여기서 옷 자주 살 것 같아요~ 감사합니다",5.0,"{""사이즈"": ""적당함"", ""색상"": ""같음"", ""소재"": ""같음""}","[""https://media.wconcept.co.kr/review/300964307/300964307_1789273741930.jpg?RS=300""]"
300964307,비에이유 바이 브라이드앤유,[11차]ODETTE Square neck Three-quarter Sleeve H-line midi dress (Black/Off white),https://www.wconcept.co.kr/Product/300964307,1,3,yo******,2026.09.03,"1, BLACK","두툼하고 탄탄한 소재입니다. 봄,가을입을 수있고 겨울에도 코트안에 입을 수 있을거같아요 ㅎㅎ 가슴은 파였지만 머리로 가리던가 하려구요. 등살이 없어서 등이 뜨긴합니다. 그래도 수선하면 불편할거같아서 입어요 ㅎㅎ",5.0,"{""사이즈"": ""큼"", ""색상"": ""같음"", ""소재"": ""같음""}",[]
300964307,비에이유 바이 브라이드앤유,[11차]ODETTE Square neck Three-quarter Sleeve H-line midi dress (Black/Off white),https://www.wconcept.co.kr/Product/300964307,1,4,dm******,2026.08.04,"1, BLACK",고민하다가 가격때문에 기다리던 중 세일하길래 바로샀습니다. 하루만에 배송왔고 너무 이쁘네요.. 고민하지마시고 주문하세요,5.0,"{""사이즈"": ""적당함"", ""색상"": ""같음"", ""소재"": ""같음""}","[""https://media.wconcept.co.kr/review/300964307/300964307_1785828775211.jpeg?RS=300""]"
300964307,비에이유 바이 브라이드앤유,[11차]ODETTE Square neck Three-quarter Sleeve H-line midi dress (Black/Off white),https://www.wconcept.co.kr/Product/300964307,1,5,ls******,2026.07.20,"2, OFF WHITE",예뻐요 매우 생각했던 것보다 훨씬 더 고급집니다,5.0,"{""사이즈"": ""큼"", ""색상"": ""비슷함"", ""소재"": ""비슷함""}",[]
300964307,비에이유 바이 브라이드앤유,[11차]ODETTE Square neck Three-quarter Sleeve H-line midi dress (Black/Off white),https://www.wconcept.co.kr/Product/300964307,1,6,tv******,2026.06.20,"1, BLACK",딱 떨어지는 핏에 소재탄탄하고 라인이 너무 이쁜 원피스에요 가슴쪽 신경쓰이지만 테이프붙이면될듯해용,5.0,"{""사이즈"": ""적당함"", ""색상"": ""같음"", ""소재"": ""같음""}","[""https://media.wconcept.co.kr/review/300964307/300964307_1781919409358.jpg?RS=300""]"
300964307,비에이유 바이 브라이드앤유,[11차]ODETTE Square neck Three-quarter Sleeve H-line midi dress (Black/Off white),https://www.wconcept.co.kr/Product/300964307,2,7,kw******,2026.06.04,"1, BLACK",핏하게 맞는데 신축성이 있어서 불편하진 않아요 군더더기없이 깔끔해서 유행없이 입을수 있어 너무 마음에 듭니다,5.0,"{""사이즈"": ""적당함"", ""색상"": ""같음"", ""소재"": ""같음""}","[""https://media.wconcept.co.kr/review/300964307/300964307_1780578683304.jpg?RS=300""]"
300964307,비에이유 바이 브라이드앤유,[11차]ODETTE Square neck Three-quarter Sleeve H-line midi dress (Black/Off white),https://www.wconcept.co.kr/Product/300964307,2,8,si******,2026.05.08,"1, OFF WHITE",가슴이 뜬다는거 걱정했는데 매무새 좀 신경쓰면서 입으면 충분히 입을만했습니다 너무 예쁘네요 강추,5.0,"{""사이즈"": ""적당함"", ""색상"": ""같음"", ""소재"": ""같음""}",[]
300964307,비에이유 바이 브라이드앤유,[11차]ODETTE Square neck Three-quarter Sleeve H-line midi dress (Black/Off white),https://www.wconcept.co.kr/Product/300964307,2,9,vi******,2026.04.19,"1, OFF WHITE",잘 입고 있어요 감사합니다,5.0,"{""사이즈"": ""적당함"", ""색상"": ""같음"", ""소재"": ""같음""}",[]
300964307,비에이유 바이 브라이드앤유,[11차]ODETTE Square neck Three-quarter Sleeve H-line midi dress (Black/Off white),https://www.wconcept.co.kr/Product/300964307,2,10,s_******,2026.04.06,"1, BLACK",2부드레스로 아주 깔끔하고 이쁘데 잘 입었어요 근데 가슴이 너무 뜹니다 ㅠㅠ ...,5.0,"{""사이즈"": ""적당함"", ""색상"": ""같음"", ""소재"": ""같음""}","[""https://media.wconcept.co.kr/review/300964307/300964307_1775470108420.jpeg?RS=300""]"
300964307,비에이유 바이 브라이드앤유,[11차]ODETTE Square neck Three-quarter Sleeve H-line midi dress (Black/Off white),https://www.wconcept.co.kr/Product/300964307,2,11,wh******,2026.04.02,"2, BLACK","아기 돌잔치용으로 구매했어요! 전체적인 디자인은 상세페이지와 동일합니다. 제가 하체 발달형이라 사이즈2를 구매했더니, 상체 쪽이 약간 어벙벙하니 살짝 뜨는(?) 느낌이더라구요. 1사이즈로 구매했다면 딱 맞게 잘 입었을거 같아요. 단정하니 결혼식이나 격식 차려야 하는 곳에 입고 가기 딱 좋을거 같네요!",5.0,"{""사이즈"": ""큼"", ""색상"": ""비슷함"", ""소재"": ""비슷함""}","[""https://media.wconcept.co.kr/review/300964307/300964307_1775103779752.jpeg?RS=300""]"
300964307,비에이유 바이 브라이드앤유,[11차]ODETTE Square neck Three-quarter Sleeve H-line midi dress (Black/Off white),https://www.wconcept.co.kr/Product/300964307,2,12,oh******,2026.03.21,"1, BLACK",라인을 딱 잡아줘서 날씬하게 보여요! 파여서 조금만 숙여도 가슴 다 보여서 어깨쪽에 살짝 꼬맷어요 ㅎㅎ 넘 예쁘구 만족합니당 ☺️,5.0,"{""사이즈"": ""적당함"", ""색상"": ""같음"", ""소재"": ""같음""}","[""https://media.wconcept.co.kr/review/300964307/300964307_1774096045057.jpeg?RS=300""]"
300964307,비에이유 바이 브라이드앤유,[11차]ODETTE Square neck Three-quarter Sleeve H-line midi dress (Black/Off white),https://www.wconcept.co.kr/Product/300964307,3,13,de******,2026.03.21,"1, BLACK","힙이 있는 편이라(많이) s사이즈 사면 작을까 싶었는데, 힙 빼고는 크게 살이 없어서 s가 좋았어요! M했으면 애매하게 커서 벙벙하고 세련된 느낌이 부족했을 것 같아요. 시누이 결혼식에 입었는데 아줌마가 이렇게 날씬하냐며 뼈말라 소리 들었습니다ㅋㅋㅋ강추강추 쇄골쪽이 많이 드러나서 격식있는 자리에서는 머리를 푸는게 단정해보여요!",5.0,"{""사이즈"": ""적당함"", ""색상"": ""같음"", ""소재"": ""같음""}","[""https://media.wconcept.co.kr/review/300964307/300964307_1774062695378.jpeg?RS=300""]"
300964307,비에이유 바이 브라이드앤유,[11차]ODETTE Square neck Three-quarter Sleeve H-line midi dress (Black/Off white),https://www.wconcept.co.kr/Product/300964307,3,14,cj******,2026.03.20,"1, BLACK","아멜리아 스퀘어넥 드레스와 엄청 고민하다가 오데뜨로 구매했는데, 굿 초이스 였던것 같아요. 입어보니 왜 후기가 많고 인기있는 상품인지 알겠더라구요. 너무 예뻐요. 너무. 리뷰에 많은 분들이 넥라인이 많이 파였다고 하셨는데, 그 부분은 정말 많이 그렇더라규요. 일단 끈있는 브라는 못할것 같아요. 스퀘어넥 라인자체가 커서 어깨선까지 와요. 그래서 끈이 바로 보이더라구요. 넓으니 당연히 안에가 보이죠. 그 부분은 스티커를 붙이던 조심하든 해야할것 같지만, 그 모든걸 다 해결해주듯 너무 예쁘다는게 장점입니다. 하객룩으로 입으려고 샀는데 두고두고 행사때마다 입어야겠어요!",5.0,"{""사이즈"": ""적당함"", ""색상"": ""같음"", ""소재"": ""같음""}",[]
300964307,비에이유 바이 브라이드앤유,[11차]ODETTE Square neck Three-quarter Sleeve H-line midi dress (Black/Off white),https://www.wconcept.co.kr/Product/300964307,3,15,an******,2026.02.24,"2, BLACK",2사이즈 딱 좋습니다! 재질도 넘 탄탄하구 기장도 딱 좋아요 다른 후기대로 가슴이 좀 파이긴 했는데 그것도 나름대로 마음에 들어요 포장도 너무 고급스럽게 와서 기분이 좋았어요 가격대 있지만 오래 잘 입을 것 같습니다 감사드려요😘,5.0,"{""사이즈"": ""적당함"", ""색상"": ""같음"", ""소재"": ""같음""}","[""https://media.wconcept.co.kr/review/300964307/300964307_1771934061805.jpg?RS=300"", ""https://media.wconcept.co.kr/review/300964307/300964307_1771934061698.jpeg?RS=300""]"
300964307,비에이유 바이 브라이드앤유,[11차]ODETTE Square neck Three-quarter Sleeve H-line midi dress (Black/Off white),https://www.wconcept.co.kr/Product/300964307,3,16,wc******,2026.02.19,"3, BLACK",하객룩으로 샀어요! 고급스럽고 소재가 좋아서 그런지 분위가 우아하네요 맘에들어요!,5.0,"{""사이즈"": ""적당함"", ""색상"": ""같음"", ""소재"": ""같음""}","[""https://media.wconcept.co.kr/review/300964307/300964307_1771507958200.jpg?RS=300""]"
300964307,비에이유 바이 브라이드앤유,[11차]ODETTE Square neck Three-quarter Sleeve H-line midi dress (Black/Off white),https://www.wconcept.co.kr/Product/300964307,3,17,bu******,2026.02.12,"1, BLACK",결혼식 피로연 원피스류 샀는데 딱 맞고 마음에 들어요! 원래 정장 바지 세트로 샀는데 결혼식 앞두고 살이 너무 빠져서 원피스를 새로 알아보다가 1사이즈로 골랐믄데 딱 맞더라고요 (171/53키로) 다만 다른분들이 말한 것 처럼 가슴이 숙이면 너무 많이 보야서 인사할때 손으로 가리고 다녔어요 그거빼곤 날씬해 보인다는 소리 많이 등었어요,5.0,"{""사이즈"": ""적당함"", ""색상"": ""같음"", ""소재"": ""같음""}","[""https://media.wconcept.co.kr/review/300964307/300964307_1770868775560.jpeg?RS=300""]"
300964307,비에이유 바이 브라이드앤유,[11차]ODETTE Square neck Three-quarter Sleeve H-line midi dress (Black/Off white),https://www.wconcept.co.kr/Product/300964307,3,18,ki******,2026.02.07,"3, BLACK",저에게는 팔 라인이 조금 애매한 것 같긴 하지만 격식있는 블랙원피스로 허리라인도 잘 잡혀있는 것 같아서 품습니다. 그리고 L사이즈까지 나오는거 정말 좋아요!,5.0,"{""사이즈"": ""적당함"", ""색상"": ""같음"", ""소재"": ""같음""}","[""https://media.wconcept.co.kr/review/300964307/300964307_1770466896142.jpeg?RS=300""]"
308839510,무니드,[단 하루!30%쿠폰] BREEZE BALLOON JUMPER - CHARCOAL,https://www.wconcept.co.kr/Product/308839510,1,1,wc******,2026.09.02,CHARCOAL O.S,비슷한 스타일 자켓이 많아서 구매 할까 말까 고민 많이했는데 역시나 구매 하길 잘했어요 적당한 핏에 자주자주 손이 갈것같습니다,5.0,"{""사이즈"": ""적당함"", ""색상"": ""비슷함"", ""소재"": ""비슷함""}","[""https://media.wconcept.co.kr/review/308839510/308839510_1788349506760.jpg?RS=300""]"
308839510,무니드,[단 하루!30%쿠폰] BREEZE BALLOON JUMPER - CHARCOAL,https://www.wconcept.co.kr/Product/308839510,1,2,wa******,2026.08.31,CHARCOAL O.S,하나 더 삽니다 동생이 마음에 든다고 입어서 저는 같이 입는건 싫어서 하나 더 사요,5.0,"{""사이즈"": ""적당함"", ""색상"": ""비슷함"", ""소재"": ""비슷함""}","[""https://media.wconcept.co.kr/review/308839510/308839510_1788163116028.jpg?RS=300""]"
308839510,무니드,[단 하루!30%쿠폰] BREEZE BALLOON JUMPER - CHARCOAL,https://www.wconcept.co.kr/Product/308839510,1,3,wa******,2026.08.22,CHARCOAL O.S,이런 비슷한 옷 많은데 또 사게 되네요 가볍고 편해요 사진으로는 두께감 있게 보였는데 많이 두껍지 않아서 가을 되면은 잘 입을 것 같습니다,5.0,"{""사이즈"": ""적당함"", ""색상"": ""같음"", ""소재"": ""비슷함""}","[""https://media.wconcept.co.kr/review/308839510/308839510_1787397830537.jpg?RS=300""]"
